vendor,chip,chip_tops,model,task,input_size,precision,metric,value,unit,runtime,source_url,notes
Rockchip,RK3566/RK3568,,mobilenetv2-12,mobilenet,"[1, 3, 224, 224]",INT8,fps,180.7,fps,RKNN (rknn_model_zoo demo),https://github.com/airockchip/rknn_model_zoo/blob/main/README.md,image-model FPS from rknn_model_zoo table; max NPU frequency; model inference time only (excludes pre/post-processing unless specified); batch 1; one column shared by RK3566 and RK3568 in source
Rockchip,RK3562,,mobilenetv2-12,mobilenet,"[1, 3, 224, 224]",INT8,fps,281.3,fps,RKNN (rknn_model_zoo demo),https://github.com/airockchip/rknn_model_zoo/blob/main/README.md,image-model FPS from rknn_model_zoo table; max NPU frequency; model inference time only (excludes pre/post-processing unless specified); batch 1
Rockchip,RK3588,,mobilenetv2-12,mobilenet,"[1, 3, 224, 224]",INT8,fps,450.7,fps,RKNN (rknn_model_zoo demo),https://github.com/airockchip/rknn_model_zoo/blob/main/README.md,image-model FPS from rknn_model_zoo table; max NPU frequency; model inference time only (excludes pre/post-processing unless specified); batch 1; single NPU core
Rockchip,RK3576,,mobilenetv2-12,mobilenet,"[1, 3, 224, 224]",INT8,fps,467.0,fps,RKNN (rknn_model_zoo demo),https://github.com/airockchip/rknn_model_zoo/blob/main/README.md,image-model FPS from rknn_model_zoo table; max NPU frequency; model inference time only (excludes pre/post-processing unless specified); batch 1; single NPU core
Rockchip,RV1109,,mobilenetv2-12,mobilenet,"[1, 3, 224, 224]",INT8,fps,212.9,fps,RKNN (rknn_model_zoo demo),https://github.com/airockchip/rknn_model_zoo/blob/main/README.md,image-model FPS from rknn_model_zoo table; max NPU frequency; model inference time only (excludes pre/post-processing unless specified); batch 1
Rockchip,RV1126,,mobilenetv2-12,mobilenet,"[1, 3, 224, 224]",INT8,fps,322.3,fps,RKNN (rknn_model_zoo demo),https://github.com/airockchip/rknn_model_zoo/blob/main/README.md,image-model FPS from rknn_model_zoo table; max NPU frequency; model inference time only (excludes pre/post-processing unless specified); batch 1
Rockchip,RK1808,,mobilenetv2-12,mobilenet,"[1, 3, 224, 224]",INT8,fps,170.3,fps,RKNN (rknn_model_zoo demo),https://github.com/airockchip/rknn_model_zoo/blob/main/README.md,image-model FPS from rknn_model_zoo table; max NPU frequency; model inference time only (excludes pre/post-processing unless specified); batch 1
Rockchip,RK3566/RK3568,,resnet50-v2-7,resnet,"[1, 3, 224, 224]",INT8,fps,37.9,fps,RKNN (rknn_model_zoo demo),https://github.com/airockchip/rknn_model_zoo/blob/main/README.md,image-model FPS from rknn_model_zoo table; max NPU frequency; model inference time only (excludes pre/post-processing unless specified); batch 1; one column shared by RK3566 and RK3568 in source
Rockchip,RK3562,,resnet50-v2-7,resnet,"[1, 3, 224, 224]",INT8,fps,54.9,fps,RKNN (rknn_model_zoo demo),https://github.com/airockchip/rknn_model_zoo/blob/main/README.md,image-model FPS from rknn_model_zoo table; max NPU frequency; model inference time only (excludes pre/post-processing unless specified); batch 1
Rockchip,RK3588,,resnet50-v2-7,resnet,"[1, 3, 224, 224]",INT8,fps,110.1,fps,RKNN (rknn_model_zoo demo),https://github.com/airockchip/rknn_model_zoo/blob/main/README.md,image-model FPS from rknn_model_zoo table; max NPU frequency; model inference time only (excludes pre/post-processing unless specified); batch 1; single NPU core
Rockchip,RK3576,,resnet50-v2-7,resnet,"[1, 3, 224, 224]",INT8,fps,99.0,fps,RKNN (rknn_model_zoo demo),https://github.com/airockchip/rknn_model_zoo/blob/main/README.md,image-model FPS from rknn_model_zoo table; max NPU frequency; model inference time only (excludes pre/post-processing unless specified); batch 1; single NPU core
Rockchip,RV1109,,resnet50-v2-7,resnet,"[1, 3, 224, 224]",INT8,fps,24.4,fps,RKNN (rknn_model_zoo demo),https://github.com/airockchip/rknn_model_zoo/blob/main/README.md,image-model FPS from rknn_model_zoo table; max NPU frequency; model inference time only (excludes pre/post-processing unless specified); batch 1
Rockchip,RV1126,,resnet50-v2-7,resnet,"[1, 3, 224, 224]",INT8,fps,36.2,fps,RKNN (rknn_model_zoo demo),https://github.com/airockchip/rknn_model_zoo/blob/main/README.md,image-model FPS from rknn_model_zoo table; max NPU frequency; model inference time only (excludes pre/post-processing unless specified); batch 1
Rockchip,RK1808,,resnet50-v2-7,resnet,"[1, 3, 224, 224]",INT8,fps,37.1,fps,RKNN (rknn_model_zoo demo),https://github.com/airockchip/rknn_model_zoo/blob/main/README.md,image-model FPS from rknn_model_zoo table; max NPU frequency; model inference time only (excludes pre/post-processing unless specified); batch 1
Rockchip,RK3566/RK3568,,yolov5s_relu,yolov5,"[1, 3, 640, 640]",INT8,fps,25.5,fps,RKNN (rknn_model_zoo demo),https://github.com/airockchip/rknn_model_zoo/blob/main/README.md,image-model FPS from rknn_model_zoo table; max NPU frequency; model inference time only (excludes pre/post-processing unless specified); batch 1; one column shared by RK3566 and RK3568 in source
Rockchip,RK3562,,yolov5s_relu,yolov5,"[1, 3, 640, 640]",INT8,fps,33.2,fps,RKNN (rknn_model_zoo demo),https://github.com/airockchip/rknn_model_zoo/blob/main/README.md,image-model FPS from rknn_model_zoo table; max NPU frequency; model inference time only (excludes pre/post-processing unless specified); batch 1
Rockchip,RK3588,,yolov5s_relu,yolov5,"[1, 3, 640, 640]",INT8,fps,66.1,fps,RKNN (rknn_model_zoo demo),https://github.com/airockchip/rknn_model_zoo/blob/main/README.md,image-model FPS from rknn_model_zoo table; max NPU frequency; model inference time only (excludes pre/post-processing unless specified); batch 1; single NPU core
Rockchip,RK3576,,yolov5s_relu,yolov5,"[1, 3, 640, 640]",INT8,fps,65.0,fps,RKNN (rknn_model_zoo demo),https://github.com/airockchip/rknn_model_zoo/blob/main/README.md,image-model FPS from rknn_model_zoo table; max NPU frequency; model inference time only (excludes pre/post-processing unless specified); batch 1; single NPU core
Rockchip,RV1109,,yolov5s_relu,yolov5,"[1, 3, 640, 640]",INT8,fps,20.2,fps,RKNN (rknn_model_zoo demo),https://github.com/airockchip/rknn_model_zoo/blob/main/README.md,image-model FPS from rknn_model_zoo table; max NPU frequency; model inference time only (excludes pre/post-processing unless specified); batch 1
Rockchip,RV1126,,yolov5s_relu,yolov5,"[1, 3, 640, 640]",INT8,fps,29.2,fps,RKNN (rknn_model_zoo demo),https://github.com/airockchip/rknn_model_zoo/blob/main/README.md,image-model FPS from rknn_model_zoo table; max NPU frequency; model inference time only (excludes pre/post-processing unless specified); batch 1
Rockchip,RK1808,,yolov5s_relu,yolov5,"[1, 3, 640, 640]",INT8,fps,37.2,fps,RKNN (rknn_model_zoo demo),https://github.com/airockchip/rknn_model_zoo/blob/main/README.md,image-model FPS from rknn_model_zoo table; max NPU frequency; model inference time only (excludes pre/post-processing unless specified); batch 1
Rockchip,RK3566/RK3568,,yolov5n,yolov5,"[1, 3, 640, 640]",INT8,fps,39.7,fps,RKNN (rknn_model_zoo demo),https://github.com/airockchip/rknn_model_zoo/blob/main/README.md,image-model FPS from rknn_model_zoo table; max NPU frequency; model inference time only (excludes pre/post-processing unless specified); batch 1; one column shared by RK3566 and RK3568 in source
Rockchip,RK3562,,yolov5n,yolov5,"[1, 3, 640, 640]",INT8,fps,47.4,fps,RKNN (rknn_model_zoo demo),https://github.com/airockchip/rknn_model_zoo/blob/main/README.md,image-model FPS from rknn_model_zoo table; max NPU frequency; model inference time only (excludes pre/post-processing unless specified); batch 1
Rockchip,RK3588,,yolov5n,yolov5,"[1, 3, 640, 640]",INT8,fps,82.5,fps,RKNN (rknn_model_zoo demo),https://github.com/airockchip/rknn_model_zoo/blob/main/README.md,image-model FPS from rknn_model_zoo table; max NPU frequency; model inference time only (excludes pre/post-processing unless specified); batch 1; single NPU core
Rockchip,RK3576,,yolov5n,yolov5,"[1, 3, 640, 640]",INT8,fps,112.7,fps,RKNN (rknn_model_zoo demo),https://github.com/airockchip/rknn_model_zoo/blob/main/README.md,image-model FPS from rknn_model_zoo table; max NPU frequency; model inference time only (excludes pre/post-processing unless specified); batch 1; single NPU core
Rockchip,RV1109,,yolov5n,yolov5,"[1, 3, 640, 640]",INT8,fps,36.3,fps,RKNN (rknn_model_zoo demo),https://github.com/airockchip/rknn_model_zoo/blob/main/README.md,image-model FPS from rknn_model_zoo table; max NPU frequency; model inference time only (excludes pre/post-processing unless specified); batch 1
Rockchip,RV1126,,yolov5n,yolov5,"[1, 3, 640, 640]",INT8,fps,53.2,fps,RKNN (rknn_model_zoo demo),https://github.com/airockchip/rknn_model_zoo/blob/main/README.md,image-model FPS from rknn_model_zoo table; max NPU frequency; model inference time only (excludes pre/post-processing unless specified); batch 1
Rockchip,RK1808,,yolov5n,yolov5,"[1, 3, 640, 640]",INT8,fps,61.2,fps,RKNN (rknn_model_zoo demo),https://github.com/airockchip/rknn_model_zoo/blob/main/README.md,image-model FPS from rknn_model_zoo table; max NPU frequency; model inference time only (excludes pre/post-processing unless specified); batch 1
Rockchip,RK3566/RK3568,,yolov5s,yolov5,"[1, 3, 640, 640]",INT8,fps,19.3,fps,RKNN (rknn_model_zoo demo),https://github.com/airockchip/rknn_model_zoo/blob/main/README.md,image-model FPS from rknn_model_zoo table; max NPU frequency; model inference time only (excludes pre/post-processing unless specified); batch 1; one column shared by RK3566 and RK3568 in source
Rockchip,RK3562,,yolov5s,yolov5,"[1, 3, 640, 640]",INT8,fps,23.6,fps,RKNN (rknn_model_zoo demo),https://github.com/airockchip/rknn_model_zoo/blob/main/README.md,image-model FPS from rknn_model_zoo table; max NPU frequency; model inference time only (excludes pre/post-processing unless specified); batch 1
Rockchip,RK3588,,yolov5s,yolov5,"[1, 3, 640, 640]",INT8,fps,48.4,fps,RKNN (rknn_model_zoo demo),https://github.com/airockchip/rknn_model_zoo/blob/main/README.md,image-model FPS from rknn_model_zoo table; max NPU frequency; model inference time only (excludes pre/post-processing unless specified); batch 1; single NPU core
Rockchip,RK3576,,yolov5s,yolov5,"[1, 3, 640, 640]",INT8,fps,57.5,fps,RKNN (rknn_model_zoo demo),https://github.com/airockchip/rknn_model_zoo/blob/main/README.md,image-model FPS from rknn_model_zoo table; max NPU frequency; model inference time only (excludes pre/post-processing unless specified); batch 1; single NPU core
Rockchip,RV1109,,yolov5s,yolov5,"[1, 3, 640, 640]",INT8,fps,13.6,fps,RKNN (rknn_model_zoo demo),https://github.com/airockchip/rknn_model_zoo/blob/main/README.md,image-model FPS from rknn_model_zoo table; max NPU frequency; model inference time only (excludes pre/post-processing unless specified); batch 1
Rockchip,RV1126,,yolov5s,yolov5,"[1, 3, 640, 640]",INT8,fps,20.0,fps,RKNN (rknn_model_zoo demo),https://github.com/airockchip/rknn_model_zoo/blob/main/README.md,image-model FPS from rknn_model_zoo table; max NPU frequency; model inference time only (excludes pre/post-processing unless specified); batch 1
Rockchip,RK1808,,yolov5s,yolov5,"[1, 3, 640, 640]",INT8,fps,28.2,fps,RKNN (rknn_model_zoo demo),https://github.com/airockchip/rknn_model_zoo/blob/main/README.md,image-model FPS from rknn_model_zoo table; max NPU frequency; model inference time only (excludes pre/post-processing unless specified); batch 1
Rockchip,RK3566/RK3568,,yolov5m,yolov5,"[1, 3, 640, 640]",INT8,fps,8.6,fps,RKNN (rknn_model_zoo demo),https://github.com/airockchip/rknn_model_zoo/blob/main/README.md,image-model FPS from rknn_model_zoo table; max NPU frequency; model inference time only (excludes pre/post-processing unless specified); batch 1; one column shared by RK3566 and RK3568 in source
Rockchip,RK3562,,yolov5m,yolov5,"[1, 3, 640, 640]",INT8,fps,10.8,fps,RKNN (rknn_model_zoo demo),https://github.com/airockchip/rknn_model_zoo/blob/main/README.md,image-model FPS from rknn_model_zoo table; max NPU frequency; model inference time only (excludes pre/post-processing unless specified); batch 1
Rockchip,RK3588,,yolov5m,yolov5,"[1, 3, 640, 640]",INT8,fps,20.9,fps,RKNN (rknn_model_zoo demo),https://github.com/airockchip/rknn_model_zoo/blob/main/README.md,image-model FPS from rknn_model_zoo table; max NPU frequency; model inference time only (excludes pre/post-processing unless specified); batch 1; single NPU core
Rockchip,RK3576,,yolov5m,yolov5,"[1, 3, 640, 640]",INT8,fps,23.7,fps,RKNN (rknn_model_zoo demo),https://github.com/airockchip/rknn_model_zoo/blob/main/README.md,image-model FPS from rknn_model_zoo table; max NPU frequency; model inference time only (excludes pre/post-processing unless specified); batch 1; single NPU core
Rockchip,RV1109,,yolov5m,yolov5,"[1, 3, 640, 640]",INT8,fps,5.8,fps,RKNN (rknn_model_zoo demo),https://github.com/airockchip/rknn_model_zoo/blob/main/README.md,image-model FPS from rknn_model_zoo table; max NPU frequency; model inference time only (excludes pre/post-processing unless specified); batch 1
Rockchip,RV1126,,yolov5m,yolov5,"[1, 3, 640, 640]",INT8,fps,8.5,fps,RKNN (rknn_model_zoo demo),https://github.com/airockchip/rknn_model_zoo/blob/main/README.md,image-model FPS from rknn_model_zoo table; max NPU frequency; model inference time only (excludes pre/post-processing unless specified); batch 1
Rockchip,RK1808,,yolov5m,yolov5,"[1, 3, 640, 640]",INT8,fps,13.3,fps,RKNN (rknn_model_zoo demo),https://github.com/airockchip/rknn_model_zoo/blob/main/README.md,image-model FPS from rknn_model_zoo table; max NPU frequency; model inference time only (excludes pre/post-processing unless specified); batch 1
Rockchip,RK3566/RK3568,,yolov6n,yolov6,"[1, 3, 640, 640]",INT8,fps,48.8,fps,RKNN (rknn_model_zoo demo),https://github.com/airockchip/rknn_model_zoo/blob/main/README.md,image-model FPS from rknn_model_zoo table; max NPU frequency; model inference time only (excludes pre/post-processing unless specified); batch 1; one column shared by RK3566 and RK3568 in source
Rockchip,RK3562,,yolov6n,yolov6,"[1, 3, 640, 640]",INT8,fps,56.4,fps,RKNN (rknn_model_zoo demo),https://github.com/airockchip/rknn_model_zoo/blob/main/README.md,image-model FPS from rknn_model_zoo table; max NPU frequency; model inference time only (excludes pre/post-processing unless specified); batch 1
Rockchip,RK3588,,yolov6n,yolov6,"[1, 3, 640, 640]",INT8,fps,106.4,fps,RKNN (rknn_model_zoo demo),https://github.com/airockchip/rknn_model_zoo/blob/main/README.md,image-model FPS from rknn_model_zoo table; max NPU frequency; model inference time only (excludes pre/post-processing unless specified); batch 1; single NPU core
Rockchip,RK3576,,yolov6n,yolov6,"[1, 3, 640, 640]",INT8,fps,109.1,fps,RKNN (rknn_model_zoo demo),https://github.com/airockchip/rknn_model_zoo/blob/main/README.md,image-model FPS from rknn_model_zoo table; max NPU frequency; model inference time only (excludes pre/post-processing unless specified); batch 1; single NPU core
Rockchip,RV1109,,yolov6n,yolov6,"[1, 3, 640, 640]",INT8,fps,37.8,fps,RKNN (rknn_model_zoo demo),https://github.com/airockchip/rknn_model_zoo/blob/main/README.md,image-model FPS from rknn_model_zoo table; max NPU frequency; model inference time only (excludes pre/post-processing unless specified); batch 1
Rockchip,RV1126,,yolov6n,yolov6,"[1, 3, 640, 640]",INT8,fps,56.8,fps,RKNN (rknn_model_zoo demo),https://github.com/airockchip/rknn_model_zoo/blob/main/README.md,image-model FPS from rknn_model_zoo table; max NPU frequency; model inference time only (excludes pre/post-processing unless specified); batch 1
Rockchip,RK1808,,yolov6n,yolov6,"[1, 3, 640, 640]",INT8,fps,66.8,fps,RKNN (rknn_model_zoo demo),https://github.com/airockchip/rknn_model_zoo/blob/main/README.md,image-model FPS from rknn_model_zoo table; max NPU frequency; model inference time only (excludes pre/post-processing unless specified); batch 1
Rockchip,RK3566/RK3568,,yolov6s,yolov6,"[1, 3, 640, 640]",INT8,fps,15.2,fps,RKNN (rknn_model_zoo demo),https://github.com/airockchip/rknn_model_zoo/blob/main/README.md,image-model FPS from rknn_model_zoo table; max NPU frequency; model inference time only (excludes pre/post-processing unless specified); batch 1; one column shared by RK3566 and RK3568 in source
Rockchip,RK3562,,yolov6s,yolov6,"[1, 3, 640, 640]",INT8,fps,17.3,fps,RKNN (rknn_model_zoo demo),https://github.com/airockchip/rknn_model_zoo/blob/main/README.md,image-model FPS from rknn_model_zoo table; max NPU frequency; model inference time only (excludes pre/post-processing unless specified); batch 1
Rockchip,RK3588,,yolov6s,yolov6,"[1, 3, 640, 640]",INT8,fps,36.4,fps,RKNN (rknn_model_zoo demo),https://github.com/airockchip/rknn_model_zoo/blob/main/README.md,image-model FPS from rknn_model_zoo table; max NPU frequency; model inference time only (excludes pre/post-processing unless specified); batch 1; single NPU core
Rockchip,RK3576,,yolov6s,yolov6,"[1, 3, 640, 640]",INT8,fps,35.0,fps,RKNN (rknn_model_zoo demo),https://github.com/airockchip/rknn_model_zoo/blob/main/README.md,image-model FPS from rknn_model_zoo table; max NPU frequency; model inference time only (excludes pre/post-processing unless specified); batch 1; single NPU core
Rockchip,RV1109,,yolov6s,yolov6,"[1, 3, 640, 640]",INT8,fps,10.8,fps,RKNN (rknn_model_zoo demo),https://github.com/airockchip/rknn_model_zoo/blob/main/README.md,image-model FPS from rknn_model_zoo table; max NPU frequency; model inference time only (excludes pre/post-processing unless specified); batch 1
Rockchip,RV1126,,yolov6s,yolov6,"[1, 3, 640, 640]",INT8,fps,16.3,fps,RKNN (rknn_model_zoo demo),https://github.com/airockchip/rknn_model_zoo/blob/main/README.md,image-model FPS from rknn_model_zoo table; max NPU frequency; model inference time only (excludes pre/post-processing unless specified); batch 1
Rockchip,RK1808,,yolov6s,yolov6,"[1, 3, 640, 640]",INT8,fps,24.1,fps,RKNN (rknn_model_zoo demo),https://github.com/airockchip/rknn_model_zoo/blob/main/README.md,image-model FPS from rknn_model_zoo table; max NPU frequency; model inference time only (excludes pre/post-processing unless specified); batch 1
Rockchip,RK3566/RK3568,,yolov6m,yolov6,"[1, 3, 640, 640]",INT8,fps,7.2,fps,RKNN (rknn_model_zoo demo),https://github.com/airockchip/rknn_model_zoo/blob/main/README.md,image-model FPS from rknn_model_zoo table; max NPU frequency; model inference time only (excludes pre/post-processing unless specified); batch 1; one column shared by RK3566 and RK3568 in source
Rockchip,RK3562,,yolov6m,yolov6,"[1, 3, 640, 640]",INT8,fps,8.6,fps,RKNN (rknn_model_zoo demo),https://github.com/airockchip/rknn_model_zoo/blob/main/README.md,image-model FPS from rknn_model_zoo table; max NPU frequency; model inference time only (excludes pre/post-processing unless specified); batch 1
Rockchip,RK3588,,yolov6m,yolov6,"[1, 3, 640, 640]",INT8,fps,17.8,fps,RKNN (rknn_model_zoo demo),https://github.com/airockchip/rknn_model_zoo/blob/main/README.md,image-model FPS from rknn_model_zoo table; max NPU frequency; model inference time only (excludes pre/post-processing unless specified); batch 1; single NPU core
Rockchip,RK3576,,yolov6m,yolov6,"[1, 3, 640, 640]",INT8,fps,17.4,fps,RKNN (rknn_model_zoo demo),https://github.com/airockchip/rknn_model_zoo/blob/main/README.md,image-model FPS from rknn_model_zoo table; max NPU frequency; model inference time only (excludes pre/post-processing unless specified); batch 1; single NPU core
Rockchip,RV1109,,yolov6m,yolov6,"[1, 3, 640, 640]",INT8,fps,5.6,fps,RKNN (rknn_model_zoo demo),https://github.com/airockchip/rknn_model_zoo/blob/main/README.md,image-model FPS from rknn_model_zoo table; max NPU frequency; model inference time only (excludes pre/post-processing unless specified); batch 1
Rockchip,RV1126,,yolov6m,yolov6,"[1, 3, 640, 640]",INT8,fps,8.3,fps,RKNN (rknn_model_zoo demo),https://github.com/airockchip/rknn_model_zoo/blob/main/README.md,image-model FPS from rknn_model_zoo table; max NPU frequency; model inference time only (excludes pre/post-processing unless specified); batch 1
Rockchip,RK1808,,yolov6m,yolov6,"[1, 3, 640, 640]",INT8,fps,11.5,fps,RKNN (rknn_model_zoo demo),https://github.com/airockchip/rknn_model_zoo/blob/main/README.md,image-model FPS from rknn_model_zoo table; max NPU frequency; model inference time only (excludes pre/post-processing unless specified); batch 1
Rockchip,RK3566/RK3568,,yolov7-tiny,yolov7,"[1, 3, 640, 640]",INT8,fps,27.9,fps,RKNN (rknn_model_zoo demo),https://github.com/airockchip/rknn_model_zoo/blob/main/README.md,image-model FPS from rknn_model_zoo table; max NPU frequency; model inference time only (excludes pre/post-processing unless specified); batch 1; one column shared by RK3566 and RK3568 in source
Rockchip,RK3562,,yolov7-tiny,yolov7,"[1, 3, 640, 640]",INT8,fps,36.5,fps,RKNN (rknn_model_zoo demo),https://github.com/airockchip/rknn_model_zoo/blob/main/README.md,image-model FPS from rknn_model_zoo table; max NPU frequency; model inference time only (excludes pre/post-processing unless specified); batch 1
Rockchip,RK3588,,yolov7-tiny,yolov7,"[1, 3, 640, 640]",INT8,fps,72.7,fps,RKNN (rknn_model_zoo demo),https://github.com/airockchip/rknn_model_zoo/blob/main/README.md,image-model FPS from rknn_model_zoo table; max NPU frequency; model inference time only (excludes pre/post-processing unless specified); batch 1; single NPU core
Rockchip,RK3576,,yolov7-tiny,yolov7,"[1, 3, 640, 640]",INT8,fps,74.8,fps,RKNN (rknn_model_zoo demo),https://github.com/airockchip/rknn_model_zoo/blob/main/README.md,image-model FPS from rknn_model_zoo table; max NPU frequency; model inference time only (excludes pre/post-processing unless specified); batch 1; single NPU core
Rockchip,RV1109,,yolov7-tiny,yolov7,"[1, 3, 640, 640]",INT8,fps,15.4,fps,RKNN (rknn_model_zoo demo),https://github.com/airockchip/rknn_model_zoo/blob/main/README.md,image-model FPS from rknn_model_zoo table; max NPU frequency; model inference time only (excludes pre/post-processing unless specified); batch 1
Rockchip,RV1126,,yolov7-tiny,yolov7,"[1, 3, 640, 640]",INT8,fps,22.4,fps,RKNN (rknn_model_zoo demo),https://github.com/airockchip/rknn_model_zoo/blob/main/README.md,image-model FPS from rknn_model_zoo table; max NPU frequency; model inference time only (excludes pre/post-processing unless specified); batch 1
Rockchip,RK1808,,yolov7-tiny,yolov7,"[1, 3, 640, 640]",INT8,fps,37.2,fps,RKNN (rknn_model_zoo demo),https://github.com/airockchip/rknn_model_zoo/blob/main/README.md,image-model FPS from rknn_model_zoo table; max NPU frequency; model inference time only (excludes pre/post-processing unless specified); batch 1
Rockchip,RK3566/RK3568,,yolov7,yolov7,"[1, 3, 640, 640]",INT8,fps,4.6,fps,RKNN (rknn_model_zoo demo),https://github.com/airockchip/rknn_model_zoo/blob/main/README.md,image-model FPS from rknn_model_zoo table; max NPU frequency; model inference time only (excludes pre/post-processing unless specified); batch 1; one column shared by RK3566 and RK3568 in source
Rockchip,RK3562,,yolov7,yolov7,"[1, 3, 640, 640]",INT8,fps,5.9,fps,RKNN (rknn_model_zoo demo),https://github.com/airockchip/rknn_model_zoo/blob/main/README.md,image-model FPS from rknn_model_zoo table; max NPU frequency; model inference time only (excludes pre/post-processing unless specified); batch 1
Rockchip,RK3588,,yolov7,yolov7,"[1, 3, 640, 640]",INT8,fps,11.4,fps,RKNN (rknn_model_zoo demo),https://github.com/airockchip/rknn_model_zoo/blob/main/README.md,image-model FPS from rknn_model_zoo table; max NPU frequency; model inference time only (excludes pre/post-processing unless specified); batch 1; single NPU core
Rockchip,RK3576,,yolov7,yolov7,"[1, 3, 640, 640]",INT8,fps,13.0,fps,RKNN (rknn_model_zoo demo),https://github.com/airockchip/rknn_model_zoo/blob/main/README.md,image-model FPS from rknn_model_zoo table; max NPU frequency; model inference time only (excludes pre/post-processing unless specified); batch 1; single NPU core
Rockchip,RV1109,,yolov7,yolov7,"[1, 3, 640, 640]",INT8,fps,3.3,fps,RKNN (rknn_model_zoo demo),https://github.com/airockchip/rknn_model_zoo/blob/main/README.md,image-model FPS from rknn_model_zoo table; max NPU frequency; model inference time only (excludes pre/post-processing unless specified); batch 1
Rockchip,RV1126,,yolov7,yolov7,"[1, 3, 640, 640]",INT8,fps,4.8,fps,RKNN (rknn_model_zoo demo),https://github.com/airockchip/rknn_model_zoo/blob/main/README.md,image-model FPS from rknn_model_zoo table; max NPU frequency; model inference time only (excludes pre/post-processing unless specified); batch 1
Rockchip,RK1808,,yolov7,yolov7,"[1, 3, 640, 640]",INT8,fps,7.4,fps,RKNN (rknn_model_zoo demo),https://github.com/airockchip/rknn_model_zoo/blob/main/README.md,image-model FPS from rknn_model_zoo table; max NPU frequency; model inference time only (excludes pre/post-processing unless specified); batch 1
Rockchip,RK3566/RK3568,,yolov8n,yolov8,"[1, 3, 640, 640]",INT8,fps,34.0,fps,RKNN (rknn_model_zoo demo),https://github.com/airockchip/rknn_model_zoo/blob/main/README.md,image-model FPS from rknn_model_zoo table; max NPU frequency; model inference time only (excludes pre/post-processing unless specified); batch 1; one column shared by RK3566 and RK3568 in source
Rockchip,RK3562,,yolov8n,yolov8,"[1, 3, 640, 640]",INT8,fps,40.9,fps,RKNN (rknn_model_zoo demo),https://github.com/airockchip/rknn_model_zoo/blob/main/README.md,image-model FPS from rknn_model_zoo table; max NPU frequency; model inference time only (excludes pre/post-processing unless specified); batch 1
Rockchip,RK3588,,yolov8n,yolov8,"[1, 3, 640, 640]",INT8,fps,73.5,fps,RKNN (rknn_model_zoo demo),https://github.com/airockchip/rknn_model_zoo/blob/main/README.md,image-model FPS from rknn_model_zoo table; max NPU frequency; model inference time only (excludes pre/post-processing unless specified); batch 1; single NPU core
Rockchip,RK3576,,yolov8n,yolov8,"[1, 3, 640, 640]",INT8,fps,90.2,fps,RKNN (rknn_model_zoo demo),https://github.com/airockchip/rknn_model_zoo/blob/main/README.md,image-model FPS from rknn_model_zoo table; max NPU frequency; model inference time only (excludes pre/post-processing unless specified); batch 1; single NPU core
Rockchip,RV1109,,yolov8n,yolov8,"[1, 3, 640, 640]",INT8,fps,24.0,fps,RKNN (rknn_model_zoo demo),https://github.com/airockchip/rknn_model_zoo/blob/main/README.md,image-model FPS from rknn_model_zoo table; max NPU frequency; model inference time only (excludes pre/post-processing unless specified); batch 1
Rockchip,RV1126,,yolov8n,yolov8,"[1, 3, 640, 640]",INT8,fps,35.4,fps,RKNN (rknn_model_zoo demo),https://github.com/airockchip/rknn_model_zoo/blob/main/README.md,image-model FPS from rknn_model_zoo table; max NPU frequency; model inference time only (excludes pre/post-processing unless specified); batch 1
Rockchip,RK1808,,yolov8n,yolov8,"[1, 3, 640, 640]",INT8,fps,42.3,fps,RKNN (rknn_model_zoo demo),https://github.com/airockchip/rknn_model_zoo/blob/main/README.md,image-model FPS from rknn_model_zoo table; max NPU frequency; model inference time only (excludes pre/post-processing unless specified); batch 1
Rockchip,RK3566/RK3568,,yolov8s,yolov8,"[1, 3, 640, 640]",INT8,fps,15.1,fps,RKNN (rknn_model_zoo demo),https://github.com/airockchip/rknn_model_zoo/blob/main/README.md,image-model FPS from rknn_model_zoo table; max NPU frequency; model inference time only (excludes pre/post-processing unless specified); batch 1; one column shared by RK3566 and RK3568 in source
Rockchip,RK3562,,yolov8s,yolov8,"[1, 3, 640, 640]",INT8,fps,18.4,fps,RKNN (rknn_model_zoo demo),https://github.com/airockchip/rknn_model_zoo/blob/main/README.md,image-model FPS from rknn_model_zoo table; max NPU frequency; model inference time only (excludes pre/post-processing unless specified); batch 1
Rockchip,RK3588,,yolov8s,yolov8,"[1, 3, 640, 640]",INT8,fps,38.0,fps,RKNN (rknn_model_zoo demo),https://github.com/airockchip/rknn_model_zoo/blob/main/README.md,image-model FPS from rknn_model_zoo table; max NPU frequency; model inference time only (excludes pre/post-processing unless specified); batch 1; single NPU core
Rockchip,RK3576,,yolov8s,yolov8,"[1, 3, 640, 640]",INT8,fps,40.8,fps,RKNN (rknn_model_zoo demo),https://github.com/airockchip/rknn_model_zoo/blob/main/README.md,image-model FPS from rknn_model_zoo table; max NPU frequency; model inference time only (excludes pre/post-processing unless specified); batch 1; single NPU core
Rockchip,RV1109,,yolov8s,yolov8,"[1, 3, 640, 640]",INT8,fps,8.9,fps,RKNN (rknn_model_zoo demo),https://github.com/airockchip/rknn_model_zoo/blob/main/README.md,image-model FPS from rknn_model_zoo table; max NPU frequency; model inference time only (excludes pre/post-processing unless specified); batch 1
Rockchip,RV1126,,yolov8s,yolov8,"[1, 3, 640, 640]",INT8,fps,13.1,fps,RKNN (rknn_model_zoo demo),https://github.com/airockchip/rknn_model_zoo/blob/main/README.md,image-model FPS from rknn_model_zoo table; max NPU frequency; model inference time only (excludes pre/post-processing unless specified); batch 1
Rockchip,RK1808,,yolov8s,yolov8,"[1, 3, 640, 640]",INT8,fps,19.1,fps,RKNN (rknn_model_zoo demo),https://github.com/airockchip/rknn_model_zoo/blob/main/README.md,image-model FPS from rknn_model_zoo table; max NPU frequency; model inference time only (excludes pre/post-processing unless specified); batch 1
Rockchip,RK3566/RK3568,,yolov8m,yolov8,"[1, 3, 640, 640]",INT8,fps,6.5,fps,RKNN (rknn_model_zoo demo),https://github.com/airockchip/rknn_model_zoo/blob/main/README.md,image-model FPS from rknn_model_zoo table; max NPU frequency; model inference time only (excludes pre/post-processing unless specified); batch 1; one column shared by RK3566 and RK3568 in source
Rockchip,RK3562,,yolov8m,yolov8,"[1, 3, 640, 640]",INT8,fps,8.2,fps,RKNN (rknn_model_zoo demo),https://github.com/airockchip/rknn_model_zoo/blob/main/README.md,image-model FPS from rknn_model_zoo table; max NPU frequency; model inference time only (excludes pre/post-processing unless specified); batch 1
Rockchip,RK3588,,yolov8m,yolov8,"[1, 3, 640, 640]",INT8,fps,16.2,fps,RKNN (rknn_model_zoo demo),https://github.com/airockchip/rknn_model_zoo/blob/main/README.md,image-model FPS from rknn_model_zoo table; max NPU frequency; model inference time only (excludes pre/post-processing unless specified); batch 1; single NPU core
Rockchip,RK3576,,yolov8m,yolov8,"[1, 3, 640, 640]",INT8,fps,16.7,fps,RKNN (rknn_model_zoo demo),https://github.com/airockchip/rknn_model_zoo/blob/main/README.md,image-model FPS from rknn_model_zoo table; max NPU frequency; model inference time only (excludes pre/post-processing unless specified); batch 1; single NPU core
Rockchip,RV1109,,yolov8m,yolov8,"[1, 3, 640, 640]",INT8,fps,3.9,fps,RKNN (rknn_model_zoo demo),https://github.com/airockchip/rknn_model_zoo/blob/main/README.md,image-model FPS from rknn_model_zoo table; max NPU frequency; model inference time only (excludes pre/post-processing unless specified); batch 1
Rockchip,RV1126,,yolov8m,yolov8,"[1, 3, 640, 640]",INT8,fps,5.8,fps,RKNN (rknn_model_zoo demo),https://github.com/airockchip/rknn_model_zoo/blob/main/README.md,image-model FPS from rknn_model_zoo table; max NPU frequency; model inference time only (excludes pre/post-processing unless specified); batch 1
Rockchip,RK1808,,yolov8m,yolov8,"[1, 3, 640, 640]",INT8,fps,9.1,fps,RKNN (rknn_model_zoo demo),https://github.com/airockchip/rknn_model_zoo/blob/main/README.md,image-model FPS from rknn_model_zoo table; max NPU frequency; model inference time only (excludes pre/post-processing unless specified); batch 1
Rockchip,RK3566/RK3568,,yolov8n-obb,yolov8_obb,"[1, 3, 640, 640]",INT8,fps,33.9,fps,RKNN (rknn_model_zoo demo),https://github.com/airockchip/rknn_model_zoo/blob/main/README.md,image-model FPS from rknn_model_zoo table; max NPU frequency; model inference time only (excludes pre/post-processing unless specified); batch 1; one column shared by RK3566 and RK3568 in source
Rockchip,RK3562,,yolov8n-obb,yolov8_obb,"[1, 3, 640, 640]",INT8,fps,41.3,fps,RKNN (rknn_model_zoo demo),https://github.com/airockchip/rknn_model_zoo/blob/main/README.md,image-model FPS from rknn_model_zoo table; max NPU frequency; model inference time only (excludes pre/post-processing unless specified); batch 1
Rockchip,RK3588,,yolov8n-obb,yolov8_obb,"[1, 3, 640, 640]",INT8,fps,74.0,fps,RKNN (rknn_model_zoo demo),https://github.com/airockchip/rknn_model_zoo/blob/main/README.md,image-model FPS from rknn_model_zoo table; max NPU frequency; model inference time only (excludes pre/post-processing unless specified); batch 1; single NPU core
Rockchip,RK3576,,yolov8n-obb,yolov8_obb,"[1, 3, 640, 640]",INT8,fps,90.2,fps,RKNN (rknn_model_zoo demo),https://github.com/airockchip/rknn_model_zoo/blob/main/README.md,image-model FPS from rknn_model_zoo table; max NPU frequency; model inference time only (excludes pre/post-processing unless specified); batch 1; single NPU core
Rockchip,RV1109,,yolov8n-obb,yolov8_obb,"[1, 3, 640, 640]",INT8,fps,25.1,fps,RKNN (rknn_model_zoo demo),https://github.com/airockchip/rknn_model_zoo/blob/main/README.md,image-model FPS from rknn_model_zoo table; max NPU frequency; model inference time only (excludes pre/post-processing unless specified); batch 1
Rockchip,RV1126,,yolov8n-obb,yolov8_obb,"[1, 3, 640, 640]",INT8,fps,37.3,fps,RKNN (rknn_model_zoo demo),https://github.com/airockchip/rknn_model_zoo/blob/main/README.md,image-model FPS from rknn_model_zoo table; max NPU frequency; model inference time only (excludes pre/post-processing unless specified); batch 1
Rockchip,RK1808,,yolov8n-obb,yolov8_obb,"[1, 3, 640, 640]",INT8,fps,42.8,fps,RKNN (rknn_model_zoo demo),https://github.com/airockchip/rknn_model_zoo/blob/main/README.md,image-model FPS from rknn_model_zoo table; max NPU frequency; model inference time only (excludes pre/post-processing unless specified); batch 1
Rockchip,RK3566/RK3568,,yolov10n,yolov10,"[1, 3, 640, 640]",INT8,fps,20.7,fps,RKNN (rknn_model_zoo demo),https://github.com/airockchip/rknn_model_zoo/blob/main/README.md,image-model FPS from rknn_model_zoo table; max NPU frequency; model inference time only (excludes pre/post-processing unless specified); batch 1; one column shared by RK3566 and RK3568 in source
Rockchip,RK3562,,yolov10n,yolov10,"[1, 3, 640, 640]",INT8,fps,34.1,fps,RKNN (rknn_model_zoo demo),https://github.com/airockchip/rknn_model_zoo/blob/main/README.md,image-model FPS from rknn_model_zoo table; max NPU frequency; model inference time only (excludes pre/post-processing unless specified); batch 1
Rockchip,RK3588,,yolov10n,yolov10,"[1, 3, 640, 640]",INT8,fps,61.2,fps,RKNN (rknn_model_zoo demo),https://github.com/airockchip/rknn_model_zoo/blob/main/README.md,image-model FPS from rknn_model_zoo table; max NPU frequency; model inference time only (excludes pre/post-processing unless specified); batch 1; single NPU core
Rockchip,RK3576,,yolov10n,yolov10,"[1, 3, 640, 640]",INT8,fps,80.2,fps,RKNN (rknn_model_zoo demo),https://github.com/airockchip/rknn_model_zoo/blob/main/README.md,image-model FPS from rknn_model_zoo table; max NPU frequency; model inference time only (excludes pre/post-processing unless specified); batch 1; single NPU core
Rockchip,RK3566/RK3568,,yolov10s,yolov10,"[1, 3, 640, 640]",INT8,fps,10.3,fps,RKNN (rknn_model_zoo demo),https://github.com/airockchip/rknn_model_zoo/blob/main/README.md,image-model FPS from rknn_model_zoo table; max NPU frequency; model inference time only (excludes pre/post-processing unless specified); batch 1; one column shared by RK3566 and RK3568 in source
Rockchip,RK3562,,yolov10s,yolov10,"[1, 3, 640, 640]",INT8,fps,16.9,fps,RKNN (rknn_model_zoo demo),https://github.com/airockchip/rknn_model_zoo/blob/main/README.md,image-model FPS from rknn_model_zoo table; max NPU frequency; model inference time only (excludes pre/post-processing unless specified); batch 1
Rockchip,RK3588,,yolov10s,yolov10,"[1, 3, 640, 640]",INT8,fps,33.8,fps,RKNN (rknn_model_zoo demo),https://github.com/airockchip/rknn_model_zoo/blob/main/README.md,image-model FPS from rknn_model_zoo table; max NPU frequency; model inference time only (excludes pre/post-processing unless specified); batch 1; single NPU core
Rockchip,RK3576,,yolov10s,yolov10,"[1, 3, 640, 640]",INT8,fps,39.9,fps,RKNN (rknn_model_zoo demo),https://github.com/airockchip/rknn_model_zoo/blob/main/README.md,image-model FPS from rknn_model_zoo table; max NPU frequency; model inference time only (excludes pre/post-processing unless specified); batch 1; single NPU core
Rockchip,RK3566/RK3568,,yolo11n,yolo11,"[1, 3, 640, 640]",INT8,fps,20.6,fps,RKNN (rknn_model_zoo demo),https://github.com/airockchip/rknn_model_zoo/blob/main/README.md,image-model FPS from rknn_model_zoo table; max NPU frequency; model inference time only (excludes pre/post-processing unless specified); batch 1; one column shared by RK3566 and RK3568 in source
Rockchip,RK3562,,yolo11n,yolo11,"[1, 3, 640, 640]",INT8,fps,34.0,fps,RKNN (rknn_model_zoo demo),https://github.com/airockchip/rknn_model_zoo/blob/main/README.md,image-model FPS from rknn_model_zoo table; max NPU frequency; model inference time only (excludes pre/post-processing unless specified); batch 1
Rockchip,RK3588,,yolo11n,yolo11,"[1, 3, 640, 640]",INT8,fps,60.0,fps,RKNN (rknn_model_zoo demo),https://github.com/airockchip/rknn_model_zoo/blob/main/README.md,image-model FPS from rknn_model_zoo table; max NPU frequency; model inference time only (excludes pre/post-processing unless specified); batch 1; single NPU core
Rockchip,RK3576,,yolo11n,yolo11,"[1, 3, 640, 640]",INT8,fps,77.9,fps,RKNN (rknn_model_zoo demo),https://github.com/airockchip/rknn_model_zoo/blob/main/README.md,image-model FPS from rknn_model_zoo table; max NPU frequency; model inference time only (excludes pre/post-processing unless specified); batch 1; single NPU core
Rockchip,RV1109,,yolo11n,yolo11,"[1, 3, 640, 640]",INT8,fps,11.7,fps,RKNN (rknn_model_zoo demo),https://github.com/airockchip/rknn_model_zoo/blob/main/README.md,image-model FPS from rknn_model_zoo table; max NPU frequency; model inference time only (excludes pre/post-processing unless specified); batch 1
Rockchip,RV1126,,yolo11n,yolo11,"[1, 3, 640, 640]",INT8,fps,17.0,fps,RKNN (rknn_model_zoo demo),https://github.com/airockchip/rknn_model_zoo/blob/main/README.md,image-model FPS from rknn_model_zoo table; max NPU frequency; model inference time only (excludes pre/post-processing unless specified); batch 1
Rockchip,RK1808,,yolo11n,yolo11,"[1, 3, 640, 640]",INT8,fps,17.6,fps,RKNN (rknn_model_zoo demo),https://github.com/airockchip/rknn_model_zoo/blob/main/README.md,image-model FPS from rknn_model_zoo table; max NPU frequency; model inference time only (excludes pre/post-processing unless specified); batch 1
Rockchip,RK3566/RK3568,,yolo11s,yolo11,"[1, 3, 640, 640]",INT8,fps,10.2,fps,RKNN (rknn_model_zoo demo),https://github.com/airockchip/rknn_model_zoo/blob/main/README.md,image-model FPS from rknn_model_zoo table; max NPU frequency; model inference time only (excludes pre/post-processing unless specified); batch 1; one column shared by RK3566 and RK3568 in source
Rockchip,RK3562,,yolo11s,yolo11,"[1, 3, 640, 640]",INT8,fps,16.7,fps,RKNN (rknn_model_zoo demo),https://github.com/airockchip/rknn_model_zoo/blob/main/README.md,image-model FPS from rknn_model_zoo table; max NPU frequency; model inference time only (excludes pre/post-processing unless specified); batch 1
Rockchip,RK3588,,yolo11s,yolo11,"[1, 3, 640, 640]",INT8,fps,33.0,fps,RKNN (rknn_model_zoo demo),https://github.com/airockchip/rknn_model_zoo/blob/main/README.md,image-model FPS from rknn_model_zoo table; max NPU frequency; model inference time only (excludes pre/post-processing unless specified); batch 1; single NPU core
Rockchip,RK3576,,yolo11s,yolo11,"[1, 3, 640, 640]",INT8,fps,38.2,fps,RKNN (rknn_model_zoo demo),https://github.com/airockchip/rknn_model_zoo/blob/main/README.md,image-model FPS from rknn_model_zoo table; max NPU frequency; model inference time only (excludes pre/post-processing unless specified); batch 1; single NPU core
Rockchip,RV1109,,yolo11s,yolo11,"[1, 3, 640, 640]",INT8,fps,5.0,fps,RKNN (rknn_model_zoo demo),https://github.com/airockchip/rknn_model_zoo/blob/main/README.md,image-model FPS from rknn_model_zoo table; max NPU frequency; model inference time only (excludes pre/post-processing unless specified); batch 1
Rockchip,RV1126,,yolo11s,yolo11,"[1, 3, 640, 640]",INT8,fps,7.3,fps,RKNN (rknn_model_zoo demo),https://github.com/airockchip/rknn_model_zoo/blob/main/README.md,image-model FPS from rknn_model_zoo table; max NPU frequency; model inference time only (excludes pre/post-processing unless specified); batch 1
Rockchip,RK1808,,yolo11s,yolo11,"[1, 3, 640, 640]",INT8,fps,8.4,fps,RKNN (rknn_model_zoo demo),https://github.com/airockchip/rknn_model_zoo/blob/main/README.md,image-model FPS from rknn_model_zoo table; max NPU frequency; model inference time only (excludes pre/post-processing unless specified); batch 1
Rockchip,RK3566/RK3568,,yolo11m,yolo11,"[1, 3, 640, 640]",INT8,fps,4.6,fps,RKNN (rknn_model_zoo demo),https://github.com/airockchip/rknn_model_zoo/blob/main/README.md,image-model FPS from rknn_model_zoo table; max NPU frequency; model inference time only (excludes pre/post-processing unless specified); batch 1; one column shared by RK3566 and RK3568 in source
Rockchip,RK3562,,yolo11m,yolo11,"[1, 3, 640, 640]",INT8,fps,6.5,fps,RKNN (rknn_model_zoo demo),https://github.com/airockchip/rknn_model_zoo/blob/main/README.md,image-model FPS from rknn_model_zoo table; max NPU frequency; model inference time only (excludes pre/post-processing unless specified); batch 1
Rockchip,RK3588,,yolo11m,yolo11,"[1, 3, 640, 640]",INT8,fps,12.7,fps,RKNN (rknn_model_zoo demo),https://github.com/airockchip/rknn_model_zoo/blob/main/README.md,image-model FPS from rknn_model_zoo table; max NPU frequency; model inference time only (excludes pre/post-processing unless specified); batch 1; single NPU core
Rockchip,RK3576,,yolo11m,yolo11,"[1, 3, 640, 640]",INT8,fps,14.6,fps,RKNN (rknn_model_zoo demo),https://github.com/airockchip/rknn_model_zoo/blob/main/README.md,image-model FPS from rknn_model_zoo table; max NPU frequency; model inference time only (excludes pre/post-processing unless specified); batch 1; single NPU core
Rockchip,RV1109,,yolo11m,yolo11,"[1, 3, 640, 640]",INT8,fps,2.8,fps,RKNN (rknn_model_zoo demo),https://github.com/airockchip/rknn_model_zoo/blob/main/README.md,image-model FPS from rknn_model_zoo table; max NPU frequency; model inference time only (excludes pre/post-processing unless specified); batch 1
Rockchip,RV1126,,yolo11m,yolo11,"[1, 3, 640, 640]",INT8,fps,4.0,fps,RKNN (rknn_model_zoo demo),https://github.com/airockchip/rknn_model_zoo/blob/main/README.md,image-model FPS from rknn_model_zoo table; max NPU frequency; model inference time only (excludes pre/post-processing unless specified); batch 1
Rockchip,RK1808,,yolo11m,yolo11,"[1, 3, 640, 640]",INT8,fps,5.1,fps,RKNN (rknn_model_zoo demo),https://github.com/airockchip/rknn_model_zoo/blob/main/README.md,image-model FPS from rknn_model_zoo table; max NPU frequency; model inference time only (excludes pre/post-processing unless specified); batch 1
Rockchip,RK3566/RK3568,,yolox_s,yolox,"[1, 3, 640, 640]",INT8,fps,15.2,fps,RKNN (rknn_model_zoo demo),https://github.com/airockchip/rknn_model_zoo/blob/main/README.md,image-model FPS from rknn_model_zoo table; max NPU frequency; model inference time only (excludes pre/post-processing unless specified); batch 1; one column shared by RK3566 and RK3568 in source
Rockchip,RK3562,,yolox_s,yolox,"[1, 3, 640, 640]",INT8,fps,18.3,fps,RKNN (rknn_model_zoo demo),https://github.com/airockchip/rknn_model_zoo/blob/main/README.md,image-model FPS from rknn_model_zoo table; max NPU frequency; model inference time only (excludes pre/post-processing unless specified); batch 1
Rockchip,RK3588,,yolox_s,yolox,"[1, 3, 640, 640]",INT8,fps,37.1,fps,RKNN (rknn_model_zoo demo),https://github.com/airockchip/rknn_model_zoo/blob/main/README.md,image-model FPS from rknn_model_zoo table; max NPU frequency; model inference time only (excludes pre/post-processing unless specified); batch 1; single NPU core
Rockchip,RK3576,,yolox_s,yolox,"[1, 3, 640, 640]",INT8,fps,41.5,fps,RKNN (rknn_model_zoo demo),https://github.com/airockchip/rknn_model_zoo/blob/main/README.md,image-model FPS from rknn_model_zoo table; max NPU frequency; model inference time only (excludes pre/post-processing unless specified); batch 1; single NPU core
Rockchip,RV1109,,yolox_s,yolox,"[1, 3, 640, 640]",INT8,fps,10.6,fps,RKNN (rknn_model_zoo demo),https://github.com/airockchip/rknn_model_zoo/blob/main/README.md,image-model FPS from rknn_model_zoo table; max NPU frequency; model inference time only (excludes pre/post-processing unless specified); batch 1
Rockchip,RV1126,,yolox_s,yolox,"[1, 3, 640, 640]",INT8,fps,15.7,fps,RKNN (rknn_model_zoo demo),https://github.com/airockchip/rknn_model_zoo/blob/main/README.md,image-model FPS from rknn_model_zoo table; max NPU frequency; model inference time only (excludes pre/post-processing unless specified); batch 1
Rockchip,RK1808,,yolox_s,yolox,"[1, 3, 640, 640]",INT8,fps,23.0,fps,RKNN (rknn_model_zoo demo),https://github.com/airockchip/rknn_model_zoo/blob/main/README.md,image-model FPS from rknn_model_zoo table; max NPU frequency; model inference time only (excludes pre/post-processing unless specified); batch 1
Rockchip,RK3566/RK3568,,yolox_m,yolox,"[1, 3, 640, 640]",INT8,fps,6.6,fps,RKNN (rknn_model_zoo demo),https://github.com/airockchip/rknn_model_zoo/blob/main/README.md,image-model FPS from rknn_model_zoo table; max NPU frequency; model inference time only (excludes pre/post-processing unless specified); batch 1; one column shared by RK3566 and RK3568 in source
Rockchip,RK3562,,yolox_m,yolox,"[1, 3, 640, 640]",INT8,fps,8.2,fps,RKNN (rknn_model_zoo demo),https://github.com/airockchip/rknn_model_zoo/blob/main/README.md,image-model FPS from rknn_model_zoo table; max NPU frequency; model inference time only (excludes pre/post-processing unless specified); batch 1
Rockchip,RK3588,,yolox_m,yolox,"[1, 3, 640, 640]",INT8,fps,16.0,fps,RKNN (rknn_model_zoo demo),https://github.com/airockchip/rknn_model_zoo/blob/main/README.md,image-model FPS from rknn_model_zoo table; max NPU frequency; model inference time only (excludes pre/post-processing unless specified); batch 1; single NPU core
Rockchip,RK3576,,yolox_m,yolox,"[1, 3, 640, 640]",INT8,fps,17.6,fps,RKNN (rknn_model_zoo demo),https://github.com/airockchip/rknn_model_zoo/blob/main/README.md,image-model FPS from rknn_model_zoo table; max NPU frequency; model inference time only (excludes pre/post-processing unless specified); batch 1; single NPU core
Rockchip,RV1109,,yolox_m,yolox,"[1, 3, 640, 640]",INT8,fps,4.6,fps,RKNN (rknn_model_zoo demo),https://github.com/airockchip/rknn_model_zoo/blob/main/README.md,image-model FPS from rknn_model_zoo table; max NPU frequency; model inference time only (excludes pre/post-processing unless specified); batch 1
Rockchip,RV1126,,yolox_m,yolox,"[1, 3, 640, 640]",INT8,fps,6.8,fps,RKNN (rknn_model_zoo demo),https://github.com/airockchip/rknn_model_zoo/blob/main/README.md,image-model FPS from rknn_model_zoo table; max NPU frequency; model inference time only (excludes pre/post-processing unless specified); batch 1
Rockchip,RK1808,,yolox_m,yolox,"[1, 3, 640, 640]",INT8,fps,10.7,fps,RKNN (rknn_model_zoo demo),https://github.com/airockchip/rknn_model_zoo/blob/main/README.md,image-model FPS from rknn_model_zoo table; max NPU frequency; model inference time only (excludes pre/post-processing unless specified); batch 1
Rockchip,RK3566/RK3568,,ppyoloe_s,ppyoloe,"[1, 3, 640, 640]",INT8,fps,17.1,fps,RKNN (rknn_model_zoo demo),https://github.com/airockchip/rknn_model_zoo/blob/main/README.md,image-model FPS from rknn_model_zoo table; max NPU frequency; model inference time only (excludes pre/post-processing unless specified); batch 1; one column shared by RK3566 and RK3568 in source
Rockchip,RK3562,,ppyoloe_s,ppyoloe,"[1, 3, 640, 640]",INT8,fps,20.0,fps,RKNN (rknn_model_zoo demo),https://github.com/airockchip/rknn_model_zoo/blob/main/README.md,image-model FPS from rknn_model_zoo table; max NPU frequency; model inference time only (excludes pre/post-processing unless specified); batch 1
Rockchip,RK3588,,ppyoloe_s,ppyoloe,"[1, 3, 640, 640]",INT8,fps,32.5,fps,RKNN (rknn_model_zoo demo),https://github.com/airockchip/rknn_model_zoo/blob/main/README.md,image-model FPS from rknn_model_zoo table; max NPU frequency; model inference time only (excludes pre/post-processing unless specified); batch 1; single NPU core
Rockchip,RK3576,,ppyoloe_s,ppyoloe,"[1, 3, 640, 640]",INT8,fps,41.3,fps,RKNN (rknn_model_zoo demo),https://github.com/airockchip/rknn_model_zoo/blob/main/README.md,image-model FPS from rknn_model_zoo table; max NPU frequency; model inference time only (excludes pre/post-processing unless specified); batch 1; single NPU core
Rockchip,RV1109,,ppyoloe_s,ppyoloe,"[1, 3, 640, 640]",INT8,fps,11.2,fps,RKNN (rknn_model_zoo demo),https://github.com/airockchip/rknn_model_zoo/blob/main/README.md,image-model FPS from rknn_model_zoo table; max NPU frequency; model inference time only (excludes pre/post-processing unless specified); batch 1
Rockchip,RV1126,,ppyoloe_s,ppyoloe,"[1, 3, 640, 640]",INT8,fps,16.4,fps,RKNN (rknn_model_zoo demo),https://github.com/airockchip/rknn_model_zoo/blob/main/README.md,image-model FPS from rknn_model_zoo table; max NPU frequency; model inference time only (excludes pre/post-processing unless specified); batch 1
Rockchip,RK1808,,ppyoloe_s,ppyoloe,"[1, 3, 640, 640]",INT8,fps,21.1,fps,RKNN (rknn_model_zoo demo),https://github.com/airockchip/rknn_model_zoo/blob/main/README.md,image-model FPS from rknn_model_zoo table; max NPU frequency; model inference time only (excludes pre/post-processing unless specified); batch 1
Rockchip,RK3566/RK3568,,ppyoloe_m,ppyoloe,"[1, 3, 640, 640]",INT8,fps,7.8,fps,RKNN (rknn_model_zoo demo),https://github.com/airockchip/rknn_model_zoo/blob/main/README.md,image-model FPS from rknn_model_zoo table; max NPU frequency; model inference time only (excludes pre/post-processing unless specified); batch 1; one column shared by RK3566 and RK3568 in source
Rockchip,RK3562,,ppyoloe_m,ppyoloe,"[1, 3, 640, 640]",INT8,fps,9.2,fps,RKNN (rknn_model_zoo demo),https://github.com/airockchip/rknn_model_zoo/blob/main/README.md,image-model FPS from rknn_model_zoo table; max NPU frequency; model inference time only (excludes pre/post-processing unless specified); batch 1
Rockchip,RK3588,,ppyoloe_m,ppyoloe,"[1, 3, 640, 640]",INT8,fps,15.8,fps,RKNN (rknn_model_zoo demo),https://github.com/airockchip/rknn_model_zoo/blob/main/README.md,image-model FPS from rknn_model_zoo table; max NPU frequency; model inference time only (excludes pre/post-processing unless specified); batch 1; single NPU core
Rockchip,RK3576,,ppyoloe_m,ppyoloe,"[1, 3, 640, 640]",INT8,fps,17.8,fps,RKNN (rknn_model_zoo demo),https://github.com/airockchip/rknn_model_zoo/blob/main/README.md,image-model FPS from rknn_model_zoo table; max NPU frequency; model inference time only (excludes pre/post-processing unless specified); batch 1; single NPU core
Rockchip,RV1109,,ppyoloe_m,ppyoloe,"[1, 3, 640, 640]",INT8,fps,5.2,fps,RKNN (rknn_model_zoo demo),https://github.com/airockchip/rknn_model_zoo/blob/main/README.md,image-model FPS from rknn_model_zoo table; max NPU frequency; model inference time only (excludes pre/post-processing unless specified); batch 1
Rockchip,RV1126,,ppyoloe_m,ppyoloe,"[1, 3, 640, 640]",INT8,fps,7.7,fps,RKNN (rknn_model_zoo demo),https://github.com/airockchip/rknn_model_zoo/blob/main/README.md,image-model FPS from rknn_model_zoo table; max NPU frequency; model inference time only (excludes pre/post-processing unless specified); batch 1
Rockchip,RK1808,,ppyoloe_m,ppyoloe,"[1, 3, 640, 640]",INT8,fps,9.4,fps,RKNN (rknn_model_zoo demo),https://github.com/airockchip/rknn_model_zoo/blob/main/README.md,image-model FPS from rknn_model_zoo table; max NPU frequency; model inference time only (excludes pre/post-processing unless specified); batch 1
Rockchip,RK3566/RK3568,,yolo_world_v2s,yolo_world,"[1, 3, 640, 640]",INT8,fps,7.4,fps,RKNN (rknn_model_zoo demo),https://github.com/airockchip/rknn_model_zoo/blob/main/README.md,image-model FPS from rknn_model_zoo table; max NPU frequency; model inference time only (excludes pre/post-processing unless specified); batch 1; one column shared by RK3566 and RK3568 in source
Rockchip,RK3562,,yolo_world_v2s,yolo_world,"[1, 3, 640, 640]",INT8,fps,9.6,fps,RKNN (rknn_model_zoo demo),https://github.com/airockchip/rknn_model_zoo/blob/main/README.md,image-model FPS from rknn_model_zoo table; max NPU frequency; model inference time only (excludes pre/post-processing unless specified); batch 1
Rockchip,RK3588,,yolo_world_v2s,yolo_world,"[1, 3, 640, 640]",INT8,fps,22.1,fps,RKNN (rknn_model_zoo demo),https://github.com/airockchip/rknn_model_zoo/blob/main/README.md,image-model FPS from rknn_model_zoo table; max NPU frequency; model inference time only (excludes pre/post-processing unless specified); batch 1; single NPU core
Rockchip,RK3576,,yolo_world_v2s,yolo_world,"[1, 3, 640, 640]",INT8,fps,22.3,fps,RKNN (rknn_model_zoo demo),https://github.com/airockchip/rknn_model_zoo/blob/main/README.md,image-model FPS from rknn_model_zoo table; max NPU frequency; model inference time only (excludes pre/post-processing unless specified); batch 1; single NPU core
Rockchip,RK3566/RK3568,,clip_text,yolo_world,"[1, 20]",FP16,fps,29.8,fps,RKNN (rknn_model_zoo demo),https://github.com/airockchip/rknn_model_zoo/blob/main/README.md,image-model FPS from rknn_model_zoo table; max NPU frequency; model inference time only (excludes pre/post-processing unless specified); batch 1; one column shared by RK3566 and RK3568 in source
Rockchip,RK3562,,clip_text,yolo_world,"[1, 20]",FP16,fps,67.4,fps,RKNN (rknn_model_zoo demo),https://github.com/airockchip/rknn_model_zoo/blob/main/README.md,image-model FPS from rknn_model_zoo table; max NPU frequency; model inference time only (excludes pre/post-processing unless specified); batch 1
Rockchip,RK3588,,clip_text,yolo_world,"[1, 20]",FP16,fps,95.8,fps,RKNN (rknn_model_zoo demo),https://github.com/airockchip/rknn_model_zoo/blob/main/README.md,image-model FPS from rknn_model_zoo table; max NPU frequency; model inference time only (excludes pre/post-processing unless specified); batch 1; single NPU core
Rockchip,RK3576,,clip_text,yolo_world,"[1, 20]",FP16,fps,63.5,fps,RKNN (rknn_model_zoo demo),https://github.com/airockchip/rknn_model_zoo/blob/main/README.md,image-model FPS from rknn_model_zoo table; max NPU frequency; model inference time only (excludes pre/post-processing unless specified); batch 1; single NPU core
Rockchip,RK3566/RK3568,,yolov8n-pose,yolov8_pose,"[1, 3, 640, 640]",INT8,fps,22.6,fps,RKNN (rknn_model_zoo demo),https://github.com/airockchip/rknn_model_zoo/blob/main/README.md,image-model FPS from rknn_model_zoo table; max NPU frequency; model inference time only (excludes pre/post-processing unless specified); batch 1; one column shared by RK3566 and RK3568 in source
Rockchip,RK3562,,yolov8n-pose,yolov8_pose,"[1, 3, 640, 640]",INT8,fps,31.0,fps,RKNN (rknn_model_zoo demo),https://github.com/airockchip/rknn_model_zoo/blob/main/README.md,image-model FPS from rknn_model_zoo table; max NPU frequency; model inference time only (excludes pre/post-processing unless specified); batch 1
Rockchip,RK3588,,yolov8n-pose,yolov8_pose,"[1, 3, 640, 640]",INT8,fps,55.9,fps,RKNN (rknn_model_zoo demo),https://github.com/airockchip/rknn_model_zoo/blob/main/README.md,image-model FPS from rknn_model_zoo table; max NPU frequency; model inference time only (excludes pre/post-processing unless specified); batch 1; single NPU core
Rockchip,RK3576,,yolov8n-pose,yolov8_pose,"[1, 3, 640, 640]",INT8,fps,66.8,fps,RKNN (rknn_model_zoo demo),https://github.com/airockchip/rknn_model_zoo/blob/main/README.md,image-model FPS from rknn_model_zoo table; max NPU frequency; model inference time only (excludes pre/post-processing unless specified); batch 1; single NPU core
Rockchip,RK3566/RK3568,,deeplab-v3-plus-mobilenet-v2,deeplabv3,"[1, 513, 513, 1]",INT8,fps,10.9,fps,RKNN (rknn_model_zoo demo),https://github.com/airockchip/rknn_model_zoo/blob/main/README.md,image-model FPS from rknn_model_zoo table; max NPU frequency; model inference time only (excludes pre/post-processing unless specified); batch 1; one column shared by RK3566 and RK3568 in source
Rockchip,RK3562,,deeplab-v3-plus-mobilenet-v2,deeplabv3,"[1, 513, 513, 1]",INT8,fps,21.4,fps,RKNN (rknn_model_zoo demo),https://github.com/airockchip/rknn_model_zoo/blob/main/README.md,image-model FPS from rknn_model_zoo table; max NPU frequency; model inference time only (excludes pre/post-processing unless specified); batch 1
Rockchip,RK3588,,deeplab-v3-plus-mobilenet-v2,deeplabv3,"[1, 513, 513, 1]",INT8,fps,34.0,fps,RKNN (rknn_model_zoo demo),https://github.com/airockchip/rknn_model_zoo/blob/main/README.md,image-model FPS from rknn_model_zoo table; max NPU frequency; model inference time only (excludes pre/post-processing unless specified); batch 1; single NPU core
Rockchip,RK3576,,deeplab-v3-plus-mobilenet-v2,deeplabv3,"[1, 513, 513, 1]",INT8,fps,39.4,fps,RKNN (rknn_model_zoo demo),https://github.com/airockchip/rknn_model_zoo/blob/main/README.md,image-model FPS from rknn_model_zoo table; max NPU frequency; model inference time only (excludes pre/post-processing unless specified); batch 1; single NPU core
Rockchip,RV1109,,deeplab-v3-plus-mobilenet-v2,deeplabv3,"[1, 513, 513, 1]",INT8,fps,10.1,fps,RKNN (rknn_model_zoo demo),https://github.com/airockchip/rknn_model_zoo/blob/main/README.md,image-model FPS from rknn_model_zoo table; max NPU frequency; model inference time only (excludes pre/post-processing unless specified); batch 1
Rockchip,RV1126,,deeplab-v3-plus-mobilenet-v2,deeplabv3,"[1, 513, 513, 1]",INT8,fps,13.0,fps,RKNN (rknn_model_zoo demo),https://github.com/airockchip/rknn_model_zoo/blob/main/README.md,image-model FPS from rknn_model_zoo table; max NPU frequency; model inference time only (excludes pre/post-processing unless specified); batch 1
Rockchip,RK1808,,deeplab-v3-plus-mobilenet-v2,deeplabv3,"[1, 513, 513, 1]",INT8,fps,4.4,fps,RKNN (rknn_model_zoo demo),https://github.com/airockchip/rknn_model_zoo/blob/main/README.md,image-model FPS from rknn_model_zoo table; max NPU frequency; model inference time only (excludes pre/post-processing unless specified); batch 1
Rockchip,RK3566/RK3568,,yolov5n-seg,yolov5_seg,"[1, 3, 640, 640]",INT8,fps,32.2,fps,RKNN (rknn_model_zoo demo),https://github.com/airockchip/rknn_model_zoo/blob/main/README.md,image-model FPS from rknn_model_zoo table; max NPU frequency; model inference time only (excludes pre/post-processing unless specified); batch 1; one column shared by RK3566 and RK3568 in source
Rockchip,RK3562,,yolov5n-seg,yolov5_seg,"[1, 3, 640, 640]",INT8,fps,38.5,fps,RKNN (rknn_model_zoo demo),https://github.com/airockchip/rknn_model_zoo/blob/main/README.md,image-model FPS from rknn_model_zoo table; max NPU frequency; model inference time only (excludes pre/post-processing unless specified); batch 1
Rockchip,RK3588,,yolov5n-seg,yolov5_seg,"[1, 3, 640, 640]",INT8,fps,69.3,fps,RKNN (rknn_model_zoo demo),https://github.com/airockchip/rknn_model_zoo/blob/main/README.md,image-model FPS from rknn_model_zoo table; max NPU frequency; model inference time only (excludes pre/post-processing unless specified); batch 1; single NPU core
Rockchip,RK3576,,yolov5n-seg,yolov5_seg,"[1, 3, 640, 640]",INT8,fps,88.3,fps,RKNN (rknn_model_zoo demo),https://github.com/airockchip/rknn_model_zoo/blob/main/README.md,image-model FPS from rknn_model_zoo table; max NPU frequency; model inference time only (excludes pre/post-processing unless specified); batch 1; single NPU core
Rockchip,RV1109,,yolov5n-seg,yolov5_seg,"[1, 3, 640, 640]",INT8,fps,28.6,fps,RKNN (rknn_model_zoo demo),https://github.com/airockchip/rknn_model_zoo/blob/main/README.md,image-model FPS from rknn_model_zoo table; max NPU frequency; model inference time only (excludes pre/post-processing unless specified); batch 1
Rockchip,RV1126,,yolov5n-seg,yolov5_seg,"[1, 3, 640, 640]",INT8,fps,42.2,fps,RKNN (rknn_model_zoo demo),https://github.com/airockchip/rknn_model_zoo/blob/main/README.md,image-model FPS from rknn_model_zoo table; max NPU frequency; model inference time only (excludes pre/post-processing unless specified); batch 1
Rockchip,RK1808,,yolov5n-seg,yolov5_seg,"[1, 3, 640, 640]",INT8,fps,49.6,fps,RKNN (rknn_model_zoo demo),https://github.com/airockchip/rknn_model_zoo/blob/main/README.md,image-model FPS from rknn_model_zoo table; max NPU frequency; model inference time only (excludes pre/post-processing unless specified); batch 1
Rockchip,RK3566/RK3568,,yolov5s-seg,yolov5_seg,"[1, 3, 640, 640]",INT8,fps,15.0,fps,RKNN (rknn_model_zoo demo),https://github.com/airockchip/rknn_model_zoo/blob/main/README.md,image-model FPS from rknn_model_zoo table; max NPU frequency; model inference time only (excludes pre/post-processing unless specified); batch 1; one column shared by RK3566 and RK3568 in source
Rockchip,RK3562,,yolov5s-seg,yolov5_seg,"[1, 3, 640, 640]",INT8,fps,18.1,fps,RKNN (rknn_model_zoo demo),https://github.com/airockchip/rknn_model_zoo/blob/main/README.md,image-model FPS from rknn_model_zoo table; max NPU frequency; model inference time only (excludes pre/post-processing unless specified); batch 1
Rockchip,RK3588,,yolov5s-seg,yolov5_seg,"[1, 3, 640, 640]",INT8,fps,36.8,fps,RKNN (rknn_model_zoo demo),https://github.com/airockchip/rknn_model_zoo/blob/main/README.md,image-model FPS from rknn_model_zoo table; max NPU frequency; model inference time only (excludes pre/post-processing unless specified); batch 1; single NPU core
Rockchip,RK3576,,yolov5s-seg,yolov5_seg,"[1, 3, 640, 640]",INT8,fps,41.6,fps,RKNN (rknn_model_zoo demo),https://github.com/airockchip/rknn_model_zoo/blob/main/README.md,image-model FPS from rknn_model_zoo table; max NPU frequency; model inference time only (excludes pre/post-processing unless specified); batch 1; single NPU core
Rockchip,RV1109,,yolov5s-seg,yolov5_seg,"[1, 3, 640, 640]",INT8,fps,9.6,fps,RKNN (rknn_model_zoo demo),https://github.com/airockchip/rknn_model_zoo/blob/main/README.md,image-model FPS from rknn_model_zoo table; max NPU frequency; model inference time only (excludes pre/post-processing unless specified); batch 1
Rockchip,RV1126,,yolov5s-seg,yolov5_seg,"[1, 3, 640, 640]",INT8,fps,14.0,fps,RKNN (rknn_model_zoo demo),https://github.com/airockchip/rknn_model_zoo/blob/main/README.md,image-model FPS from rknn_model_zoo table; max NPU frequency; model inference time only (excludes pre/post-processing unless specified); batch 1
Rockchip,RK1808,,yolov5s-seg,yolov5_seg,"[1, 3, 640, 640]",INT8,fps,22.5,fps,RKNN (rknn_model_zoo demo),https://github.com/airockchip/rknn_model_zoo/blob/main/README.md,image-model FPS from rknn_model_zoo table; max NPU frequency; model inference time only (excludes pre/post-processing unless specified); batch 1
Rockchip,RK3566/RK3568,,yolov5m-seg,yolov5_seg,"[1, 3, 640, 640]",INT8,fps,6.8,fps,RKNN (rknn_model_zoo demo),https://github.com/airockchip/rknn_model_zoo/blob/main/README.md,image-model FPS from rknn_model_zoo table; max NPU frequency; model inference time only (excludes pre/post-processing unless specified); batch 1; one column shared by RK3566 and RK3568 in source
Rockchip,RK3562,,yolov5m-seg,yolov5_seg,"[1, 3, 640, 640]",INT8,fps,8.4,fps,RKNN (rknn_model_zoo demo),https://github.com/airockchip/rknn_model_zoo/blob/main/README.md,image-model FPS from rknn_model_zoo table; max NPU frequency; model inference time only (excludes pre/post-processing unless specified); batch 1
Rockchip,RK3588,,yolov5m-seg,yolov5_seg,"[1, 3, 640, 640]",INT8,fps,16.4,fps,RKNN (rknn_model_zoo demo),https://github.com/airockchip/rknn_model_zoo/blob/main/README.md,image-model FPS from rknn_model_zoo table; max NPU frequency; model inference time only (excludes pre/post-processing unless specified); batch 1; single NPU core
Rockchip,RK3576,,yolov5m-seg,yolov5_seg,"[1, 3, 640, 640]",INT8,fps,18.0,fps,RKNN (rknn_model_zoo demo),https://github.com/airockchip/rknn_model_zoo/blob/main/README.md,image-model FPS from rknn_model_zoo table; max NPU frequency; model inference time only (excludes pre/post-processing unless specified); batch 1; single NPU core
Rockchip,RV1109,,yolov5m-seg,yolov5_seg,"[1, 3, 640, 640]",INT8,fps,4.7,fps,RKNN (rknn_model_zoo demo),https://github.com/airockchip/rknn_model_zoo/blob/main/README.md,image-model FPS from rknn_model_zoo table; max NPU frequency; model inference time only (excludes pre/post-processing unless specified); batch 1
Rockchip,RV1126,,yolov5m-seg,yolov5_seg,"[1, 3, 640, 640]",INT8,fps,6.8,fps,RKNN (rknn_model_zoo demo),https://github.com/airockchip/rknn_model_zoo/blob/main/README.md,image-model FPS from rknn_model_zoo table; max NPU frequency; model inference time only (excludes pre/post-processing unless specified); batch 1
Rockchip,RK1808,,yolov5m-seg,yolov5_seg,"[1, 3, 640, 640]",INT8,fps,10.8,fps,RKNN (rknn_model_zoo demo),https://github.com/airockchip/rknn_model_zoo/blob/main/README.md,image-model FPS from rknn_model_zoo table; max NPU frequency; model inference time only (excludes pre/post-processing unless specified); batch 1
Rockchip,RK3566/RK3568,,yolov8n-seg,yolov8_seg,"[1, 3, 640, 640]",INT8,fps,27.8,fps,RKNN (rknn_model_zoo demo),https://github.com/airockchip/rknn_model_zoo/blob/main/README.md,image-model FPS from rknn_model_zoo table; max NPU frequency; model inference time only (excludes pre/post-processing unless specified); batch 1; one column shared by RK3566 and RK3568 in source
Rockchip,RK3562,,yolov8n-seg,yolov8_seg,"[1, 3, 640, 640]",INT8,fps,33.0,fps,RKNN (rknn_model_zoo demo),https://github.com/airockchip/rknn_model_zoo/blob/main/README.md,image-model FPS from rknn_model_zoo table; max NPU frequency; model inference time only (excludes pre/post-processing unless specified); batch 1
Rockchip,RK3588,,yolov8n-seg,yolov8_seg,"[1, 3, 640, 640]",INT8,fps,60.8,fps,RKNN (rknn_model_zoo demo),https://github.com/airockchip/rknn_model_zoo/blob/main/README.md,image-model FPS from rknn_model_zoo table; max NPU frequency; model inference time only (excludes pre/post-processing unless specified); batch 1; single NPU core
Rockchip,RK3576,,yolov8n-seg,yolov8_seg,"[1, 3, 640, 640]",INT8,fps,71.1,fps,RKNN (rknn_model_zoo demo),https://github.com/airockchip/rknn_model_zoo/blob/main/README.md,image-model FPS from rknn_model_zoo table; max NPU frequency; model inference time only (excludes pre/post-processing unless specified); batch 1; single NPU core
Rockchip,RV1109,,yolov8n-seg,yolov8_seg,"[1, 3, 640, 640]",INT8,fps,18.6,fps,RKNN (rknn_model_zoo demo),https://github.com/airockchip/rknn_model_zoo/blob/main/README.md,image-model FPS from rknn_model_zoo table; max NPU frequency; model inference time only (excludes pre/post-processing unless specified); batch 1
Rockchip,RV1126,,yolov8n-seg,yolov8_seg,"[1, 3, 640, 640]",INT8,fps,27.6,fps,RKNN (rknn_model_zoo demo),https://github.com/airockchip/rknn_model_zoo/blob/main/README.md,image-model FPS from rknn_model_zoo table; max NPU frequency; model inference time only (excludes pre/post-processing unless specified); batch 1
Rockchip,RK1808,,yolov8n-seg,yolov8_seg,"[1, 3, 640, 640]",INT8,fps,32.9,fps,RKNN (rknn_model_zoo demo),https://github.com/airockchip/rknn_model_zoo/blob/main/README.md,image-model FPS from rknn_model_zoo table; max NPU frequency; model inference time only (excludes pre/post-processing unless specified); batch 1
Rockchip,RK3566/RK3568,,yolov8s-seg,yolov8_seg,"[1, 3, 640, 640]",INT8,fps,11.7,fps,RKNN (rknn_model_zoo demo),https://github.com/airockchip/rknn_model_zoo/blob/main/README.md,image-model FPS from rknn_model_zoo table; max NPU frequency; model inference time only (excludes pre/post-processing unless specified); batch 1; one column shared by RK3566 and RK3568 in source
Rockchip,RK3562,,yolov8s-seg,yolov8_seg,"[1, 3, 640, 640]",INT8,fps,14.1,fps,RKNN (rknn_model_zoo demo),https://github.com/airockchip/rknn_model_zoo/blob/main/README.md,image-model FPS from rknn_model_zoo table; max NPU frequency; model inference time only (excludes pre/post-processing unless specified); batch 1
Rockchip,RK3588,,yolov8s-seg,yolov8_seg,"[1, 3, 640, 640]",INT8,fps,28.9,fps,RKNN (rknn_model_zoo demo),https://github.com/airockchip/rknn_model_zoo/blob/main/README.md,image-model FPS from rknn_model_zoo table; max NPU frequency; model inference time only (excludes pre/post-processing unless specified); batch 1; single NPU core
Rockchip,RK3576,,yolov8s-seg,yolov8_seg,"[1, 3, 640, 640]",INT8,fps,30.8,fps,RKNN (rknn_model_zoo demo),https://github.com/airockchip/rknn_model_zoo/blob/main/README.md,image-model FPS from rknn_model_zoo table; max NPU frequency; model inference time only (excludes pre/post-processing unless specified); batch 1; single NPU core
Rockchip,RV1109,,yolov8s-seg,yolov8_seg,"[1, 3, 640, 640]",INT8,fps,6.6,fps,RKNN (rknn_model_zoo demo),https://github.com/airockchip/rknn_model_zoo/blob/main/README.md,image-model FPS from rknn_model_zoo table; max NPU frequency; model inference time only (excludes pre/post-processing unless specified); batch 1
Rockchip,RV1126,,yolov8s-seg,yolov8_seg,"[1, 3, 640, 640]",INT8,fps,9.8,fps,RKNN (rknn_model_zoo demo),https://github.com/airockchip/rknn_model_zoo/blob/main/README.md,image-model FPS from rknn_model_zoo table; max NPU frequency; model inference time only (excludes pre/post-processing unless specified); batch 1
Rockchip,RK1808,,yolov8s-seg,yolov8_seg,"[1, 3, 640, 640]",INT8,fps,14.6,fps,RKNN (rknn_model_zoo demo),https://github.com/airockchip/rknn_model_zoo/blob/main/README.md,image-model FPS from rknn_model_zoo table; max NPU frequency; model inference time only (excludes pre/post-processing unless specified); batch 1
Rockchip,RK3566/RK3568,,yolov8m-seg,yolov8_seg,"[1, 3, 640, 640]",INT8,fps,5.2,fps,RKNN (rknn_model_zoo demo),https://github.com/airockchip/rknn_model_zoo/blob/main/README.md,image-model FPS from rknn_model_zoo table; max NPU frequency; model inference time only (excludes pre/post-processing unless specified); batch 1; one column shared by RK3566 and RK3568 in source
Rockchip,RK3562,,yolov8m-seg,yolov8_seg,"[1, 3, 640, 640]",INT8,fps,6.4,fps,RKNN (rknn_model_zoo demo),https://github.com/airockchip/rknn_model_zoo/blob/main/README.md,image-model FPS from rknn_model_zoo table; max NPU frequency; model inference time only (excludes pre/post-processing unless specified); batch 1
Rockchip,RK3588,,yolov8m-seg,yolov8_seg,"[1, 3, 640, 640]",INT8,fps,12.6,fps,RKNN (rknn_model_zoo demo),https://github.com/airockchip/rknn_model_zoo/blob/main/README.md,image-model FPS from rknn_model_zoo table; max NPU frequency; model inference time only (excludes pre/post-processing unless specified); batch 1; single NPU core
Rockchip,RK3576,,yolov8m-seg,yolov8_seg,"[1, 3, 640, 640]",INT8,fps,12.7,fps,RKNN (rknn_model_zoo demo),https://github.com/airockchip/rknn_model_zoo/blob/main/README.md,image-model FPS from rknn_model_zoo table; max NPU frequency; model inference time only (excludes pre/post-processing unless specified); batch 1; single NPU core
Rockchip,RV1109,,yolov8m-seg,yolov8_seg,"[1, 3, 640, 640]",INT8,fps,3.1,fps,RKNN (rknn_model_zoo demo),https://github.com/airockchip/rknn_model_zoo/blob/main/README.md,image-model FPS from rknn_model_zoo table; max NPU frequency; model inference time only (excludes pre/post-processing unless specified); batch 1
Rockchip,RV1126,,yolov8m-seg,yolov8_seg,"[1, 3, 640, 640]",INT8,fps,4.6,fps,RKNN (rknn_model_zoo demo),https://github.com/airockchip/rknn_model_zoo/blob/main/README.md,image-model FPS from rknn_model_zoo table; max NPU frequency; model inference time only (excludes pre/post-processing unless specified); batch 1
Rockchip,RK1808,,yolov8m-seg,yolov8_seg,"[1, 3, 640, 640]",INT8,fps,6.9,fps,RKNN (rknn_model_zoo demo),https://github.com/airockchip/rknn_model_zoo/blob/main/README.md,image-model FPS from rknn_model_zoo table; max NPU frequency; model inference time only (excludes pre/post-processing unless specified); batch 1
Rockchip,RK3566/RK3568,,ppseg_lite_1024x512,ppseg,"[1, 3, 512, 512]",INT8,fps,5.9,fps,RKNN (rknn_model_zoo demo),https://github.com/airockchip/rknn_model_zoo/blob/main/README.md,image-model FPS from rknn_model_zoo table; max NPU frequency; model inference time only (excludes pre/post-processing unless specified); batch 1; one column shared by RK3566 and RK3568 in source
Rockchip,RK3562,,ppseg_lite_1024x512,ppseg,"[1, 3, 512, 512]",INT8,fps,13.9,fps,RKNN (rknn_model_zoo demo),https://github.com/airockchip/rknn_model_zoo/blob/main/README.md,image-model FPS from rknn_model_zoo table; max NPU frequency; model inference time only (excludes pre/post-processing unless specified); batch 1
Rockchip,RK3588,,ppseg_lite_1024x512,ppseg,"[1, 3, 512, 512]",INT8,fps,35.7,fps,RKNN (rknn_model_zoo demo),https://github.com/airockchip/rknn_model_zoo/blob/main/README.md,image-model FPS from rknn_model_zoo table; max NPU frequency; model inference time only (excludes pre/post-processing unless specified); batch 1; single NPU core
Rockchip,RK3576,,ppseg_lite_1024x512,ppseg,"[1, 3, 512, 512]",INT8,fps,33.6,fps,RKNN (rknn_model_zoo demo),https://github.com/airockchip/rknn_model_zoo/blob/main/README.md,image-model FPS from rknn_model_zoo table; max NPU frequency; model inference time only (excludes pre/post-processing unless specified); batch 1; single NPU core
Rockchip,RV1109,,ppseg_lite_1024x512,ppseg,"[1, 3, 512, 512]",INT8,fps,18.4,fps,RKNN (rknn_model_zoo demo),https://github.com/airockchip/rknn_model_zoo/blob/main/README.md,image-model FPS from rknn_model_zoo table; max NPU frequency; model inference time only (excludes pre/post-processing unless specified); batch 1
Rockchip,RV1126,,ppseg_lite_1024x512,ppseg,"[1, 3, 512, 512]",INT8,fps,27.1,fps,RKNN (rknn_model_zoo demo),https://github.com/airockchip/rknn_model_zoo/blob/main/README.md,image-model FPS from rknn_model_zoo table; max NPU frequency; model inference time only (excludes pre/post-processing unless specified); batch 1
Rockchip,RK1808,,ppseg_lite_1024x512,ppseg,"[1, 3, 512, 512]",INT8,fps,20.9,fps,RKNN (rknn_model_zoo demo),https://github.com/airockchip/rknn_model_zoo/blob/main/README.md,image-model FPS from rknn_model_zoo table; max NPU frequency; model inference time only (excludes pre/post-processing unless specified); batch 1
Rockchip,RK3566/RK3568,,mobilesam_encoder_tiny,mobilesam,"[1, 3, 448, 448]",FP16,fps,1.0,fps,RKNN (rknn_model_zoo demo),https://github.com/airockchip/rknn_model_zoo/blob/main/README.md,image-model FPS from rknn_model_zoo table; max NPU frequency; model inference time only (excludes pre/post-processing unless specified); batch 1; one column shared by RK3566 and RK3568 in source
Rockchip,RK3562,,mobilesam_encoder_tiny,mobilesam,"[1, 3, 448, 448]",FP16,fps,6.6,fps,RKNN (rknn_model_zoo demo),https://github.com/airockchip/rknn_model_zoo/blob/main/README.md,image-model FPS from rknn_model_zoo table; max NPU frequency; model inference time only (excludes pre/post-processing unless specified); batch 1
Rockchip,RK3588,,mobilesam_encoder_tiny,mobilesam,"[1, 3, 448, 448]",FP16,fps,10.0,fps,RKNN (rknn_model_zoo demo),https://github.com/airockchip/rknn_model_zoo/blob/main/README.md,image-model FPS from rknn_model_zoo table; max NPU frequency; model inference time only (excludes pre/post-processing unless specified); batch 1; single NPU core
Rockchip,RK3576,,mobilesam_encoder_tiny,mobilesam,"[1, 3, 448, 448]",FP16,fps,11.9,fps,RKNN (rknn_model_zoo demo),https://github.com/airockchip/rknn_model_zoo/blob/main/README.md,image-model FPS from rknn_model_zoo table; max NPU frequency; model inference time only (excludes pre/post-processing unless specified); batch 1; single NPU core
Rockchip,RK3566/RK3568,,mobilesam_decoder,mobilesam,"[1, 1, 112, 112]",FP16,fps,24.3,fps,RKNN (rknn_model_zoo demo),https://github.com/airockchip/rknn_model_zoo/blob/main/README.md,image-model FPS from rknn_model_zoo table; max NPU frequency; model inference time only (excludes pre/post-processing unless specified); batch 1; one column shared by RK3566 and RK3568 in source
Rockchip,RK3562,,mobilesam_decoder,mobilesam,"[1, 1, 112, 112]",FP16,fps,69.6,fps,RKNN (rknn_model_zoo demo),https://github.com/airockchip/rknn_model_zoo/blob/main/README.md,image-model FPS from rknn_model_zoo table; max NPU frequency; model inference time only (excludes pre/post-processing unless specified); batch 1
Rockchip,RK3588,,mobilesam_decoder,mobilesam,"[1, 1, 112, 112]",FP16,fps,116.4,fps,RKNN (rknn_model_zoo demo),https://github.com/airockchip/rknn_model_zoo/blob/main/README.md,image-model FPS from rknn_model_zoo table; max NPU frequency; model inference time only (excludes pre/post-processing unless specified); batch 1; single NPU core
Rockchip,RK3576,,mobilesam_decoder,mobilesam,"[1, 1, 112, 112]",FP16,fps,108.6,fps,RKNN (rknn_model_zoo demo),https://github.com/airockchip/rknn_model_zoo/blob/main/README.md,image-model FPS from rknn_model_zoo table; max NPU frequency; model inference time only (excludes pre/post-processing unless specified); batch 1; single NPU core
Rockchip,RK3566/RK3568,,RetinaFace_mobile320,RetinaFace,"[1, 3, 320, 320]",INT8,fps,156.4,fps,RKNN (rknn_model_zoo demo),https://github.com/airockchip/rknn_model_zoo/blob/main/README.md,image-model FPS from rknn_model_zoo table; max NPU frequency; model inference time only (excludes pre/post-processing unless specified); batch 1; one column shared by RK3566 and RK3568 in source
Rockchip,RK3562,,RetinaFace_mobile320,RetinaFace,"[1, 3, 320, 320]",INT8,fps,300.8,fps,RKNN (rknn_model_zoo demo),https://github.com/airockchip/rknn_model_zoo/blob/main/README.md,image-model FPS from rknn_model_zoo table; max NPU frequency; model inference time only (excludes pre/post-processing unless specified); batch 1
Rockchip,RK3588,,RetinaFace_mobile320,RetinaFace,"[1, 3, 320, 320]",INT8,fps,227.2,fps,RKNN (rknn_model_zoo demo),https://github.com/airockchip/rknn_model_zoo/blob/main/README.md,image-model FPS from rknn_model_zoo table; max NPU frequency; model inference time only (excludes pre/post-processing unless specified); batch 1; single NPU core
Rockchip,RK3576,,RetinaFace_mobile320,RetinaFace,"[1, 3, 320, 320]",INT8,fps,470.5,fps,RKNN (rknn_model_zoo demo),https://github.com/airockchip/rknn_model_zoo/blob/main/README.md,image-model FPS from rknn_model_zoo table; max NPU frequency; model inference time only (excludes pre/post-processing unless specified); batch 1; single NPU core
Rockchip,RV1109,,RetinaFace_mobile320,RetinaFace,"[1, 3, 320, 320]",INT8,fps,144.8,fps,RKNN (rknn_model_zoo demo),https://github.com/airockchip/rknn_model_zoo/blob/main/README.md,image-model FPS from rknn_model_zoo table; max NPU frequency; model inference time only (excludes pre/post-processing unless specified); batch 1
Rockchip,RV1126,,RetinaFace_mobile320,RetinaFace,"[1, 3, 320, 320]",INT8,fps,212.5,fps,RKNN (rknn_model_zoo demo),https://github.com/airockchip/rknn_model_zoo/blob/main/README.md,image-model FPS from rknn_model_zoo table; max NPU frequency; model inference time only (excludes pre/post-processing unless specified); batch 1
Rockchip,RK1808,,RetinaFace_mobile320,RetinaFace,"[1, 3, 320, 320]",INT8,fps,198.5,fps,RKNN (rknn_model_zoo demo),https://github.com/airockchip/rknn_model_zoo/blob/main/README.md,image-model FPS from rknn_model_zoo table; max NPU frequency; model inference time only (excludes pre/post-processing unless specified); batch 1
Rockchip,RK3566/RK3568,,RetinaFace_resnet50_320,RetinaFace,"[1, 3, 320, 320]",INT8,fps,18.7,fps,RKNN (rknn_model_zoo demo),https://github.com/airockchip/rknn_model_zoo/blob/main/README.md,image-model FPS from rknn_model_zoo table; max NPU frequency; model inference time only (excludes pre/post-processing unless specified); batch 1; one column shared by RK3566 and RK3568 in source
Rockchip,RK3562,,RetinaFace_resnet50_320,RetinaFace,"[1, 3, 320, 320]",INT8,fps,26.9,fps,RKNN (rknn_model_zoo demo),https://github.com/airockchip/rknn_model_zoo/blob/main/README.md,image-model FPS from rknn_model_zoo table; max NPU frequency; model inference time only (excludes pre/post-processing unless specified); batch 1
Rockchip,RK3588,,RetinaFace_resnet50_320,RetinaFace,"[1, 3, 320, 320]",INT8,fps,49.2,fps,RKNN (rknn_model_zoo demo),https://github.com/airockchip/rknn_model_zoo/blob/main/README.md,image-model FPS from rknn_model_zoo table; max NPU frequency; model inference time only (excludes pre/post-processing unless specified); batch 1; single NPU core
Rockchip,RK3576,,RetinaFace_resnet50_320,RetinaFace,"[1, 3, 320, 320]",INT8,fps,56.6,fps,RKNN (rknn_model_zoo demo),https://github.com/airockchip/rknn_model_zoo/blob/main/README.md,image-model FPS from rknn_model_zoo table; max NPU frequency; model inference time only (excludes pre/post-processing unless specified); batch 1; single NPU core
Rockchip,RV1109,,RetinaFace_resnet50_320,RetinaFace,"[1, 3, 320, 320]",INT8,fps,14.6,fps,RKNN (rknn_model_zoo demo),https://github.com/airockchip/rknn_model_zoo/blob/main/README.md,image-model FPS from rknn_model_zoo table; max NPU frequency; model inference time only (excludes pre/post-processing unless specified); batch 1
Rockchip,RV1126,,RetinaFace_resnet50_320,RetinaFace,"[1, 3, 320, 320]",INT8,fps,20.8,fps,RKNN (rknn_model_zoo demo),https://github.com/airockchip/rknn_model_zoo/blob/main/README.md,image-model FPS from rknn_model_zoo table; max NPU frequency; model inference time only (excludes pre/post-processing unless specified); batch 1
Rockchip,RK1808,,RetinaFace_resnet50_320,RetinaFace,"[1, 3, 320, 320]",INT8,fps,24.6,fps,RKNN (rknn_model_zoo demo),https://github.com/airockchip/rknn_model_zoo/blob/main/README.md,image-model FPS from rknn_model_zoo table; max NPU frequency; model inference time only (excludes pre/post-processing unless specified); batch 1
Rockchip,RK3566/RK3568,,lprnet,LPRNet,"[1, 3, 24, 94]",FP16,fps,143.2,fps,RKNN (rknn_model_zoo demo),https://github.com/airockchip/rknn_model_zoo/blob/main/README.md,image-model FPS from rknn_model_zoo table; max NPU frequency; model inference time only (excludes pre/post-processing unless specified); batch 1; one column shared by RK3566 and RK3568 in source
Rockchip,RK3562,,lprnet,LPRNet,"[1, 3, 24, 94]",FP16,fps,420.6,fps,RKNN (rknn_model_zoo demo),https://github.com/airockchip/rknn_model_zoo/blob/main/README.md,image-model FPS from rknn_model_zoo table; max NPU frequency; model inference time only (excludes pre/post-processing unless specified); batch 1
Rockchip,RK3588,,lprnet,LPRNet,"[1, 3, 24, 94]",FP16,fps,586.4,fps,RKNN (rknn_model_zoo demo),https://github.com/airockchip/rknn_model_zoo/blob/main/README.md,image-model FPS from rknn_model_zoo table; max NPU frequency; model inference time only (excludes pre/post-processing unless specified); batch 1; single NPU core
Rockchip,RK3576,,lprnet,LPRNet,"[1, 3, 24, 94]",FP16,fps,647.8,fps,RKNN (rknn_model_zoo demo),https://github.com/airockchip/rknn_model_zoo/blob/main/README.md,image-model FPS from rknn_model_zoo table; max NPU frequency; model inference time only (excludes pre/post-processing unless specified); batch 1; single NPU core
Rockchip,RV1109,,lprnet,LPRNet,"[1, 3, 24, 94]",INT8,fps,30.6,fps,RKNN (rknn_model_zoo demo),https://github.com/airockchip/rknn_model_zoo/blob/main/README.md,image-model FPS from rknn_model_zoo table; max NPU frequency; model inference time only (excludes pre/post-processing unless specified); batch 1; this cell labelled INT8 in source (column header dtype FP16)
Rockchip,RV1126,,lprnet,LPRNet,"[1, 3, 24, 94]",INT8,fps,47.6,fps,RKNN (rknn_model_zoo demo),https://github.com/airockchip/rknn_model_zoo/blob/main/README.md,image-model FPS from rknn_model_zoo table; max NPU frequency; model inference time only (excludes pre/post-processing unless specified); batch 1; this cell labelled INT8 in source (column header dtype FP16)
Rockchip,RK1808,,lprnet,LPRNet,"[1, 3, 24, 94]",INT8,fps,30.1,fps,RKNN (rknn_model_zoo demo),https://github.com/airockchip/rknn_model_zoo/blob/main/README.md,image-model FPS from rknn_model_zoo table; max NPU frequency; model inference time only (excludes pre/post-processing unless specified); batch 1; this cell labelled INT8 in source (column header dtype FP16)
Rockchip,RK3566/RK3568,,ppocrv4_det,PPOCR-Det,"[1, 3, 480, 480]",INT8,fps,22.1,fps,RKNN (rknn_model_zoo demo),https://github.com/airockchip/rknn_model_zoo/blob/main/README.md,image-model FPS from rknn_model_zoo table; max NPU frequency; model inference time only (excludes pre/post-processing unless specified); batch 1; one column shared by RK3566 and RK3568 in source
Rockchip,RK3562,,ppocrv4_det,PPOCR-Det,"[1, 3, 480, 480]",INT8,fps,28.0,fps,RKNN (rknn_model_zoo demo),https://github.com/airockchip/rknn_model_zoo/blob/main/README.md,image-model FPS from rknn_model_zoo table; max NPU frequency; model inference time only (excludes pre/post-processing unless specified); batch 1
Rockchip,RK3588,,ppocrv4_det,PPOCR-Det,"[1, 3, 480, 480]",INT8,fps,50.7,fps,RKNN (rknn_model_zoo demo),https://github.com/airockchip/rknn_model_zoo/blob/main/README.md,image-model FPS from rknn_model_zoo table; max NPU frequency; model inference time only (excludes pre/post-processing unless specified); batch 1; single NPU core
Rockchip,RK3576,,ppocrv4_det,PPOCR-Det,"[1, 3, 480, 480]",INT8,fps,64.3,fps,RKNN (rknn_model_zoo demo),https://github.com/airockchip/rknn_model_zoo/blob/main/README.md,image-model FPS from rknn_model_zoo table; max NPU frequency; model inference time only (excludes pre/post-processing unless specified); batch 1; single NPU core
Rockchip,RV1109,,ppocrv4_det,PPOCR-Det,"[1, 3, 480, 480]",INT8,fps,11.0,fps,RKNN (rknn_model_zoo demo),https://github.com/airockchip/rknn_model_zoo/blob/main/README.md,image-model FPS from rknn_model_zoo table; max NPU frequency; model inference time only (excludes pre/post-processing unless specified); batch 1
Rockchip,RV1126,,ppocrv4_det,PPOCR-Det,"[1, 3, 480, 480]",INT8,fps,16.1,fps,RKNN (rknn_model_zoo demo),https://github.com/airockchip/rknn_model_zoo/blob/main/README.md,image-model FPS from rknn_model_zoo table; max NPU frequency; model inference time only (excludes pre/post-processing unless specified); batch 1
Rockchip,RK1808,,ppocrv4_det,PPOCR-Det,"[1, 3, 480, 480]",INT8,fps,14.2,fps,RKNN (rknn_model_zoo demo),https://github.com/airockchip/rknn_model_zoo/blob/main/README.md,image-model FPS from rknn_model_zoo table; max NPU frequency; model inference time only (excludes pre/post-processing unless specified); batch 1
Rockchip,RK3566/RK3568,,ppocrv4_rec,PPOCR-Rec,"[1, 3, 48, 320]",FP16,fps,19.5,fps,RKNN (rknn_model_zoo demo),https://github.com/airockchip/rknn_model_zoo/blob/main/README.md,image-model FPS from rknn_model_zoo table; max NPU frequency; model inference time only (excludes pre/post-processing unless specified); batch 1; one column shared by RK3566 and RK3568 in source
Rockchip,RK3562,,ppocrv4_rec,PPOCR-Rec,"[1, 3, 48, 320]",FP16,fps,54.3,fps,RKNN (rknn_model_zoo demo),https://github.com/airockchip/rknn_model_zoo/blob/main/README.md,image-model FPS from rknn_model_zoo table; max NPU frequency; model inference time only (excludes pre/post-processing unless specified); batch 1
Rockchip,RK3588,,ppocrv4_rec,PPOCR-Rec,"[1, 3, 48, 320]",FP16,fps,73.9,fps,RKNN (rknn_model_zoo demo),https://github.com/airockchip/rknn_model_zoo/blob/main/README.md,image-model FPS from rknn_model_zoo table; max NPU frequency; model inference time only (excludes pre/post-processing unless specified); batch 1; single NPU core
Rockchip,RK3576,,ppocrv4_rec,PPOCR-Rec,"[1, 3, 48, 320]",FP16,fps,96.8,fps,RKNN (rknn_model_zoo demo),https://github.com/airockchip/rknn_model_zoo/blob/main/README.md,image-model FPS from rknn_model_zoo table; max NPU frequency; model inference time only (excludes pre/post-processing unless specified); batch 1; single NPU core
Rockchip,RV1109,,ppocrv4_rec,PPOCR-Rec,"[1, 3, 48, 320]",FP16,fps,1.0,fps,RKNN (rknn_model_zoo demo),https://github.com/airockchip/rknn_model_zoo/blob/main/README.md,image-model FPS from rknn_model_zoo table; max NPU frequency; model inference time only (excludes pre/post-processing unless specified); batch 1
Rockchip,RV1126,,ppocrv4_rec,PPOCR-Rec,"[1, 3, 48, 320]",FP16,fps,1.6,fps,RKNN (rknn_model_zoo demo),https://github.com/airockchip/rknn_model_zoo/blob/main/README.md,image-model FPS from rknn_model_zoo table; max NPU frequency; model inference time only (excludes pre/post-processing unless specified); batch 1
Rockchip,RK1808,,ppocrv4_rec,PPOCR-Rec,"[1, 3, 48, 320]",FP16,fps,6.7,fps,RKNN (rknn_model_zoo demo),https://github.com/airockchip/rknn_model_zoo/blob/main/README.md,image-model FPS from rknn_model_zoo table; max NPU frequency; model inference time only (excludes pre/post-processing unless specified); batch 1
Rockchip,RK3566/RK3568,,lite-transformer-encoder-16,lite_transformer,"embedding-256, token-16",FP16,fps,337.5,fps,RKNN (rknn_model_zoo demo),https://github.com/airockchip/rknn_model_zoo/blob/main/README.md,image-model FPS from rknn_model_zoo table; max NPU frequency; model inference time only (excludes pre/post-processing unless specified); batch 1; one column shared by RK3566 and RK3568 in source
Rockchip,RK3562,,lite-transformer-encoder-16,lite_transformer,"embedding-256, token-16",FP16,fps,725.8,fps,RKNN (rknn_model_zoo demo),https://github.com/airockchip/rknn_model_zoo/blob/main/README.md,image-model FPS from rknn_model_zoo table; max NPU frequency; model inference time only (excludes pre/post-processing unless specified); batch 1
Rockchip,RK3588,,lite-transformer-encoder-16,lite_transformer,"embedding-256, token-16",FP16,fps,867.6,fps,RKNN (rknn_model_zoo demo),https://github.com/airockchip/rknn_model_zoo/blob/main/README.md,image-model FPS from rknn_model_zoo table; max NPU frequency; model inference time only (excludes pre/post-processing unless specified); batch 1; single NPU core
Rockchip,RK3576,,lite-transformer-encoder-16,lite_transformer,"embedding-256, token-16",FP16,fps,784.1,fps,RKNN (rknn_model_zoo demo),https://github.com/airockchip/rknn_model_zoo/blob/main/README.md,image-model FPS from rknn_model_zoo table; max NPU frequency; model inference time only (excludes pre/post-processing unless specified); batch 1; single NPU core
Rockchip,RV1109,,lite-transformer-encoder-16,lite_transformer,"embedding-256, token-16",FP16,fps,22.7,fps,RKNN (rknn_model_zoo demo),https://github.com/airockchip/rknn_model_zoo/blob/main/README.md,image-model FPS from rknn_model_zoo table; max NPU frequency; model inference time only (excludes pre/post-processing unless specified); batch 1
Rockchip,RV1126,,lite-transformer-encoder-16,lite_transformer,"embedding-256, token-16",FP16,fps,35.4,fps,RKNN (rknn_model_zoo demo),https://github.com/airockchip/rknn_model_zoo/blob/main/README.md,image-model FPS from rknn_model_zoo table; max NPU frequency; model inference time only (excludes pre/post-processing unless specified); batch 1
Rockchip,RK1808,,lite-transformer-encoder-16,lite_transformer,"embedding-256, token-16",FP16,fps,98.3,fps,RKNN (rknn_model_zoo demo),https://github.com/airockchip/rknn_model_zoo/blob/main/README.md,image-model FPS from rknn_model_zoo table; max NPU frequency; model inference time only (excludes pre/post-processing unless specified); batch 1
Rockchip,RK3566/RK3568,,lite-transformer-decoder-16,lite_transformer,"embedding-256, token-16",FP16,fps,142.5,fps,RKNN (rknn_model_zoo demo),https://github.com/airockchip/rknn_model_zoo/blob/main/README.md,image-model FPS from rknn_model_zoo table; max NPU frequency; model inference time only (excludes pre/post-processing unless specified); batch 1; one column shared by RK3566 and RK3568 in source
Rockchip,RK3562,,lite-transformer-decoder-16,lite_transformer,"embedding-256, token-16",FP16,fps,252.0,fps,RKNN (rknn_model_zoo demo),https://github.com/airockchip/rknn_model_zoo/blob/main/README.md,image-model FPS from rknn_model_zoo table; max NPU frequency; model inference time only (excludes pre/post-processing unless specified); batch 1
Rockchip,RK3588,,lite-transformer-decoder-16,lite_transformer,"embedding-256, token-16",FP16,fps,343.8,fps,RKNN (rknn_model_zoo demo),https://github.com/airockchip/rknn_model_zoo/blob/main/README.md,image-model FPS from rknn_model_zoo table; max NPU frequency; model inference time only (excludes pre/post-processing unless specified); batch 1; single NPU core
Rockchip,RK3576,,lite-transformer-decoder-16,lite_transformer,"embedding-256, token-16",FP16,fps,272.3,fps,RKNN (rknn_model_zoo demo),https://github.com/airockchip/rknn_model_zoo/blob/main/README.md,image-model FPS from rknn_model_zoo table; max NPU frequency; model inference time only (excludes pre/post-processing unless specified); batch 1; single NPU core
Rockchip,RV1109,,lite-transformer-decoder-16,lite_transformer,"embedding-256, token-16",FP16,fps,48.0,fps,RKNN (rknn_model_zoo demo),https://github.com/airockchip/rknn_model_zoo/blob/main/README.md,image-model FPS from rknn_model_zoo table; max NPU frequency; model inference time only (excludes pre/post-processing unless specified); batch 1
Rockchip,RV1126,,lite-transformer-decoder-16,lite_transformer,"embedding-256, token-16",FP16,fps,65.8,fps,RKNN (rknn_model_zoo demo),https://github.com/airockchip/rknn_model_zoo/blob/main/README.md,image-model FPS from rknn_model_zoo table; max NPU frequency; model inference time only (excludes pre/post-processing unless specified); batch 1
Rockchip,RK1808,,lite-transformer-decoder-16,lite_transformer,"embedding-256, token-16",FP16,fps,109.9,fps,RKNN (rknn_model_zoo demo),https://github.com/airockchip/rknn_model_zoo/blob/main/README.md,image-model FPS from rknn_model_zoo table; max NPU frequency; model inference time only (excludes pre/post-processing unless specified); batch 1
Rockchip,RK3566/RK3568,,clip_images,clip,"[1, 3, 224, 224]",FP16,fps,2.3,fps,RKNN (rknn_model_zoo demo),https://github.com/airockchip/rknn_model_zoo/blob/main/README.md,image-model FPS from rknn_model_zoo table; max NPU frequency; model inference time only (excludes pre/post-processing unless specified); batch 1; one column shared by RK3566 and RK3568 in source
Rockchip,RK3562,,clip_images,clip,"[1, 3, 224, 224]",FP16,fps,3.4,fps,RKNN (rknn_model_zoo demo),https://github.com/airockchip/rknn_model_zoo/blob/main/README.md,image-model FPS from rknn_model_zoo table; max NPU frequency; model inference time only (excludes pre/post-processing unless specified); batch 1
Rockchip,RK3588,,clip_images,clip,"[1, 3, 224, 224]",FP16,fps,6.5,fps,RKNN (rknn_model_zoo demo),https://github.com/airockchip/rknn_model_zoo/blob/main/README.md,image-model FPS from rknn_model_zoo table; max NPU frequency; model inference time only (excludes pre/post-processing unless specified); batch 1; single NPU core
Rockchip,RK3576,,clip_images,clip,"[1, 3, 224, 224]",FP16,fps,6.7,fps,RKNN (rknn_model_zoo demo),https://github.com/airockchip/rknn_model_zoo/blob/main/README.md,image-model FPS from rknn_model_zoo table; max NPU frequency; model inference time only (excludes pre/post-processing unless specified); batch 1; single NPU core
Rockchip,RK3566/RK3568,,clip_text,clip,"[1, 20]",FP16,fps,29.7,fps,RKNN (rknn_model_zoo demo),https://github.com/airockchip/rknn_model_zoo/blob/main/README.md,image-model FPS from rknn_model_zoo table; max NPU frequency; model inference time only (excludes pre/post-processing unless specified); batch 1; one column shared by RK3566 and RK3568 in source
Rockchip,RK3562,,clip_text,clip,"[1, 20]",FP16,fps,66.6,fps,RKNN (rknn_model_zoo demo),https://github.com/airockchip/rknn_model_zoo/blob/main/README.md,image-model FPS from rknn_model_zoo table; max NPU frequency; model inference time only (excludes pre/post-processing unless specified); batch 1
Rockchip,RK3588,,clip_text,clip,"[1, 20]",FP16,fps,96.0,fps,RKNN (rknn_model_zoo demo),https://github.com/airockchip/rknn_model_zoo/blob/main/README.md,image-model FPS from rknn_model_zoo table; max NPU frequency; model inference time only (excludes pre/post-processing unless specified); batch 1; single NPU core
Rockchip,RK3576,,clip_text,clip,"[1, 20]",FP16,fps,63.7,fps,RKNN (rknn_model_zoo demo),https://github.com/airockchip/rknn_model_zoo/blob/main/README.md,image-model FPS from rknn_model_zoo table; max NPU frequency; model inference time only (excludes pre/post-processing unless specified); batch 1; single NPU core
Rockchip,RK3588,,Qwen2 0.5B,LLM generation,seqlen 128,w8a8,tokens_per_s,41.58,tokens/s,rknn-llm,https://github.com/airockchip/rknn-llm/blob/main/benchmark.md,"decode speed; Seqlen 128, new tokens 64; max CPU/NPU frequency; TTFT 145.90 ms and memory 669.56 MB in source; optimization_level 0"
Rockchip,RK3588,,Qwen2 0.5B,LLM generation,seqlen 128,w8a8,latency_ms,145.90,ms,rknn-llm,https://github.com/airockchip/rknn-llm/blob/main/benchmark.md,"time to first token (TTFT); Seqlen 128, new tokens 64; max CPU/NPU frequency"
Rockchip,RK3588,,MiniCPM4 0.5B,LLM generation,seqlen 128,w8a8,tokens_per_s,45.34,tokens/s,rknn-llm,https://github.com/airockchip/rknn-llm/blob/main/benchmark.md,"decode speed; Seqlen 128, new tokens 64; max CPU/NPU frequency; TTFT 135.29 ms and memory 534.82 MB in source; optimization_level 0"
Rockchip,RK3588,,MiniCPM4 0.5B,LLM generation,seqlen 128,w8a8,latency_ms,135.29,ms,rknn-llm,https://github.com/airockchip/rknn-llm/blob/main/benchmark.md,"time to first token (TTFT); Seqlen 128, new tokens 64; max CPU/NPU frequency"
Rockchip,RK3588,,Qwen3 0.6B,LLM generation,seqlen 128,w8a8,tokens_per_s,32.91,tokens/s,rknn-llm,https://github.com/airockchip/rknn-llm/blob/main/benchmark.md,"decode speed; Seqlen 128, new tokens 64; max CPU/NPU frequency; TTFT 199.09 ms and memory 791.11 MB in source; optimization_level 0"
Rockchip,RK3588,,Qwen3 0.6B,LLM generation,seqlen 128,w8a8,latency_ms,199.09,ms,rknn-llm,https://github.com/airockchip/rknn-llm/blob/main/benchmark.md,"time to first token (TTFT); Seqlen 128, new tokens 64; max CPU/NPU frequency"
Rockchip,RK3588,,TinyLLAMA 1.1B,LLM generation,seqlen 128,w8a8,tokens_per_s,24.43,tokens/s,rknn-llm,https://github.com/airockchip/rknn-llm/blob/main/benchmark.md,"decode speed; Seqlen 128, new tokens 64; max CPU/NPU frequency; TTFT 243.93 ms and memory 1093.66 MB in source; optimization_level 0"
Rockchip,RK3588,,TinyLLAMA 1.1B,LLM generation,seqlen 128,w8a8,latency_ms,243.93,ms,rknn-llm,https://github.com/airockchip/rknn-llm/blob/main/benchmark.md,"time to first token (TTFT); Seqlen 128, new tokens 64; max CPU/NPU frequency"
Rockchip,RK3588,,Qwen2.5 1.5B,LLM generation,seqlen 128,w8a8,tokens_per_s,16.69,tokens/s,rknn-llm,https://github.com/airockchip/rknn-llm/blob/main/benchmark.md,"decode speed; Seqlen 128, new tokens 64; max CPU/NPU frequency; TTFT 378.31 ms and memory 1689.21 MB in source; optimization_level 0"
Rockchip,RK3588,,Qwen2.5 1.5B,LLM generation,seqlen 128,w8a8,latency_ms,378.31,ms,rknn-llm,https://github.com/airockchip/rknn-llm/blob/main/benchmark.md,"time to first token (TTFT); Seqlen 128, new tokens 64; max CPU/NPU frequency"
Rockchip,RK3588,,RWKV7 1.5B,LLM generation,seqlen 128,w8a8,tokens_per_s,13.82,tokens/s,rknn-llm,https://github.com/airockchip/rknn-llm/blob/main/benchmark.md,"decode speed; Seqlen 128, new tokens 64; max CPU/NPU frequency; TTFT 634.34 ms and memory 1486.19 MB in source; optimization_level 0"
Rockchip,RK3588,,RWKV7 1.5B,LLM generation,seqlen 128,w8a8,latency_ms,634.34,ms,rknn-llm,https://github.com/airockchip/rknn-llm/blob/main/benchmark.md,"time to first token (TTFT); Seqlen 128, new tokens 64; max CPU/NPU frequency"
Rockchip,RK3588,,InternLM2 1.8B,LLM generation,seqlen 128,w8a8,tokens_per_s,15.45,tokens/s,rknn-llm,https://github.com/airockchip/rknn-llm/blob/main/benchmark.md,"decode speed; Seqlen 128, new tokens 64; max CPU/NPU frequency; TTFT 380.14 ms and memory 1775.56 MB in source; optimization_level 0"
Rockchip,RK3588,,InternLM2 1.8B,LLM generation,seqlen 128,w8a8,latency_ms,380.14,ms,rknn-llm,https://github.com/airockchip/rknn-llm/blob/main/benchmark.md,"time to first token (TTFT); Seqlen 128, new tokens 64; max CPU/NPU frequency"
Rockchip,RK3588,,Gemma2 2B,LLM generation,seqlen 128,w8a8,tokens_per_s,10.37,tokens/s,rknn-llm,https://github.com/airockchip/rknn-llm/blob/main/benchmark.md,"decode speed; Seqlen 128, new tokens 64; max CPU/NPU frequency; TTFT 598.41 ms and memory 2779.22 MB in source; optimization_level 0"
Rockchip,RK3588,,Gemma2 2B,LLM generation,seqlen 128,w8a8,latency_ms,598.41,ms,rknn-llm,https://github.com/airockchip/rknn-llm/blob/main/benchmark.md,"time to first token (TTFT); Seqlen 128, new tokens 64; max CPU/NPU frequency"
Rockchip,RK3588,,Gemma3n 2B,LLM generation,seqlen 128,w8a8,tokens_per_s,9.91,tokens/s,rknn-llm,https://github.com/airockchip/rknn-llm/blob/main/benchmark.md,"decode speed; Seqlen 128, new tokens 64; max CPU/NPU frequency; TTFT 1124.51 ms and memory 2702.59 MB in source; optimization_level 0"
Rockchip,RK3588,,Gemma3n 2B,LLM generation,seqlen 128,w8a8,latency_ms,1124.51,ms,rknn-llm,https://github.com/airockchip/rknn-llm/blob/main/benchmark.md,"time to first token (TTFT); Seqlen 128, new tokens 64; max CPU/NPU frequency"
Rockchip,RK3588,,TeleChat2 3B,LLM generation,seqlen 128,w8a8,tokens_per_s,10.18,tokens/s,rknn-llm,https://github.com/airockchip/rknn-llm/blob/main/benchmark.md,"decode speed; Seqlen 128, new tokens 64; max CPU/NPU frequency; TTFT 618.48 ms and memory 2788.39 MB in source; optimization_level 0"
Rockchip,RK3588,,TeleChat2 3B,LLM generation,seqlen 128,w8a8,latency_ms,618.48,ms,rknn-llm,https://github.com/airockchip/rknn-llm/blob/main/benchmark.md,"time to first token (TTFT); Seqlen 128, new tokens 64; max CPU/NPU frequency"
Rockchip,RK3588,,Phi3 3.8B,LLM generation,seqlen 128,w8a8,tokens_per_s,7.45,tokens/s,rknn-llm,https://github.com/airockchip/rknn-llm/blob/main/benchmark.md,"decode speed; Seqlen 128, new tokens 64; max CPU/NPU frequency; TTFT 1017.28 ms and memory 3758.34 MB in source; optimization_level 0"
Rockchip,RK3588,,Phi3 3.8B,LLM generation,seqlen 128,w8a8,latency_ms,1017.28,ms,rknn-llm,https://github.com/airockchip/rknn-llm/blob/main/benchmark.md,"time to first token (TTFT); Seqlen 128, new tokens 64; max CPU/NPU frequency"
Rockchip,RK3588,,MiniCPM3 4B,LLM generation,seqlen 128,w8a8,tokens_per_s,5.94,tokens/s,rknn-llm,https://github.com/airockchip/rknn-llm/blob/main/benchmark.md,"decode speed; Seqlen 128, new tokens 64; max CPU/NPU frequency; TTFT 1408.49 ms and memory 4384.02 MB in source; optimization_level 0"
Rockchip,RK3588,,MiniCPM3 4B,LLM generation,seqlen 128,w8a8,latency_ms,1408.49,ms,rknn-llm,https://github.com/airockchip/rknn-llm/blob/main/benchmark.md,"time to first token (TTFT); Seqlen 128, new tokens 64; max CPU/NPU frequency"
Rockchip,RK3588,,ChatGLM3 6B,LLM generation,seqlen 128,w8a8,tokens_per_s,4.98,tokens/s,rknn-llm,https://github.com/airockchip/rknn-llm/blob/main/benchmark.md,"decode speed; Seqlen 128, new tokens 64; max CPU/NPU frequency; TTFT 1352.94 ms and memory 5985.99 MB in source; optimization_level 0"
Rockchip,RK3588,,ChatGLM3 6B,LLM generation,seqlen 128,w8a8,latency_ms,1352.94,ms,rknn-llm,https://github.com/airockchip/rknn-llm/blob/main/benchmark.md,"time to first token (TTFT); Seqlen 128, new tokens 64; max CPU/NPU frequency"
Rockchip,RK3588,,Qwen3-VL 2B,LLM generation,seqlen 128,w8a8,tokens_per_s,14.98,tokens/s,rknn-llm,https://github.com/airockchip/rknn-llm/blob/main/benchmark.md,"decode speed; Seqlen 128, new tokens 64; max CPU/NPU frequency; TTFT 383.62 ms and memory 1868.98 MB in source; optimization_level 0"
Rockchip,RK3588,,Qwen3-VL 2B,LLM generation,seqlen 128,w8a8,latency_ms,383.62,ms,rknn-llm,https://github.com/airockchip/rknn-llm/blob/main/benchmark.md,"time to first token (TTFT); Seqlen 128, new tokens 64; max CPU/NPU frequency"
Rockchip,RK3588,,DeepSeekOCR 3B(A570M),LLM generation,seqlen 128,w8a8,tokens_per_s,31.60,tokens/s,rknn-llm,https://github.com/airockchip/rknn-llm/blob/main/benchmark.md,"decode speed; Seqlen 128, new tokens 64; max CPU/NPU frequency; TTFT 701.21 ms and memory 3066.66 MB in source; optimization_level 0"
Rockchip,RK3588,,DeepSeekOCR 3B(A570M),LLM generation,seqlen 128,w8a8,latency_ms,701.21,ms,rknn-llm,https://github.com/airockchip/rknn-llm/blob/main/benchmark.md,"time to first token (TTFT); Seqlen 128, new tokens 64; max CPU/NPU frequency"
Rockchip,RK3588,,Qwen3.5 0.8B,LLM generation,seqlen 128,w8a8,tokens_per_s,27.05,tokens/s,rknn-llm,https://github.com/airockchip/rknn-llm/blob/main/benchmark.md,"decode speed; Seqlen 128, new tokens 64; max CPU/NPU frequency; TTFT 587.74 ms and memory 1039.66 MB in source; optimization_level 0"
Rockchip,RK3588,,Qwen3.5 0.8B,LLM generation,seqlen 128,w8a8,latency_ms,587.74,ms,rknn-llm,https://github.com/airockchip/rknn-llm/blob/main/benchmark.md,"time to first token (TTFT); Seqlen 128, new tokens 64; max CPU/NPU frequency"
Rockchip,RK3588,,Qwen3.5 2B,LLM generation,seqlen 128,w8a8,tokens_per_s,13.59,tokens/s,rknn-llm,https://github.com/airockchip/rknn-llm/blob/main/benchmark.md,"decode speed; Seqlen 128, new tokens 64; max CPU/NPU frequency; TTFT 776.95 ms and memory 2121.91 MB in source; optimization_level 0"
Rockchip,RK3588,,Qwen3.5 2B,LLM generation,seqlen 128,w8a8,latency_ms,776.95,ms,rknn-llm,https://github.com/airockchip/rknn-llm/blob/main/benchmark.md,"time to first token (TTFT); Seqlen 128, new tokens 64; max CPU/NPU frequency"
Rockchip,RK3588,,Qwen3.5 4B,LLM generation,seqlen 128,w8a8,tokens_per_s,6.22,tokens/s,rknn-llm,https://github.com/airockchip/rknn-llm/blob/main/benchmark.md,"decode speed; Seqlen 128, new tokens 64; max CPU/NPU frequency; TTFT 2068.88 ms and memory 4575.78 MB in source; optimization_level 0"
Rockchip,RK3588,,Qwen3.5 4B,LLM generation,seqlen 128,w8a8,latency_ms,2068.88,ms,rknn-llm,https://github.com/airockchip/rknn-llm/blob/main/benchmark.md,"time to first token (TTFT); Seqlen 128, new tokens 64; max CPU/NPU frequency"
Rockchip,RK3588,,Gemma4 E2B,LLM generation,seqlen 128,w8a8,tokens_per_s,11.12,tokens/s,rknn-llm,https://github.com/airockchip/rknn-llm/blob/main/benchmark.md,"decode speed; Seqlen 128, new tokens 64; max CPU/NPU frequency; TTFT 599.06 ms and memory 2498.70 MB in source; optimization_level 0"
Rockchip,RK3588,,Gemma4 E2B,LLM generation,seqlen 128,w8a8,latency_ms,599.06,ms,rknn-llm,https://github.com/airockchip/rknn-llm/blob/main/benchmark.md,"time to first token (TTFT); Seqlen 128, new tokens 64; max CPU/NPU frequency"
Rockchip,RK3588,,LFM2.5-VL 450M,LLM generation,seqlen 128,w8a8,tokens_per_s,62.16,tokens/s,rknn-llm,https://github.com/airockchip/rknn-llm/blob/main/benchmark.md,"decode speed; Seqlen 128, new tokens 64; max CPU/NPU frequency; TTFT 102.74 ms and memory 436.94 MB in source; optimization_level 0"
Rockchip,RK3588,,LFM2.5-VL 450M,LLM generation,seqlen 128,w8a8,latency_ms,102.74,ms,rknn-llm,https://github.com/airockchip/rknn-llm/blob/main/benchmark.md,"time to first token (TTFT); Seqlen 128, new tokens 64; max CPU/NPU frequency"
Rockchip,RK3588,,Spark-X2.5 1.7B,LLM generation,seqlen 128,w8a8,tokens_per_s,15.61,tokens/s,rknn-llm,https://github.com/airockchip/rknn-llm/blob/main/benchmark.md,"decode speed; Seqlen 128, new tokens 64; max CPU/NPU frequency; TTFT 386.23 ms and memory 1830.32 MB in source; optimization_level 0"
Rockchip,RK3588,,Spark-X2.5 1.7B,LLM generation,seqlen 128,w8a8,latency_ms,386.23,ms,rknn-llm,https://github.com/airockchip/rknn-llm/blob/main/benchmark.md,"time to first token (TTFT); Seqlen 128, new tokens 64; max CPU/NPU frequency"
Rockchip,RK3576,,Qwen2 0.5B,LLM generation,seqlen 128,w4a16,tokens_per_s,32.56,tokens/s,rknn-llm,https://github.com/airockchip/rknn-llm/blob/main/benchmark.md,"decode speed; Seqlen 128, new tokens 64; max CPU/NPU frequency; TTFT 342.37 ms and memory 443.44 MB in source; optimization_level 0"
Rockchip,RK3576,,Qwen2 0.5B,LLM generation,seqlen 128,w4a16,latency_ms,342.37,ms,rknn-llm,https://github.com/airockchip/rknn-llm/blob/main/benchmark.md,"time to first token (TTFT); Seqlen 128, new tokens 64; max CPU/NPU frequency"
Rockchip,RK3576,,Qwen2 0.5B,LLM generation,seqlen 128,w4a16_g128,tokens_per_s,30.33,tokens/s,rknn-llm,https://github.com/airockchip/rknn-llm/blob/main/benchmark.md,"decode speed; Seqlen 128, new tokens 64; max CPU/NPU frequency; TTFT 361.78 ms and memory 463.23 MB in source; optimization_level 0"
Rockchip,RK3576,,Qwen2 0.5B,LLM generation,seqlen 128,w4a16_g128,latency_ms,361.78,ms,rknn-llm,https://github.com/airockchip/rknn-llm/blob/main/benchmark.md,"time to first token (TTFT); Seqlen 128, new tokens 64; max CPU/NPU frequency"
Rockchip,RK3576,,Qwen2 0.5B,LLM generation,seqlen 128,w8a8,tokens_per_s,21.73,tokens/s,rknn-llm,https://github.com/airockchip/rknn-llm/blob/main/benchmark.md,"decode speed; Seqlen 128, new tokens 64; max CPU/NPU frequency; TTFT 344.27 ms and memory 678.43 MB in source; optimization_level 0"
Rockchip,RK3576,,Qwen2 0.5B,LLM generation,seqlen 128,w8a8,latency_ms,344.27,ms,rknn-llm,https://github.com/airockchip/rknn-llm/blob/main/benchmark.md,"time to first token (TTFT); Seqlen 128, new tokens 64; max CPU/NPU frequency"
Rockchip,RK3576,,MiniCPM4 0.5B,LLM generation,seqlen 128,w4a16,tokens_per_s,34.57,tokens/s,rknn-llm,https://github.com/airockchip/rknn-llm/blob/main/benchmark.md,"decode speed; Seqlen 128, new tokens 64; max CPU/NPU frequency; TTFT 330.80 ms and memory 334.68 MB in source; optimization_level 0"
Rockchip,RK3576,,MiniCPM4 0.5B,LLM generation,seqlen 128,w4a16,latency_ms,330.80,ms,rknn-llm,https://github.com/airockchip/rknn-llm/blob/main/benchmark.md,"time to first token (TTFT); Seqlen 128, new tokens 64; max CPU/NPU frequency"
Rockchip,RK3576,,MiniCPM4 0.5B,LLM generation,seqlen 128,w4a16_g128,tokens_per_s,32.66,tokens/s,rknn-llm,https://github.com/airockchip/rknn-llm/blob/main/benchmark.md,"decode speed; Seqlen 128, new tokens 64; max CPU/NPU frequency; TTFT 359.16 ms and memory 374.36 MB in source; optimization_level 0"
Rockchip,RK3576,,MiniCPM4 0.5B,LLM generation,seqlen 128,w4a16_g128,latency_ms,359.16,ms,rknn-llm,https://github.com/airockchip/rknn-llm/blob/main/benchmark.md,"time to first token (TTFT); Seqlen 128, new tokens 64; max CPU/NPU frequency"
Rockchip,RK3576,,MiniCPM4 0.5B,LLM generation,seqlen 128,w8a8,tokens_per_s,23.28,tokens/s,rknn-llm,https://github.com/airockchip/rknn-llm/blob/main/benchmark.md,"decode speed; Seqlen 128, new tokens 64; max CPU/NPU frequency; TTFT 321.12 ms and memory 541.17 MB in source; optimization_level 0"
Rockchip,RK3576,,MiniCPM4 0.5B,LLM generation,seqlen 128,w8a8,latency_ms,321.12,ms,rknn-llm,https://github.com/airockchip/rknn-llm/blob/main/benchmark.md,"time to first token (TTFT); Seqlen 128, new tokens 64; max CPU/NPU frequency"
Rockchip,RK3576,,Qwen3 0.6B,LLM generation,seqlen 128,w4a16,tokens_per_s,24.85,tokens/s,rknn-llm,https://github.com/airockchip/rknn-llm/blob/main/benchmark.md,"decode speed; Seqlen 128, new tokens 64; max CPU/NPU frequency; TTFT 468.61 ms and memory 512.71 MB in source; optimization_level 0"
Rockchip,RK3576,,Qwen3 0.6B,LLM generation,seqlen 128,w4a16,latency_ms,468.61,ms,rknn-llm,https://github.com/airockchip/rknn-llm/blob/main/benchmark.md,"time to first token (TTFT); Seqlen 128, new tokens 64; max CPU/NPU frequency"
Rockchip,RK3576,,Qwen3 0.6B,LLM generation,seqlen 128,w4a16_g128,tokens_per_s,23.48,tokens/s,rknn-llm,https://github.com/airockchip/rknn-llm/blob/main/benchmark.md,"decode speed; Seqlen 128, new tokens 64; max CPU/NPU frequency; TTFT 506.41 ms and memory 545.35 MB in source; optimization_level 0"
Rockchip,RK3576,,Qwen3 0.6B,LLM generation,seqlen 128,w4a16_g128,latency_ms,506.41,ms,rknn-llm,https://github.com/airockchip/rknn-llm/blob/main/benchmark.md,"time to first token (TTFT); Seqlen 128, new tokens 64; max CPU/NPU frequency"
Rockchip,RK3576,,Qwen3 0.6B,LLM generation,seqlen 128,w8a8,tokens_per_s,17.17,tokens/s,rknn-llm,https://github.com/airockchip/rknn-llm/blob/main/benchmark.md,"decode speed; Seqlen 128, new tokens 64; max CPU/NPU frequency; TTFT 461.54 ms and memory 796.26 MB in source; optimization_level 0"
Rockchip,RK3576,,Qwen3 0.6B,LLM generation,seqlen 128,w8a8,latency_ms,461.54,ms,rknn-llm,https://github.com/airockchip/rknn-llm/blob/main/benchmark.md,"time to first token (TTFT); Seqlen 128, new tokens 64; max CPU/NPU frequency"
Rockchip,RK3576,,TinyLLAMA 1.1B,LLM generation,seqlen 128,w4a16,tokens_per_s,19.71,tokens/s,rknn-llm,https://github.com/airockchip/rknn-llm/blob/main/benchmark.md,"decode speed; Seqlen 128, new tokens 64; max CPU/NPU frequency; TTFT 543.68 ms and memory 601.09 MB in source; optimization_level 0"
Rockchip,RK3576,,TinyLLAMA 1.1B,LLM generation,seqlen 128,w4a16,latency_ms,543.68,ms,rknn-llm,https://github.com/airockchip/rknn-llm/blob/main/benchmark.md,"time to first token (TTFT); Seqlen 128, new tokens 64; max CPU/NPU frequency"
Rockchip,RK3576,,TinyLLAMA 1.1B,LLM generation,seqlen 128,w4a16_g128,tokens_per_s,18.08,tokens/s,rknn-llm,https://github.com/airockchip/rknn-llm/blob/main/benchmark.md,"decode speed; Seqlen 128, new tokens 64; max CPU/NPU frequency; TTFT 672.61 ms and memory 690.76 MB in source; optimization_level 0"
Rockchip,RK3576,,TinyLLAMA 1.1B,LLM generation,seqlen 128,w4a16_g128,latency_ms,672.61,ms,rknn-llm,https://github.com/airockchip/rknn-llm/blob/main/benchmark.md,"time to first token (TTFT); Seqlen 128, new tokens 64; max CPU/NPU frequency"
Rockchip,RK3576,,TinyLLAMA 1.1B,LLM generation,seqlen 128,w8a8,tokens_per_s,12.18,tokens/s,rknn-llm,https://github.com/airockchip/rknn-llm/blob/main/benchmark.md,"decode speed; Seqlen 128, new tokens 64; max CPU/NPU frequency; TTFT 534.13 ms and memory 1092.87 MB in source; optimization_level 0"
Rockchip,RK3576,,TinyLLAMA 1.1B,LLM generation,seqlen 128,w8a8,latency_ms,534.13,ms,rknn-llm,https://github.com/airockchip/rknn-llm/blob/main/benchmark.md,"time to first token (TTFT); Seqlen 128, new tokens 64; max CPU/NPU frequency"
Rockchip,RK3576,,RWKV7 1.5B,LLM generation,seqlen 128,w4a16,tokens_per_s,10.18,tokens/s,rknn-llm,https://github.com/airockchip/rknn-llm/blob/main/benchmark.md,"decode speed; Seqlen 128, new tokens 64; max CPU/NPU frequency; TTFT 1572.09 ms and memory 835.34 MB in source; optimization_level 0"
Rockchip,RK3576,,RWKV7 1.5B,LLM generation,seqlen 128,w4a16,latency_ms,1572.09,ms,rknn-llm,https://github.com/airockchip/rknn-llm/blob/main/benchmark.md,"time to first token (TTFT); Seqlen 128, new tokens 64; max CPU/NPU frequency"
Rockchip,RK3576,,RWKV7 1.5B,LLM generation,seqlen 128,w4a16_g128,tokens_per_s,9.49,tokens/s,rknn-llm,https://github.com/airockchip/rknn-llm/blob/main/benchmark.md,"decode speed; Seqlen 128, new tokens 64; max CPU/NPU frequency; TTFT 1733.08 ms and memory 925.54 MB in source; optimization_level 0"
Rockchip,RK3576,,RWKV7 1.5B,LLM generation,seqlen 128,w4a16_g128,latency_ms,1733.08,ms,rknn-llm,https://github.com/airockchip/rknn-llm/blob/main/benchmark.md,"time to first token (TTFT); Seqlen 128, new tokens 64; max CPU/NPU frequency"
Rockchip,RK3576,,RWKV7 1.5B,LLM generation,seqlen 128,w8a8,tokens_per_s,7.05,tokens/s,rknn-llm,https://github.com/airockchip/rknn-llm/blob/main/benchmark.md,"decode speed; Seqlen 128, new tokens 64; max CPU/NPU frequency; TTFT 1534.47 ms and memory 1494.13 MB in source; optimization_level 0"
Rockchip,RK3576,,RWKV7 1.5B,LLM generation,seqlen 128,w8a8,latency_ms,1534.47,ms,rknn-llm,https://github.com/airockchip/rknn-llm/blob/main/benchmark.md,"time to first token (TTFT); Seqlen 128, new tokens 64; max CPU/NPU frequency"
Rockchip,RK3576,,InternLM2 1.8B,LLM generation,seqlen 128,w4a16,tokens_per_s,13.55,tokens/s,rknn-llm,https://github.com/airockchip/rknn-llm/blob/main/benchmark.md,"decode speed; Seqlen 128, new tokens 64; max CPU/NPU frequency; TTFT 765.92 ms and memory 975.04 MB in source; optimization_level 0"
Rockchip,RK3576,,InternLM2 1.8B,LLM generation,seqlen 128,w4a16,latency_ms,765.92,ms,rknn-llm,https://github.com/airockchip/rknn-llm/blob/main/benchmark.md,"time to first token (TTFT); Seqlen 128, new tokens 64; max CPU/NPU frequency"
Rockchip,RK3576,,InternLM2 1.8B,LLM generation,seqlen 128,w4a16_g128,tokens_per_s,12.05,tokens/s,rknn-llm,https://github.com/airockchip/rknn-llm/blob/main/benchmark.md,"decode speed; Seqlen 128, new tokens 64; max CPU/NPU frequency; TTFT 986.14 ms and memory 1070.44 MB in source; optimization_level 0"
Rockchip,RK3576,,InternLM2 1.8B,LLM generation,seqlen 128,w4a16_g128,latency_ms,986.14,ms,rknn-llm,https://github.com/airockchip/rknn-llm/blob/main/benchmark.md,"time to first token (TTFT); Seqlen 128, new tokens 64; max CPU/NPU frequency"
Rockchip,RK3576,,InternLM2 1.8B,LLM generation,seqlen 128,w8a8,tokens_per_s,7.86,tokens/s,rknn-llm,https://github.com/airockchip/rknn-llm/blob/main/benchmark.md,"decode speed; Seqlen 128, new tokens 64; max CPU/NPU frequency; TTFT 750.31 ms and memory 1782.05 MB in source; optimization_level 0"
Rockchip,RK3576,,InternLM2 1.8B,LLM generation,seqlen 128,w8a8,latency_ms,750.31,ms,rknn-llm,https://github.com/airockchip/rknn-llm/blob/main/benchmark.md,"time to first token (TTFT); Seqlen 128, new tokens 64; max CPU/NPU frequency"
Rockchip,RK3576,,Gemma2 2B,LLM generation,seqlen 128,w4a16,tokens_per_s,9.14,tokens/s,rknn-llm,https://github.com/airockchip/rknn-llm/blob/main/benchmark.md,"decode speed; Seqlen 128, new tokens 64; max CPU/NPU frequency; TTFT 997.92 ms and memory 1542.14 MB in source; optimization_level 0"
Rockchip,RK3576,,Gemma2 2B,LLM generation,seqlen 128,w4a16,latency_ms,997.92,ms,rknn-llm,https://github.com/airockchip/rknn-llm/blob/main/benchmark.md,"time to first token (TTFT); Seqlen 128, new tokens 64; max CPU/NPU frequency"
Rockchip,RK3576,,Gemma2 2B,LLM generation,seqlen 128,w4a16_g128,tokens_per_s,8.27,tokens/s,rknn-llm,https://github.com/airockchip/rknn-llm/blob/main/benchmark.md,"decode speed; Seqlen 128, new tokens 64; max CPU/NPU frequency; TTFT 1312.15 ms and memory 1629.59 MB in source; optimization_level 0"
Rockchip,RK3576,,Gemma2 2B,LLM generation,seqlen 128,w4a16_g128,latency_ms,1312.15,ms,rknn-llm,https://github.com/airockchip/rknn-llm/blob/main/benchmark.md,"time to first token (TTFT); Seqlen 128, new tokens 64; max CPU/NPU frequency"
Rockchip,RK3576,,Gemma2 2B,LLM generation,seqlen 128,w8a8,tokens_per_s,5.24,tokens/s,rknn-llm,https://github.com/airockchip/rknn-llm/blob/main/benchmark.md,"decode speed; Seqlen 128, new tokens 64; max CPU/NPU frequency; TTFT 956.77 ms and memory 2784.78 MB in source; optimization_level 0"
Rockchip,RK3576,,Gemma2 2B,LLM generation,seqlen 128,w8a8,latency_ms,956.77,ms,rknn-llm,https://github.com/airockchip/rknn-llm/blob/main/benchmark.md,"time to first token (TTFT); Seqlen 128, new tokens 64; max CPU/NPU frequency"
Rockchip,RK3576,,Gemma-3n 2B,LLM generation,seqlen 128,w4a16,tokens_per_s,7.78,tokens/s,rknn-llm,https://github.com/airockchip/rknn-llm/blob/main/benchmark.md,"decode speed; Seqlen 128, new tokens 64; max CPU/NPU frequency; TTFT 3260.05 ms and memory 1577.52 MB in source; optimization_level 0"
Rockchip,RK3576,,Gemma-3n 2B,LLM generation,seqlen 128,w4a16,latency_ms,3260.05,ms,rknn-llm,https://github.com/airockchip/rknn-llm/blob/main/benchmark.md,"time to first token (TTFT); Seqlen 128, new tokens 64; max CPU/NPU frequency"
Rockchip,RK3576,,Gemma-3n 2B,LLM generation,seqlen 128,w8a8,tokens_per_s,4.90,tokens/s,rknn-llm,https://github.com/airockchip/rknn-llm/blob/main/benchmark.md,"decode speed; Seqlen 128, new tokens 64; max CPU/NPU frequency; TTFT 2995.26 ms and memory 2715.83 MB in source; optimization_level 0"
Rockchip,RK3576,,Gemma-3n 2B,LLM generation,seqlen 128,w8a8,latency_ms,2995.26,ms,rknn-llm,https://github.com/airockchip/rknn-llm/blob/main/benchmark.md,"time to first token (TTFT); Seqlen 128, new tokens 64; max CPU/NPU frequency"
Rockchip,RK3576,,TeleChat2 3B,LLM generation,seqlen 128,w4a16,tokens_per_s,8.97,tokens/s,rknn-llm,https://github.com/airockchip/rknn-llm/blob/main/benchmark.md,"decode speed; Seqlen 128, new tokens 64; max CPU/NPU frequency; TTFT 1153.96 ms and memory 1525.80 MB in source; optimization_level 0"
Rockchip,RK3576,,TeleChat2 3B,LLM generation,seqlen 128,w4a16,latency_ms,1153.96,ms,rknn-llm,https://github.com/airockchip/rknn-llm/blob/main/benchmark.md,"time to first token (TTFT); Seqlen 128, new tokens 64; max CPU/NPU frequency"
Rockchip,RK3576,,TeleChat2 3B,LLM generation,seqlen 128,w4a16_g128,tokens_per_s,8.14,tokens/s,rknn-llm,https://github.com/airockchip/rknn-llm/blob/main/benchmark.md,"decode speed; Seqlen 128, new tokens 64; max CPU/NPU frequency; TTFT 1408.37 ms and memory 1644.32 MB in source; optimization_level 0"
Rockchip,RK3576,,TeleChat2 3B,LLM generation,seqlen 128,w4a16_g128,latency_ms,1408.37,ms,rknn-llm,https://github.com/airockchip/rknn-llm/blob/main/benchmark.md,"time to first token (TTFT); Seqlen 128, new tokens 64; max CPU/NPU frequency"
Rockchip,RK3576,,TeleChat2 3B,LLM generation,seqlen 128,w8a8,tokens_per_s,5.12,tokens/s,rknn-llm,https://github.com/airockchip/rknn-llm/blob/main/benchmark.md,"decode speed; Seqlen 128, new tokens 64; max CPU/NPU frequency; TTFT 1029.04 ms and memory 2794.56 MB in source; optimization_level 0"
Rockchip,RK3576,,TeleChat2 3B,LLM generation,seqlen 128,w8a8,latency_ms,1029.04,ms,rknn-llm,https://github.com/airockchip/rknn-llm/blob/main/benchmark.md,"time to first token (TTFT); Seqlen 128, new tokens 64; max CPU/NPU frequency"
Rockchip,RK3576,,Phi3 3.8B,LLM generation,seqlen 128,w4a16,tokens_per_s,6.58,tokens/s,rknn-llm,https://github.com/airockchip/rknn-llm/blob/main/benchmark.md,"decode speed; Seqlen 128, new tokens 64; max CPU/NPU frequency; TTFT 1829.12 ms and memory 1995.78 MB in source; optimization_level 0"
Rockchip,RK3576,,Phi3 3.8B,LLM generation,seqlen 128,w4a16,latency_ms,1829.12,ms,rknn-llm,https://github.com/airockchip/rknn-llm/blob/main/benchmark.md,"time to first token (TTFT); Seqlen 128, new tokens 64; max CPU/NPU frequency"
Rockchip,RK3576,,Phi3 3.8B,LLM generation,seqlen 128,w4a16_g128,tokens_per_s,6.06,tokens/s,rknn-llm,https://github.com/airockchip/rknn-llm/blob/main/benchmark.md,"decode speed; Seqlen 128, new tokens 64; max CPU/NPU frequency; TTFT 2253.14 ms and memory 2151.47 MB in source; optimization_level 0"
Rockchip,RK3576,,Phi3 3.8B,LLM generation,seqlen 128,w4a16_g128,latency_ms,2253.14,ms,rknn-llm,https://github.com/airockchip/rknn-llm/blob/main/benchmark.md,"time to first token (TTFT); Seqlen 128, new tokens 64; max CPU/NPU frequency"
Rockchip,RK3576,,Phi3 3.8B,LLM generation,seqlen 128,w8a8,tokens_per_s,3.74,tokens/s,rknn-llm,https://github.com/airockchip/rknn-llm/blob/main/benchmark.md,"decode speed; Seqlen 128, new tokens 64; max CPU/NPU frequency; TTFT 1615.97 ms and memory 3767.28 MB in source; optimization_level 0"
Rockchip,RK3576,,Phi3 3.8B,LLM generation,seqlen 128,w8a8,latency_ms,1615.97,ms,rknn-llm,https://github.com/airockchip/rknn-llm/blob/main/benchmark.md,"time to first token (TTFT); Seqlen 128, new tokens 64; max CPU/NPU frequency"
Rockchip,RK3576,,MiniCPM3 4B,LLM generation,seqlen 128,w4a16,tokens_per_s,4.87,tokens/s,rknn-llm,https://github.com/airockchip/rknn-llm/blob/main/benchmark.md,"decode speed; Seqlen 128, new tokens 64; max CPU/NPU frequency; TTFT 2536.68 ms and memory 2380.24 MB in source; optimization_level 0"
Rockchip,RK3576,,MiniCPM3 4B,LLM generation,seqlen 128,w4a16,latency_ms,2536.68,ms,rknn-llm,https://github.com/airockchip/rknn-llm/blob/main/benchmark.md,"time to first token (TTFT); Seqlen 128, new tokens 64; max CPU/NPU frequency"
Rockchip,RK3576,,MiniCPM3 4B,LLM generation,seqlen 128,w4a16_g128,tokens_per_s,4.46,tokens/s,rknn-llm,https://github.com/airockchip/rknn-llm/blob/main/benchmark.md,"decode speed; Seqlen 128, new tokens 64; max CPU/NPU frequency; TTFT 3117.53 ms and memory 2660.66 MB in source; optimization_level 0"
Rockchip,RK3576,,MiniCPM3 4B,LLM generation,seqlen 128,w4a16_g128,latency_ms,3117.53,ms,rknn-llm,https://github.com/airockchip/rknn-llm/blob/main/benchmark.md,"time to first token (TTFT); Seqlen 128, new tokens 64; max CPU/NPU frequency"
Rockchip,RK3576,,MiniCPM3 4B,LLM generation,seqlen 128,w8a8,tokens_per_s,3.01,tokens/s,rknn-llm,https://github.com/airockchip/rknn-llm/blob/main/benchmark.md,"decode speed; Seqlen 128, new tokens 64; max CPU/NPU frequency; TTFT 2539.92 ms and memory 4410.50 MB in source; optimization_level 0"
Rockchip,RK3576,,MiniCPM3 4B,LLM generation,seqlen 128,w8a8,latency_ms,2539.92,ms,rknn-llm,https://github.com/airockchip/rknn-llm/blob/main/benchmark.md,"time to first token (TTFT); Seqlen 128, new tokens 64; max CPU/NPU frequency"
Rockchip,RK3576,,ChatGLM3 6B,LLM generation,seqlen 128,w4a16,tokens_per_s,4.63,tokens/s,rknn-llm,https://github.com/airockchip/rknn-llm/blob/main/benchmark.md,"decode speed; Seqlen 128, new tokens 64; max CPU/NPU frequency; TTFT 2166.69 ms and memory 3023.39 MB in source; optimization_level 0"
Rockchip,RK3576,,ChatGLM3 6B,LLM generation,seqlen 128,w4a16,latency_ms,2166.69,ms,rknn-llm,https://github.com/airockchip/rknn-llm/blob/main/benchmark.md,"time to first token (TTFT); Seqlen 128, new tokens 64; max CPU/NPU frequency"
Rockchip,RK3576,,ChatGLM3 6B,LLM generation,seqlen 128,w4a16_g128,tokens_per_s,4.14,tokens/s,rknn-llm,https://github.com/airockchip/rknn-llm/blob/main/benchmark.md,"decode speed; Seqlen 128, new tokens 64; max CPU/NPU frequency; TTFT 2966.85 ms and memory 3253.12 MB in source; optimization_level 0"
Rockchip,RK3576,,ChatGLM3 6B,LLM generation,seqlen 128,w4a16_g128,latency_ms,2966.85,ms,rknn-llm,https://github.com/airockchip/rknn-llm/blob/main/benchmark.md,"time to first token (TTFT); Seqlen 128, new tokens 64; max CPU/NPU frequency"
Rockchip,RK3576,,ChatGLM3 6B,LLM generation,seqlen 128,w8a8,tokens_per_s,2.48,tokens/s,rknn-llm,https://github.com/airockchip/rknn-llm/blob/main/benchmark.md,"decode speed; Seqlen 128, new tokens 64; max CPU/NPU frequency; TTFT 1948.12 ms and memory 5967.63 MB in source; optimization_level 0"
Rockchip,RK3576,,ChatGLM3 6B,LLM generation,seqlen 128,w8a8,latency_ms,1948.12,ms,rknn-llm,https://github.com/airockchip/rknn-llm/blob/main/benchmark.md,"time to first token (TTFT); Seqlen 128, new tokens 64; max CPU/NPU frequency"
Rockchip,RK3576,,Qwen3-VL 2B,LLM generation,seqlen 128,w4a16,tokens_per_s,12.68,tokens/s,rknn-llm,https://github.com/airockchip/rknn-llm/blob/main/benchmark.md,"decode speed; Seqlen 128, new tokens 64; max CPU/NPU frequency; TTFT 802.94 ms and memory 1058.56 MB in source; optimization_level 0"
Rockchip,RK3576,,Qwen3-VL 2B,LLM generation,seqlen 128,w4a16,latency_ms,802.94,ms,rknn-llm,https://github.com/airockchip/rknn-llm/blob/main/benchmark.md,"time to first token (TTFT); Seqlen 128, new tokens 64; max CPU/NPU frequency"
Rockchip,RK3576,,Qwen3-VL 2B,LLM generation,seqlen 128,w4a16_g128,tokens_per_s,11.42,tokens/s,rknn-llm,https://github.com/airockchip/rknn-llm/blob/main/benchmark.md,"decode speed; Seqlen 128, new tokens 64; max CPU/NPU frequency; TTFT 983.20 ms and memory 1146.77 MB in source; optimization_level 0"
Rockchip,RK3576,,Qwen3-VL 2B,LLM generation,seqlen 128,w4a16_g128,latency_ms,983.20,ms,rknn-llm,https://github.com/airockchip/rknn-llm/blob/main/benchmark.md,"time to first token (TTFT); Seqlen 128, new tokens 64; max CPU/NPU frequency"
Rockchip,RK3576,,Qwen3-VL 2B,LLM generation,seqlen 128,w8a8,tokens_per_s,7.62,tokens/s,rknn-llm,https://github.com/airockchip/rknn-llm/blob/main/benchmark.md,"decode speed; Seqlen 128, new tokens 64; max CPU/NPU frequency; TTFT 785.79 ms and memory 1876.62 MB in source; optimization_level 0"
Rockchip,RK3576,,Qwen3-VL 2B,LLM generation,seqlen 128,w8a8,latency_ms,785.79,ms,rknn-llm,https://github.com/airockchip/rknn-llm/blob/main/benchmark.md,"time to first token (TTFT); Seqlen 128, new tokens 64; max CPU/NPU frequency"
Rockchip,RK3576,,DeepSeekOCR 3B(A570M),LLM generation,seqlen 128,w4a16,tokens_per_s,24.38,tokens/s,rknn-llm,https://github.com/airockchip/rknn-llm/blob/main/benchmark.md,"decode speed; Seqlen 128, new tokens 64; max CPU/NPU frequency; TTFT 1034.97 ms and memory 1790.30 MB in source; optimization_level 0"
Rockchip,RK3576,,DeepSeekOCR 3B(A570M),LLM generation,seqlen 128,w4a16,latency_ms,1034.97,ms,rknn-llm,https://github.com/airockchip/rknn-llm/blob/main/benchmark.md,"time to first token (TTFT); Seqlen 128, new tokens 64; max CPU/NPU frequency"
Rockchip,RK3576,,DeepSeekOCR 3B(A570M),LLM generation,seqlen 128,w8a8,tokens_per_s,17.26,tokens/s,rknn-llm,https://github.com/airockchip/rknn-llm/blob/main/benchmark.md,"decode speed; Seqlen 128, new tokens 64; max CPU/NPU frequency; TTFT 1242.78 ms and memory 3109.59 MB in source; optimization_level 0"
Rockchip,RK3576,,DeepSeekOCR 3B(A570M),LLM generation,seqlen 128,w8a8,latency_ms,1242.78,ms,rknn-llm,https://github.com/airockchip/rknn-llm/blob/main/benchmark.md,"time to first token (TTFT); Seqlen 128, new tokens 64; max CPU/NPU frequency"
Rockchip,RK3576,,Qwen3.5 0.8B,LLM generation,seqlen 128,w4a16,tokens_per_s,18.79,tokens/s,rknn-llm,https://github.com/airockchip/rknn-llm/blob/main/benchmark.md,"decode speed; Seqlen 128, new tokens 64; max CPU/NPU frequency; TTFT 1369.31 ms and memory 689.50 MB in source; optimization_level 0"
Rockchip,RK3576,,Qwen3.5 0.8B,LLM generation,seqlen 128,w4a16,latency_ms,1369.31,ms,rknn-llm,https://github.com/airockchip/rknn-llm/blob/main/benchmark.md,"time to first token (TTFT); Seqlen 128, new tokens 64; max CPU/NPU frequency"
Rockchip,RK3576,,Qwen3.5 0.8B,LLM generation,seqlen 128,w4a16_g128,tokens_per_s,17.88,tokens/s,rknn-llm,https://github.com/airockchip/rknn-llm/blob/main/benchmark.md,"decode speed; Seqlen 128, new tokens 64; max CPU/NPU frequency; TTFT 1392.09 ms and memory 687.38 MB in source; optimization_level 0"
Rockchip,RK3576,,Qwen3.5 0.8B,LLM generation,seqlen 128,w4a16_g128,latency_ms,1392.09,ms,rknn-llm,https://github.com/airockchip/rknn-llm/blob/main/benchmark.md,"time to first token (TTFT); Seqlen 128, new tokens 64; max CPU/NPU frequency"
Rockchip,RK3576,,Qwen3.5 0.8B,LLM generation,seqlen 128,w8a8,tokens_per_s,13.18,tokens/s,rknn-llm,https://github.com/airockchip/rknn-llm/blob/main/benchmark.md,"decode speed; Seqlen 128, new tokens 64; max CPU/NPU frequency; TTFT 1342.54 ms and memory 1047.08 MB in source; optimization_level 0"
Rockchip,RK3576,,Qwen3.5 0.8B,LLM generation,seqlen 128,w8a8,latency_ms,1342.54,ms,rknn-llm,https://github.com/airockchip/rknn-llm/blob/main/benchmark.md,"time to first token (TTFT); Seqlen 128, new tokens 64; max CPU/NPU frequency"
Rockchip,RK3576,,Qwen3.5 2B,LLM generation,seqlen 128,w4a16,tokens_per_s,11.03,tokens/s,rknn-llm,https://github.com/airockchip/rknn-llm/blob/main/benchmark.md,"decode speed; Seqlen 128, new tokens 64; max CPU/NPU frequency; TTFT 1661.01 ms and memory 1236.12 MB in source; optimization_level 0"
Rockchip,RK3576,,Qwen3.5 2B,LLM generation,seqlen 128,w4a16,latency_ms,1661.01,ms,rknn-llm,https://github.com/airockchip/rknn-llm/blob/main/benchmark.md,"time to first token (TTFT); Seqlen 128, new tokens 64; max CPU/NPU frequency"
Rockchip,RK3576,,Qwen3.5 2B,LLM generation,seqlen 128,w4a16_g128,tokens_per_s,10.10,tokens/s,rknn-llm,https://github.com/airockchip/rknn-llm/blob/main/benchmark.md,"decode speed; Seqlen 128, new tokens 64; max CPU/NPU frequency; TTFT 1852.42 ms and memory 1280.15 MB in source; optimization_level 0"
Rockchip,RK3576,,Qwen3.5 2B,LLM generation,seqlen 128,w4a16_g128,latency_ms,1852.42,ms,rknn-llm,https://github.com/airockchip/rknn-llm/blob/main/benchmark.md,"time to first token (TTFT); Seqlen 128, new tokens 64; max CPU/NPU frequency"
Rockchip,RK3576,,Qwen3.5 2B,LLM generation,seqlen 128,w8a8,tokens_per_s,6.73,tokens/s,rknn-llm,https://github.com/airockchip/rknn-llm/blob/main/benchmark.md,"decode speed; Seqlen 128, new tokens 64; max CPU/NPU frequency; TTFT 1678.11 ms and memory 2131.55 MB in source; optimization_level 0"
Rockchip,RK3576,,Qwen3.5 2B,LLM generation,seqlen 128,w8a8,latency_ms,1678.11,ms,rknn-llm,https://github.com/airockchip/rknn-llm/blob/main/benchmark.md,"time to first token (TTFT); Seqlen 128, new tokens 64; max CPU/NPU frequency"
Rockchip,RK3576,,Qwen3.5 4B,LLM generation,seqlen 128,w4a16,tokens_per_s,5.02,tokens/s,rknn-llm,https://github.com/airockchip/rknn-llm/blob/main/benchmark.md,"decode speed; Seqlen 128, new tokens 64; max CPU/NPU frequency; TTFT 3976.41 ms and memory 2420.34 MB in source; optimization_level 0"
Rockchip,RK3576,,Qwen3.5 4B,LLM generation,seqlen 128,w4a16,latency_ms,3976.41,ms,rknn-llm,https://github.com/airockchip/rknn-llm/blob/main/benchmark.md,"time to first token (TTFT); Seqlen 128, new tokens 64; max CPU/NPU frequency"
Rockchip,RK3576,,Qwen3.5 4B,LLM generation,seqlen 128,w4a16_g128,tokens_per_s,4.60,tokens/s,rknn-llm,https://github.com/airockchip/rknn-llm/blob/main/benchmark.md,"decode speed; Seqlen 128, new tokens 64; max CPU/NPU frequency; TTFT 4476.37 ms and memory 2564.89 MB in source; optimization_level 0"
Rockchip,RK3576,,Qwen3.5 4B,LLM generation,seqlen 128,w4a16_g128,latency_ms,4476.37,ms,rknn-llm,https://github.com/airockchip/rknn-llm/blob/main/benchmark.md,"time to first token (TTFT); Seqlen 128, new tokens 64; max CPU/NPU frequency"
Rockchip,RK3576,,Qwen3.5 4B,LLM generation,seqlen 128,w8a8,tokens_per_s,3.03,tokens/s,rknn-llm,https://github.com/airockchip/rknn-llm/blob/main/benchmark.md,"decode speed; Seqlen 128, new tokens 64; max CPU/NPU frequency; TTFT 3906.19 ms and memory 4591.72 MB in source; optimization_level 0"
Rockchip,RK3576,,Qwen3.5 4B,LLM generation,seqlen 128,w8a8,latency_ms,3906.19,ms,rknn-llm,https://github.com/airockchip/rknn-llm/blob/main/benchmark.md,"time to first token (TTFT); Seqlen 128, new tokens 64; max CPU/NPU frequency"
Rockchip,RK3576,,Gemma4 E2B,LLM generation,seqlen 128,w4a16,tokens_per_s,9.23,tokens/s,rknn-llm,https://github.com/airockchip/rknn-llm/blob/main/benchmark.md,"decode speed; Seqlen 128, new tokens 64; max CPU/NPU frequency; TTFT 1219.25 ms and memory 1463.42 MB in source; optimization_level 0"
Rockchip,RK3576,,Gemma4 E2B,LLM generation,seqlen 128,w4a16,latency_ms,1219.25,ms,rknn-llm,https://github.com/airockchip/rknn-llm/blob/main/benchmark.md,"time to first token (TTFT); Seqlen 128, new tokens 64; max CPU/NPU frequency"
Rockchip,RK3576,,Gemma4 E2B,LLM generation,seqlen 128,w4a16_g128,tokens_per_s,8.27,tokens/s,rknn-llm,https://github.com/airockchip/rknn-llm/blob/main/benchmark.md,"decode speed; Seqlen 128, new tokens 64; max CPU/NPU frequency; TTFT 1445.36 ms and memory 1564.91 MB in source; optimization_level 0"
Rockchip,RK3576,,Gemma4 E2B,LLM generation,seqlen 128,w4a16_g128,latency_ms,1445.36,ms,rknn-llm,https://github.com/airockchip/rknn-llm/blob/main/benchmark.md,"time to first token (TTFT); Seqlen 128, new tokens 64; max CPU/NPU frequency"
Rockchip,RK3576,,Gemma4 E2B,LLM generation,seqlen 128,w8a8,tokens_per_s,5.56,tokens/s,rknn-llm,https://github.com/airockchip/rknn-llm/blob/main/benchmark.md,"decode speed; Seqlen 128, new tokens 64; max CPU/NPU frequency; TTFT 1166.94 ms and memory 2548.73 MB in source; optimization_level 0"
Rockchip,RK3576,,Gemma4 E2B,LLM generation,seqlen 128,w8a8,latency_ms,1166.94,ms,rknn-llm,https://github.com/airockchip/rknn-llm/blob/main/benchmark.md,"time to first token (TTFT); Seqlen 128, new tokens 64; max CPU/NPU frequency"
Rockchip,RK3576,,LFM2.5-VL 450M,LLM generation,seqlen 128,w4a16,tokens_per_s,51.22,tokens/s,rknn-llm,https://github.com/airockchip/rknn-llm/blob/main/benchmark.md,"decode speed; Seqlen 128, new tokens 64; max CPU/NPU frequency; TTFT 246.03 ms and memory 274.80 MB in source; optimization_level 0"
Rockchip,RK3576,,LFM2.5-VL 450M,LLM generation,seqlen 128,w4a16,latency_ms,246.03,ms,rknn-llm,https://github.com/airockchip/rknn-llm/blob/main/benchmark.md,"time to first token (TTFT); Seqlen 128, new tokens 64; max CPU/NPU frequency"
Rockchip,RK3576,,LFM2.5-VL 450M,LLM generation,seqlen 128,w4a16_g128,tokens_per_s,48.65,tokens/s,rknn-llm,https://github.com/airockchip/rknn-llm/blob/main/benchmark.md,"decode speed; Seqlen 128, new tokens 64; max CPU/NPU frequency; TTFT 260.98 ms and memory 293.16 MB in source; optimization_level 0"
Rockchip,RK3576,,LFM2.5-VL 450M,LLM generation,seqlen 128,w4a16_g128,latency_ms,260.98,ms,rknn-llm,https://github.com/airockchip/rknn-llm/blob/main/benchmark.md,"time to first token (TTFT); Seqlen 128, new tokens 64; max CPU/NPU frequency"
Rockchip,RK3576,,LFM2.5-VL 450M,LLM generation,seqlen 128,w8a8,tokens_per_s,32.75,tokens/s,rknn-llm,https://github.com/airockchip/rknn-llm/blob/main/benchmark.md,"decode speed; Seqlen 128, new tokens 64; max CPU/NPU frequency; TTFT 239.34 ms and memory 443.23 MB in source; optimization_level 0"
Rockchip,RK3576,,LFM2.5-VL 450M,LLM generation,seqlen 128,w8a8,latency_ms,239.34,ms,rknn-llm,https://github.com/airockchip/rknn-llm/blob/main/benchmark.md,"time to first token (TTFT); Seqlen 128, new tokens 64; max CPU/NPU frequency"
Rockchip,RK3576,,Spark-X2.5 1.7B,LLM generation,seqlen 128,w4a16,tokens_per_s,13.57,tokens/s,rknn-llm,https://github.com/airockchip/rknn-llm/blob/main/benchmark.md,"decode speed; Seqlen 128, new tokens 64; max CPU/NPU frequency; TTFT 768.66 ms and memory 1028.58 MB in source; optimization_level 0"
Rockchip,RK3576,,Spark-X2.5 1.7B,LLM generation,seqlen 128,w4a16,latency_ms,768.66,ms,rknn-llm,https://github.com/airockchip/rknn-llm/blob/main/benchmark.md,"time to first token (TTFT); Seqlen 128, new tokens 64; max CPU/NPU frequency"
Rockchip,RK3576,,Spark-X2.5 1.7B,LLM generation,seqlen 128,w4a16_g128,tokens_per_s,12.14,tokens/s,rknn-llm,https://github.com/airockchip/rknn-llm/blob/main/benchmark.md,"decode speed; Seqlen 128, new tokens 64; max CPU/NPU frequency; TTFT 981.50 ms and memory 1099.61 MB in source; optimization_level 0"
Rockchip,RK3576,,Spark-X2.5 1.7B,LLM generation,seqlen 128,w4a16_g128,latency_ms,981.50,ms,rknn-llm,https://github.com/airockchip/rknn-llm/blob/main/benchmark.md,"time to first token (TTFT); Seqlen 128, new tokens 64; max CPU/NPU frequency"
Rockchip,RK3576,,Spark-X2.5 1.7B,LLM generation,seqlen 128,w8a8,tokens_per_s,7.89,tokens/s,rknn-llm,https://github.com/airockchip/rknn-llm/blob/main/benchmark.md,"decode speed; Seqlen 128, new tokens 64; max CPU/NPU frequency; TTFT 803.94 ms and memory 1841.64 MB in source; optimization_level 0"
Rockchip,RK3576,,Spark-X2.5 1.7B,LLM generation,seqlen 128,w8a8,latency_ms,803.94,ms,rknn-llm,https://github.com/airockchip/rknn-llm/blob/main/benchmark.md,"time to first token (TTFT); Seqlen 128, new tokens 64; max CPU/NPU frequency"
Rockchip,RK3562,,Qwen2 0.5B,LLM generation,seqlen 128,w8a8,tokens_per_s,13.56,tokens/s,rknn-llm,https://github.com/airockchip/rknn-llm/blob/main/benchmark.md,"decode speed; Seqlen 128, new tokens 64; max CPU/NPU frequency; TTFT 640.65 ms and memory 647.63 MB in source; optimization_level 0"
Rockchip,RK3562,,Qwen2 0.5B,LLM generation,seqlen 128,w8a8,latency_ms,640.65,ms,rknn-llm,https://github.com/airockchip/rknn-llm/blob/main/benchmark.md,"time to first token (TTFT); Seqlen 128, new tokens 64; max CPU/NPU frequency"
Rockchip,RK3562,,MiniCPM4 0.5B,LLM generation,seqlen 128,w8a8,tokens_per_s,10.07,tokens/s,rknn-llm,https://github.com/airockchip/rknn-llm/blob/main/benchmark.md,"decode speed; Seqlen 128, new tokens 64; max CPU/NPU frequency; TTFT 676.77 ms and memory 511.48 MB in source; optimization_level 0"
Rockchip,RK3562,,MiniCPM4 0.5B,LLM generation,seqlen 128,w8a8,latency_ms,676.77,ms,rknn-llm,https://github.com/airockchip/rknn-llm/blob/main/benchmark.md,"time to first token (TTFT); Seqlen 128, new tokens 64; max CPU/NPU frequency"
Rockchip,RK3562,,Qwen3 0.6B,LLM generation,seqlen 128,w8a8,tokens_per_s,10.94,tokens/s,rknn-llm,https://github.com/airockchip/rknn-llm/blob/main/benchmark.md,"decode speed; Seqlen 128, new tokens 64; max CPU/NPU frequency; TTFT 881.86 ms and memory 773.44 MB in source; optimization_level 0"
Rockchip,RK3562,,Qwen3 0.6B,LLM generation,seqlen 128,w8a8,latency_ms,881.86,ms,rknn-llm,https://github.com/airockchip/rknn-llm/blob/main/benchmark.md,"time to first token (TTFT); Seqlen 128, new tokens 64; max CPU/NPU frequency"
Rockchip,RK3562,,Qwen3.5 0.8B,LLM generation,seqlen 128,w8a8,tokens_per_s,7.69,tokens/s,rknn-llm,https://github.com/airockchip/rknn-llm/blob/main/benchmark.md,"decode speed; Seqlen 128, new tokens 64; max CPU/NPU frequency; TTFT 3750.55 ms and memory 1020.72 MB in source; optimization_level 0"
Rockchip,RK3562,,Qwen3.5 0.8B,LLM generation,seqlen 128,w8a8,latency_ms,3750.55,ms,rknn-llm,https://github.com/airockchip/rknn-llm/blob/main/benchmark.md,"time to first token (TTFT); Seqlen 128, new tokens 64; max CPU/NPU frequency"
Rockchip,RK3562,,LFM2.5-VL 450M,LLM generation,seqlen 128,w8a8,tokens_per_s,20.71,tokens/s,rknn-llm,https://github.com/airockchip/rknn-llm/blob/main/benchmark.md,"decode speed; Seqlen 128, new tokens 64; max CPU/NPU frequency; TTFT 452.77 ms and memory 425.96 MB in source; optimization_level 0"
Rockchip,RK3562,,LFM2.5-VL 450M,LLM generation,seqlen 128,w8a8,latency_ms,452.77,ms,rknn-llm,https://github.com/airockchip/rknn-llm/blob/main/benchmark.md,"time to first token (TTFT); Seqlen 128, new tokens 64; max CPU/NPU frequency"
Rockchip,RV1126B,,Qwen2 0.5B,LLM generation,seqlen 128,w4a16,tokens_per_s,20.91,tokens/s,rknn-llm,https://github.com/airockchip/rknn-llm/blob/main/benchmark.md,"decode speed; Seqlen 128, new tokens 64; max CPU/NPU frequency; TTFT 656.86 ms and memory 410.82 MB in source; optimization_level 0"
Rockchip,RV1126B,,Qwen2 0.5B,LLM generation,seqlen 128,w4a16,latency_ms,656.86,ms,rknn-llm,https://github.com/airockchip/rknn-llm/blob/main/benchmark.md,"time to first token (TTFT); Seqlen 128, new tokens 64; max CPU/NPU frequency"
Rockchip,RV1126B,,Qwen2 0.5B,LLM generation,seqlen 128,w4a16_g128,tokens_per_s,17.69,tokens/s,rknn-llm,https://github.com/airockchip/rknn-llm/blob/main/benchmark.md,"decode speed; Seqlen 128, new tokens 64; max CPU/NPU frequency; TTFT 687.00 ms and memory 391.32 MB in source; optimization_level 0"
Rockchip,RV1126B,,Qwen2 0.5B,LLM generation,seqlen 128,w4a16_g128,latency_ms,687.00,ms,rknn-llm,https://github.com/airockchip/rknn-llm/blob/main/benchmark.md,"time to first token (TTFT); Seqlen 128, new tokens 64; max CPU/NPU frequency"
Rockchip,RV1126B,,Qwen2 0.5B,LLM generation,seqlen 128,w8a8,tokens_per_s,13.63,tokens/s,rknn-llm,https://github.com/airockchip/rknn-llm/blob/main/benchmark.md,"decode speed; Seqlen 128, new tokens 64; max CPU/NPU frequency; TTFT 651.31 ms and memory 646.17 MB in source; optimization_level 0"
Rockchip,RV1126B,,Qwen2 0.5B,LLM generation,seqlen 128,w8a8,latency_ms,651.31,ms,rknn-llm,https://github.com/airockchip/rknn-llm/blob/main/benchmark.md,"time to first token (TTFT); Seqlen 128, new tokens 64; max CPU/NPU frequency"
Rockchip,RV1126B,,MiniCPM4 0.5B,LLM generation,seqlen 128,w4a16,tokens_per_s,23.24,tokens/s,rknn-llm,https://github.com/airockchip/rknn-llm/blob/main/benchmark.md,"decode speed; Seqlen 128, new tokens 64; max CPU/NPU frequency; TTFT 680.03 ms and memory 302.85 MB in source; optimization_level 0"
Rockchip,RV1126B,,MiniCPM4 0.5B,LLM generation,seqlen 128,w4a16,latency_ms,680.03,ms,rknn-llm,https://github.com/airockchip/rknn-llm/blob/main/benchmark.md,"time to first token (TTFT); Seqlen 128, new tokens 64; max CPU/NPU frequency"
Rockchip,RV1126B,,MiniCPM4 0.5B,LLM generation,seqlen 128,w4a16_g128,tokens_per_s,19.24,tokens/s,rknn-llm,https://github.com/airockchip/rknn-llm/blob/main/benchmark.md,"decode speed; Seqlen 128, new tokens 64; max CPU/NPU frequency; TTFT 693.41 ms and memory 301.88 MB in source; optimization_level 0"
Rockchip,RV1126B,,MiniCPM4 0.5B,LLM generation,seqlen 128,w4a16_g128,latency_ms,693.41,ms,rknn-llm,https://github.com/airockchip/rknn-llm/blob/main/benchmark.md,"time to first token (TTFT); Seqlen 128, new tokens 64; max CPU/NPU frequency"
Rockchip,RV1126B,,MiniCPM4 0.5B,LLM generation,seqlen 128,w8a8,tokens_per_s,15.16,tokens/s,rknn-llm,https://github.com/airockchip/rknn-llm/blob/main/benchmark.md,"decode speed; Seqlen 128, new tokens 64; max CPU/NPU frequency; TTFT 665.94 ms and memory 509.6 MB in source; optimization_level 0"
Rockchip,RV1126B,,MiniCPM4 0.5B,LLM generation,seqlen 128,w8a8,latency_ms,665.94,ms,rknn-llm,https://github.com/airockchip/rknn-llm/blob/main/benchmark.md,"time to first token (TTFT); Seqlen 128, new tokens 64; max CPU/NPU frequency"
Rockchip,RV1126B,,Qwen3 0.6B,LLM generation,seqlen 128,w4a16,tokens_per_s,15.04,tokens/s,rknn-llm,https://github.com/airockchip/rknn-llm/blob/main/benchmark.md,"decode speed; Seqlen 128, new tokens 64; max CPU/NPU frequency; TTFT 956.32 ms and memory 488.64 MB in source; optimization_level 0"
Rockchip,RV1126B,,Qwen3 0.6B,LLM generation,seqlen 128,w4a16,latency_ms,956.32,ms,rknn-llm,https://github.com/airockchip/rknn-llm/blob/main/benchmark.md,"time to first token (TTFT); Seqlen 128, new tokens 64; max CPU/NPU frequency"
Rockchip,RV1126B,,Qwen3 0.6B,LLM generation,seqlen 128,w4a16_g128,tokens_per_s,12.53,tokens/s,rknn-llm,https://github.com/airockchip/rknn-llm/blob/main/benchmark.md,"decode speed; Seqlen 128, new tokens 64; max CPU/NPU frequency; TTFT 1017.06 ms and memory 473.77 MB in source; optimization_level 0"
Rockchip,RV1126B,,Qwen3 0.6B,LLM generation,seqlen 128,w4a16_g128,latency_ms,1017.06,ms,rknn-llm,https://github.com/airockchip/rknn-llm/blob/main/benchmark.md,"time to first token (TTFT); Seqlen 128, new tokens 64; max CPU/NPU frequency"
Rockchip,RV1126B,,Qwen3 0.6B,LLM generation,seqlen 128,w8a8,tokens_per_s,10.22,tokens/s,rknn-llm,https://github.com/airockchip/rknn-llm/blob/main/benchmark.md,"decode speed; Seqlen 128, new tokens 64; max CPU/NPU frequency; TTFT 944.30 ms and memory 773.11 MB in source; optimization_level 0"
Rockchip,RV1126B,,Qwen3 0.6B,LLM generation,seqlen 128,w8a8,latency_ms,944.30,ms,rknn-llm,https://github.com/airockchip/rknn-llm/blob/main/benchmark.md,"time to first token (TTFT); Seqlen 128, new tokens 64; max CPU/NPU frequency"
Rockchip,RV1126B,,Qwen3.5 0.8B,LLM generation,seqlen 128,w4a16,tokens_per_s,10.18,tokens/s,rknn-llm,https://github.com/airockchip/rknn-llm/blob/main/benchmark.md,"decode speed; Seqlen 128, new tokens 64; max CPU/NPU frequency; TTFT 4359.89 ms and memory 659.16 MB in source; optimization_level 0"
Rockchip,RV1126B,,Qwen3.5 0.8B,LLM generation,seqlen 128,w4a16,latency_ms,4359.89,ms,rknn-llm,https://github.com/airockchip/rknn-llm/blob/main/benchmark.md,"time to first token (TTFT); Seqlen 128, new tokens 64; max CPU/NPU frequency"
Rockchip,RV1126B,,Qwen3.5 0.8B,LLM generation,seqlen 128,w4a16_g128,tokens_per_s,9.07,tokens/s,rknn-llm,https://github.com/airockchip/rknn-llm/blob/main/benchmark.md,"decode speed; Seqlen 128, new tokens 64; max CPU/NPU frequency; TTFT 4560.21 ms and memory 616.98 MB in source; optimization_level 0"
Rockchip,RV1126B,,Qwen3.5 0.8B,LLM generation,seqlen 128,w4a16_g128,latency_ms,4560.21,ms,rknn-llm,https://github.com/airockchip/rknn-llm/blob/main/benchmark.md,"time to first token (TTFT); Seqlen 128, new tokens 64; max CPU/NPU frequency"
Rockchip,RV1126B,,Qwen3.5 0.8B,LLM generation,seqlen 128,w8a8,tokens_per_s,7.23,tokens/s,rknn-llm,https://github.com/airockchip/rknn-llm/blob/main/benchmark.md,"decode speed; Seqlen 128, new tokens 64; max CPU/NPU frequency; TTFT 4392.52 ms and memory 1017.12 MB in source; optimization_level 0"
Rockchip,RV1126B,,Qwen3.5 0.8B,LLM generation,seqlen 128,w8a8,latency_ms,4392.52,ms,rknn-llm,https://github.com/airockchip/rknn-llm/blob/main/benchmark.md,"time to first token (TTFT); Seqlen 128, new tokens 64; max CPU/NPU frequency"
Rockchip,RV1126B,,LFM2.5-VL 450M,LLM generation,seqlen 128,w4a16,tokens_per_s,29.40,tokens/s,rknn-llm,https://github.com/airockchip/rknn-llm/blob/main/benchmark.md,"decode speed; Seqlen 128, new tokens 64; max CPU/NPU frequency; TTFT 542.66 ms and memory 244.82 MB in source; optimization_level 0"
Rockchip,RV1126B,,LFM2.5-VL 450M,LLM generation,seqlen 128,w4a16,latency_ms,542.66,ms,rknn-llm,https://github.com/airockchip/rknn-llm/blob/main/benchmark.md,"time to first token (TTFT); Seqlen 128, new tokens 64; max CPU/NPU frequency"
Rockchip,RV1126B,,LFM2.5-VL 450M,LLM generation,seqlen 128,w4a16_g128,tokens_per_s,25.12,tokens/s,rknn-llm,https://github.com/airockchip/rknn-llm/blob/main/benchmark.md,"decode speed; Seqlen 128, new tokens 64; max CPU/NPU frequency; TTFT 525.21 ms and memory 239.57 MB in source; optimization_level 0"
Rockchip,RV1126B,,LFM2.5-VL 450M,LLM generation,seqlen 128,w4a16_g128,latency_ms,525.21,ms,rknn-llm,https://github.com/airockchip/rknn-llm/blob/main/benchmark.md,"time to first token (TTFT); Seqlen 128, new tokens 64; max CPU/NPU frequency"
Rockchip,RV1126B,,LFM2.5-VL 450M,LLM generation,seqlen 128,w8a8,tokens_per_s,19.08,tokens/s,rknn-llm,https://github.com/airockchip/rknn-llm/blob/main/benchmark.md,"decode speed; Seqlen 128, new tokens 64; max CPU/NPU frequency; TTFT 537.69 ms and memory 413.88 MB in source; optimization_level 0"
Rockchip,RV1126B,,LFM2.5-VL 450M,LLM generation,seqlen 128,w8a8,latency_ms,537.69,ms,rknn-llm,https://github.com/airockchip/rknn-llm/blob/main/benchmark.md,"time to first token (TTFT); Seqlen 128, new tokens 64; max CPU/NPU frequency"
