vendor,chip,chip_tops,model,task,input_size,precision,metric,value,unit,runtime,source_url,notes
Qualcomm,Snapdragon® 8 Elite Gen 5 For Galaxy Mobile,,ConvNext-Tiny,image-classification,224x224,float,latency_ms,1.313,ms,ONNX,https://huggingface.co/qualcomm/ConvNext-Tiny,official: Qualcomm AI Hub HF card; device chipset as stated 'Snapdragon® 8 Elite Gen 5 For Galaxy Mobile'; peak memory 0 - 80 MB; compute unit NPU
Qualcomm,Snapdragon® 8 Elite For Galaxy Mobile,,ConvNext-Tiny,image-classification,224x224,float,latency_ms,1.56,ms,ONNX,https://huggingface.co/qualcomm/ConvNext-Tiny,official: Qualcomm AI Hub HF card; device chipset as stated 'Snapdragon® 8 Elite For Galaxy Mobile'; peak memory 0 - 78 MB; compute unit NPU
Qualcomm,Snapdragon® X2 Elite,,ConvNext-Tiny,image-classification,224x224,float,latency_ms,1.33,ms,ONNX,https://huggingface.co/qualcomm/ConvNext-Tiny,official: Qualcomm AI Hub HF card; device chipset as stated 'Snapdragon® X2 Elite'; peak memory 2 - 2 MB; compute unit NPU
Qualcomm,Snapdragon® X Elite,,ConvNext-Tiny,image-classification,224x224,float,latency_ms,2.664,ms,ONNX,https://huggingface.co/qualcomm/ConvNext-Tiny,official: Qualcomm AI Hub HF card; device chipset as stated 'Snapdragon® X Elite'; peak memory 57 - 57 MB; compute unit NPU
Qualcomm,Snapdragon® 8 Gen 3 Mobile,,ConvNext-Tiny,image-classification,224x224,float,latency_ms,2.026,ms,ONNX,https://huggingface.co/qualcomm/ConvNext-Tiny,official: Qualcomm AI Hub HF card; device chipset as stated 'Snapdragon® 8 Gen 3 Mobile'; peak memory 0 - 135 MB; compute unit NPU
Qualcomm,Snapdragon® 8 Elite Gen 5 For Galaxy Mobile,,ConvNext-Tiny,image-classification,224x224,w8a16,latency_ms,0.87,ms,ONNX,https://huggingface.co/qualcomm/ConvNext-Tiny,official: Qualcomm AI Hub HF card; device chipset as stated 'Snapdragon® 8 Elite Gen 5 For Galaxy Mobile'; peak memory 0 - 95 MB; compute unit NPU
Qualcomm,Snapdragon® 8 Elite For Galaxy Mobile,,ConvNext-Tiny,image-classification,224x224,w8a16,latency_ms,1.081,ms,ONNX,https://huggingface.co/qualcomm/ConvNext-Tiny,official: Qualcomm AI Hub HF card; device chipset as stated 'Snapdragon® 8 Elite For Galaxy Mobile'; peak memory 0 - 96 MB; compute unit NPU
Qualcomm,Snapdragon® X2 Elite,,ConvNext-Tiny,image-classification,224x224,w8a16,latency_ms,0.867,ms,ONNX,https://huggingface.co/qualcomm/ConvNext-Tiny,official: Qualcomm AI Hub HF card; device chipset as stated 'Snapdragon® X2 Elite'; peak memory 1 - 1 MB; compute unit NPU
Qualcomm,Snapdragon® X Elite,,ConvNext-Tiny,image-classification,224x224,w8a16,latency_ms,2.191,ms,ONNX,https://huggingface.co/qualcomm/ConvNext-Tiny,official: Qualcomm AI Hub HF card; device chipset as stated 'Snapdragon® X Elite'; peak memory 30 - 30 MB; compute unit NPU
Qualcomm,Snapdragon® 8 Gen 3 Mobile,,ConvNext-Tiny,image-classification,224x224,w8a16,latency_ms,1.538,ms,ONNX,https://huggingface.co/qualcomm/ConvNext-Tiny,official: Qualcomm AI Hub HF card; device chipset as stated 'Snapdragon® 8 Gen 3 Mobile'; peak memory 0 - 136 MB; compute unit NPU
Qualcomm,Snapdragon® 8 Elite Gen 5 For Galaxy Mobile,,ConvNext-Tiny,image-classification,224x224,w8a8,latency_ms,0.714,ms,ONNX,https://huggingface.co/qualcomm/ConvNext-Tiny,official: Qualcomm AI Hub HF card; device chipset as stated 'Snapdragon® 8 Elite Gen 5 For Galaxy Mobile'; peak memory 0 - 91 MB; compute unit NPU
Qualcomm,Snapdragon® 8 Elite For Galaxy Mobile,,ConvNext-Tiny,image-classification,224x224,w8a8,latency_ms,0.775,ms,ONNX,https://huggingface.co/qualcomm/ConvNext-Tiny,official: Qualcomm AI Hub HF card; device chipset as stated 'Snapdragon® 8 Elite For Galaxy Mobile'; peak memory 0 - 85 MB; compute unit NPU
Qualcomm,Snapdragon® X2 Elite,,ConvNext-Tiny,image-classification,224x224,w8a8,latency_ms,0.615,ms,ONNX,https://huggingface.co/qualcomm/ConvNext-Tiny,official: Qualcomm AI Hub HF card; device chipset as stated 'Snapdragon® X2 Elite'; peak memory 1 - 1 MB; compute unit NPU
Qualcomm,Snapdragon® X Elite,,ConvNext-Tiny,image-classification,224x224,w8a8,latency_ms,1.378,ms,ONNX,https://huggingface.co/qualcomm/ConvNext-Tiny,official: Qualcomm AI Hub HF card; device chipset as stated 'Snapdragon® X Elite'; peak memory 30 - 30 MB; compute unit NPU
Qualcomm,Snapdragon® 8 Gen 3 Mobile,,ConvNext-Tiny,image-classification,224x224,w8a8,latency_ms,0.957,ms,ONNX,https://huggingface.co/qualcomm/ConvNext-Tiny,official: Qualcomm AI Hub HF card; device chipset as stated 'Snapdragon® 8 Gen 3 Mobile'; peak memory 0 - 121 MB; compute unit NPU
Qualcomm,Snapdragon® 8 Elite Gen 5 For Galaxy Mobile,,ConvNext-Tiny,image-classification,224x224,float,latency_ms,1.596,ms,QNN_DLC,https://huggingface.co/qualcomm/ConvNext-Tiny,official: Qualcomm AI Hub HF card; device chipset as stated 'Snapdragon® 8 Elite Gen 5 For Galaxy Mobile'; peak memory 1 - 82 MB; compute unit NPU
Qualcomm,Snapdragon® 8 Elite For Galaxy Mobile,,ConvNext-Tiny,image-classification,224x224,float,latency_ms,1.917,ms,QNN_DLC,https://huggingface.co/qualcomm/ConvNext-Tiny,official: Qualcomm AI Hub HF card; device chipset as stated 'Snapdragon® 8 Elite For Galaxy Mobile'; peak memory 0 - 82 MB; compute unit NPU
Qualcomm,Snapdragon® X2 Elite,,ConvNext-Tiny,image-classification,224x224,float,latency_ms,1.953,ms,QNN_DLC,https://huggingface.co/qualcomm/ConvNext-Tiny,official: Qualcomm AI Hub HF card; device chipset as stated 'Snapdragon® X2 Elite'; peak memory 1 - 1 MB; compute unit NPU
Qualcomm,Snapdragon® X Elite,,ConvNext-Tiny,image-classification,224x224,float,latency_ms,3.686,ms,QNN_DLC,https://huggingface.co/qualcomm/ConvNext-Tiny,official: Qualcomm AI Hub HF card; device chipset as stated 'Snapdragon® X Elite'; peak memory 1 - 1 MB; compute unit NPU
Qualcomm,Snapdragon® 8 Gen 3 Mobile,,ConvNext-Tiny,image-classification,224x224,float,latency_ms,2.477,ms,QNN_DLC,https://huggingface.co/qualcomm/ConvNext-Tiny,official: Qualcomm AI Hub HF card; device chipset as stated 'Snapdragon® 8 Gen 3 Mobile'; peak memory 0 - 134 MB; compute unit NPU
Qualcomm,Snapdragon® 8 Elite Gen 5 For Galaxy Mobile,,ConvNext-Tiny,image-classification,224x224,w8a16,latency_ms,1.211,ms,QNN_DLC,https://huggingface.co/qualcomm/ConvNext-Tiny,official: Qualcomm AI Hub HF card; device chipset as stated 'Snapdragon® 8 Elite Gen 5 For Galaxy Mobile'; peak memory 0 - 86 MB; compute unit NPU
Qualcomm,Snapdragon® 8 Elite For Galaxy Mobile,,ConvNext-Tiny,image-classification,224x224,w8a16,latency_ms,1.508,ms,QNN_DLC,https://huggingface.co/qualcomm/ConvNext-Tiny,official: Qualcomm AI Hub HF card; device chipset as stated 'Snapdragon® 8 Elite For Galaxy Mobile'; peak memory 0 - 86 MB; compute unit NPU
Qualcomm,Snapdragon® X2 Elite,,ConvNext-Tiny,image-classification,224x224,w8a16,latency_ms,1.787,ms,QNN_DLC,https://huggingface.co/qualcomm/ConvNext-Tiny,official: Qualcomm AI Hub HF card; device chipset as stated 'Snapdragon® X2 Elite'; peak memory 0 - 0 MB; compute unit NPU
Qualcomm,Snapdragon® X Elite,,ConvNext-Tiny,image-classification,224x224,w8a16,latency_ms,3.374,ms,QNN_DLC,https://huggingface.co/qualcomm/ConvNext-Tiny,official: Qualcomm AI Hub HF card; device chipset as stated 'Snapdragon® X Elite'; peak memory 0 - 0 MB; compute unit NPU
Qualcomm,Snapdragon® 8 Gen 3 Mobile,,ConvNext-Tiny,image-classification,224x224,w8a16,latency_ms,2.18,ms,QNN_DLC,https://huggingface.co/qualcomm/ConvNext-Tiny,official: Qualcomm AI Hub HF card; device chipset as stated 'Snapdragon® 8 Gen 3 Mobile'; peak memory 0 - 130 MB; compute unit NPU
Qualcomm,Snapdragon® 8 Elite Gen 5 For Galaxy Mobile,,ConvNext-Tiny,image-classification,224x224,w8a8,latency_ms,0.85,ms,QNN_DLC,https://huggingface.co/qualcomm/ConvNext-Tiny,official: Qualcomm AI Hub HF card; device chipset as stated 'Snapdragon® 8 Elite Gen 5 For Galaxy Mobile'; peak memory 0 - 81 MB; compute unit NPU
Qualcomm,Snapdragon® 8 Elite For Galaxy Mobile,,ConvNext-Tiny,image-classification,224x224,w8a8,latency_ms,0.956,ms,QNN_DLC,https://huggingface.co/qualcomm/ConvNext-Tiny,official: Qualcomm AI Hub HF card; device chipset as stated 'Snapdragon® 8 Elite For Galaxy Mobile'; peak memory 0 - 77 MB; compute unit NPU
Qualcomm,Snapdragon® X2 Elite,,ConvNext-Tiny,image-classification,224x224,w8a8,latency_ms,0.932,ms,QNN_DLC,https://huggingface.co/qualcomm/ConvNext-Tiny,official: Qualcomm AI Hub HF card; device chipset as stated 'Snapdragon® X2 Elite'; peak memory 0 - 0 MB; compute unit NPU
Qualcomm,Snapdragon® X Elite,,ConvNext-Tiny,image-classification,224x224,w8a8,latency_ms,1.937,ms,QNN_DLC,https://huggingface.co/qualcomm/ConvNext-Tiny,official: Qualcomm AI Hub HF card; device chipset as stated 'Snapdragon® X Elite'; peak memory 0 - 0 MB; compute unit NPU
Qualcomm,Snapdragon® 8 Gen 3 Mobile,,ConvNext-Tiny,image-classification,224x224,w8a8,latency_ms,1.228,ms,QNN_DLC,https://huggingface.co/qualcomm/ConvNext-Tiny,official: Qualcomm AI Hub HF card; device chipset as stated 'Snapdragon® 8 Gen 3 Mobile'; peak memory 0 - 106 MB; compute unit NPU
Qualcomm,Snapdragon® 8 Elite Gen 5 For Galaxy Mobile,,ConvNext-Tiny,image-classification,224x224,float,latency_ms,1.338,ms,TFLITE,https://huggingface.co/qualcomm/ConvNext-Tiny,official: Qualcomm AI Hub HF card; device chipset as stated 'Snapdragon® 8 Elite Gen 5 For Galaxy Mobile'; peak memory 0 - 77 MB; compute unit NPU
Qualcomm,Snapdragon® 8 Elite For Galaxy Mobile,,ConvNext-Tiny,image-classification,224x224,float,latency_ms,1.612,ms,TFLITE,https://huggingface.co/qualcomm/ConvNext-Tiny,official: Qualcomm AI Hub HF card; device chipset as stated 'Snapdragon® 8 Elite For Galaxy Mobile'; peak memory 0 - 73 MB; compute unit NPU
Qualcomm,Snapdragon® 8 Gen 3 Mobile,,ConvNext-Tiny,image-classification,224x224,float,latency_ms,2.133,ms,TFLITE,https://huggingface.co/qualcomm/ConvNext-Tiny,official: Qualcomm AI Hub HF card; device chipset as stated 'Snapdragon® 8 Gen 3 Mobile'; peak memory 0 - 136 MB; compute unit NPU
Qualcomm,Snapdragon® 8 Elite Gen 5 For Galaxy Mobile,,ConvNext-Tiny,image-classification,224x224,w8a8,latency_ms,0.776,ms,TFLITE,https://huggingface.co/qualcomm/ConvNext-Tiny,official: Qualcomm AI Hub HF card; device chipset as stated 'Snapdragon® 8 Elite Gen 5 For Galaxy Mobile'; peak memory 0 - 83 MB; compute unit NPU
Qualcomm,Snapdragon® 8 Elite For Galaxy Mobile,,ConvNext-Tiny,image-classification,224x224,w8a8,latency_ms,0.9,ms,TFLITE,https://huggingface.co/qualcomm/ConvNext-Tiny,official: Qualcomm AI Hub HF card; device chipset as stated 'Snapdragon® 8 Elite For Galaxy Mobile'; peak memory 0 - 73 MB; compute unit NPU
Qualcomm,Snapdragon® 8 Gen 3 Mobile,,ConvNext-Tiny,image-classification,224x224,w8a8,latency_ms,1.186,ms,TFLITE,https://huggingface.co/qualcomm/ConvNext-Tiny,official: Qualcomm AI Hub HF card; device chipset as stated 'Snapdragon® 8 Gen 3 Mobile'; peak memory 0 - 116 MB; compute unit NPU
Qualcomm,Snapdragon® 8 Elite Gen 5 For Galaxy Mobile,,DETR-ResNet50,object-detection,480x480,float,latency_ms,8.257,ms,ONNX,https://huggingface.co/qualcomm/DETR-ResNet50,official: Qualcomm AI Hub HF card; device chipset as stated 'Snapdragon® 8 Elite Gen 5 For Galaxy Mobile'; peak memory 3 - 278 MB; compute unit NPU
Qualcomm,Snapdragon® 8 Elite For Galaxy Mobile,,DETR-ResNet50,object-detection,480x480,float,latency_ms,10.048,ms,ONNX,https://huggingface.co/qualcomm/DETR-ResNet50,official: Qualcomm AI Hub HF card; device chipset as stated 'Snapdragon® 8 Elite For Galaxy Mobile'; peak memory 3 - 259 MB; compute unit NPU
Qualcomm,Snapdragon® X2 Elite,,DETR-ResNet50,object-detection,480x480,float,latency_ms,8.215,ms,ONNX,https://huggingface.co/qualcomm/DETR-ResNet50,official: Qualcomm AI Hub HF card; device chipset as stated 'Snapdragon® X2 Elite'; peak memory 5 - 5 MB; compute unit NPU
Qualcomm,Snapdragon® X Elite,,DETR-ResNet50,object-detection,480x480,float,latency_ms,16.571,ms,ONNX,https://huggingface.co/qualcomm/DETR-ResNet50,official: Qualcomm AI Hub HF card; device chipset as stated 'Snapdragon® X Elite'; peak memory 78 - 78 MB; compute unit NPU
Qualcomm,Snapdragon® 8 Gen 3 Mobile,,DETR-ResNet50,object-detection,480x480,float,latency_ms,12.998,ms,ONNX,https://huggingface.co/qualcomm/DETR-ResNet50,official: Qualcomm AI Hub HF card; device chipset as stated 'Snapdragon® 8 Gen 3 Mobile'; peak memory 0 - 362 MB; compute unit NPU
Qualcomm,Snapdragon® 8 Elite Gen 5 For Galaxy Mobile,,DETR-ResNet50,object-detection,480x480,w8a16_mixed_fp16,latency_ms,24.766,ms,ONNX,https://huggingface.co/qualcomm/DETR-ResNet50,official: Qualcomm AI Hub HF card; device chipset as stated 'Snapdragon® 8 Elite Gen 5 For Galaxy Mobile'; peak memory 21 - 289 MB; compute unit NPU
Qualcomm,Snapdragon® 8 Elite For Galaxy Mobile,,DETR-ResNet50,object-detection,480x480,w8a16_mixed_fp16,latency_ms,31.162,ms,ONNX,https://huggingface.co/qualcomm/DETR-ResNet50,official: Qualcomm AI Hub HF card; device chipset as stated 'Snapdragon® 8 Elite For Galaxy Mobile'; peak memory 20 - 271 MB; compute unit NPU
Qualcomm,Snapdragon® 8 Gen 3 Mobile,,DETR-ResNet50,object-detection,480x480,w8a16_mixed_fp16,latency_ms,37.101,ms,ONNX,https://huggingface.co/qualcomm/DETR-ResNet50,official: Qualcomm AI Hub HF card; device chipset as stated 'Snapdragon® 8 Gen 3 Mobile'; peak memory 19 - 364 MB; compute unit NPU
Qualcomm,Snapdragon® 8 Elite Gen 5 For Galaxy Mobile,,DETR-ResNet50,object-detection,480x480,float,latency_ms,7.938,ms,QNN_DLC,https://huggingface.co/qualcomm/DETR-ResNet50,official: Qualcomm AI Hub HF card; device chipset as stated 'Snapdragon® 8 Elite Gen 5 For Galaxy Mobile'; peak memory 5 - 278 MB; compute unit NPU
Qualcomm,Snapdragon® 8 Elite For Galaxy Mobile,,DETR-ResNet50,object-detection,480x480,float,latency_ms,10.344,ms,QNN_DLC,https://huggingface.co/qualcomm/DETR-ResNet50,official: Qualcomm AI Hub HF card; device chipset as stated 'Snapdragon® 8 Elite For Galaxy Mobile'; peak memory 3 - 266 MB; compute unit NPU
Qualcomm,Snapdragon® X2 Elite,,DETR-ResNet50,object-detection,480x480,float,latency_ms,8.847,ms,QNN_DLC,https://huggingface.co/qualcomm/DETR-ResNet50,official: Qualcomm AI Hub HF card; device chipset as stated 'Snapdragon® X2 Elite'; peak memory 5 - 5 MB; compute unit NPU
Qualcomm,Snapdragon® X Elite,,DETR-ResNet50,object-detection,480x480,float,latency_ms,19.33,ms,QNN_DLC,https://huggingface.co/qualcomm/DETR-ResNet50,official: Qualcomm AI Hub HF card; device chipset as stated 'Snapdragon® X Elite'; peak memory 5 - 5 MB; compute unit NPU
Qualcomm,Snapdragon® 8 Gen 3 Mobile,,DETR-ResNet50,object-detection,480x480,float,latency_ms,13.581,ms,QNN_DLC,https://huggingface.co/qualcomm/DETR-ResNet50,official: Qualcomm AI Hub HF card; device chipset as stated 'Snapdragon® 8 Gen 3 Mobile'; peak memory 5 - 342 MB; compute unit NPU
Qualcomm,Snapdragon® 8 Elite Gen 5 For Galaxy Mobile,,DETR-ResNet50,object-detection,480x480,w8a16_mixed_fp16,latency_ms,10.833,ms,QNN_DLC,https://huggingface.co/qualcomm/DETR-ResNet50,official: Qualcomm AI Hub HF card; device chipset as stated 'Snapdragon® 8 Elite Gen 5 For Galaxy Mobile'; peak memory 2 - 305 MB; compute unit NPU
Qualcomm,Snapdragon® 8 Elite For Galaxy Mobile,,DETR-ResNet50,object-detection,480x480,w8a16_mixed_fp16,latency_ms,12.493,ms,QNN_DLC,https://huggingface.co/qualcomm/DETR-ResNet50,official: Qualcomm AI Hub HF card; device chipset as stated 'Snapdragon® 8 Elite For Galaxy Mobile'; peak memory 0 - 286 MB; compute unit NPU
Qualcomm,Snapdragon® X2 Elite,,DETR-ResNet50,object-detection,480x480,w8a16_mixed_fp16,latency_ms,13.363,ms,QNN_DLC,https://huggingface.co/qualcomm/DETR-ResNet50,official: Qualcomm AI Hub HF card; device chipset as stated 'Snapdragon® X2 Elite'; peak memory 2 - 2 MB; compute unit NPU
Qualcomm,Snapdragon® X Elite,,DETR-ResNet50,object-detection,480x480,w8a16_mixed_fp16,latency_ms,23.9,ms,QNN_DLC,https://huggingface.co/qualcomm/DETR-ResNet50,official: Qualcomm AI Hub HF card; device chipset as stated 'Snapdragon® X Elite'; peak memory 2 - 2 MB; compute unit NPU
Qualcomm,Snapdragon® 8 Gen 3 Mobile,,DETR-ResNet50,object-detection,480x480,w8a16_mixed_fp16,latency_ms,17.762,ms,QNN_DLC,https://huggingface.co/qualcomm/DETR-ResNet50,official: Qualcomm AI Hub HF card; device chipset as stated 'Snapdragon® 8 Gen 3 Mobile'; peak memory 2 - 371 MB; compute unit NPU
Qualcomm,Snapdragon® 8 Elite Gen 5 For Galaxy Mobile,,DETR-ResNet50,object-detection,480x480,float,latency_ms,7.948,ms,TFLITE,https://huggingface.co/qualcomm/DETR-ResNet50,official: Qualcomm AI Hub HF card; device chipset as stated 'Snapdragon® 8 Elite Gen 5 For Galaxy Mobile'; peak memory 0 - 301 MB; compute unit NPU
Qualcomm,Snapdragon® 8 Elite For Galaxy Mobile,,DETR-ResNet50,object-detection,480x480,float,latency_ms,10.35,ms,TFLITE,https://huggingface.co/qualcomm/DETR-ResNet50,official: Qualcomm AI Hub HF card; device chipset as stated 'Snapdragon® 8 Elite For Galaxy Mobile'; peak memory 0 - 290 MB; compute unit NPU
Qualcomm,Snapdragon® 8 Gen 3 Mobile,,DETR-ResNet50,object-detection,480x480,float,latency_ms,13.575,ms,TFLITE,https://huggingface.co/qualcomm/DETR-ResNet50,official: Qualcomm AI Hub HF card; device chipset as stated 'Snapdragon® 8 Gen 3 Mobile'; peak memory 0 - 362 MB; compute unit NPU
Qualcomm,Snapdragon® 8 Elite Gen 5 For Galaxy Mobile,,DeepLabV3-Plus-MobileNet,image-segmentation,513x513,float,latency_ms,4.204,ms,ONNX,https://huggingface.co/qualcomm/DeepLabV3-Plus-MobileNet,official: Qualcomm AI Hub HF card; device chipset as stated 'Snapdragon® 8 Elite Gen 5 For Galaxy Mobile'; peak memory 2 - 170 MB; compute unit NPU
Qualcomm,Snapdragon® 8 Elite For Galaxy Mobile,,DeepLabV3-Plus-MobileNet,image-segmentation,513x513,float,latency_ms,6.114,ms,ONNX,https://huggingface.co/qualcomm/DeepLabV3-Plus-MobileNet,official: Qualcomm AI Hub HF card; device chipset as stated 'Snapdragon® 8 Elite For Galaxy Mobile'; peak memory 2 - 166 MB; compute unit NPU
Qualcomm,Snapdragon® X2 Elite,,DeepLabV3-Plus-MobileNet,image-segmentation,513x513,float,latency_ms,4.794,ms,ONNX,https://huggingface.co/qualcomm/DeepLabV3-Plus-MobileNet,official: Qualcomm AI Hub HF card; device chipset as stated 'Snapdragon® X2 Elite'; peak memory 3 - 3 MB; compute unit NPU
Qualcomm,Snapdragon® X Elite,,DeepLabV3-Plus-MobileNet,image-segmentation,513x513,float,latency_ms,11.378,ms,ONNX,https://huggingface.co/qualcomm/DeepLabV3-Plus-MobileNet,official: Qualcomm AI Hub HF card; device chipset as stated 'Snapdragon® X Elite'; peak memory 10 - 10 MB; compute unit NPU
Qualcomm,Snapdragon® 8 Gen 3 Mobile,,DeepLabV3-Plus-MobileNet,image-segmentation,513x513,float,latency_ms,7.228,ms,ONNX,https://huggingface.co/qualcomm/DeepLabV3-Plus-MobileNet,official: Qualcomm AI Hub HF card; device chipset as stated 'Snapdragon® 8 Gen 3 Mobile'; peak memory 4 - 199 MB; compute unit NPU
Qualcomm,Snapdragon® 8 Elite Gen 5 For Galaxy Mobile,,DeepLabV3-Plus-MobileNet,image-segmentation,513x513,w8a16,latency_ms,2.915,ms,ONNX,https://huggingface.co/qualcomm/DeepLabV3-Plus-MobileNet,official: Qualcomm AI Hub HF card; device chipset as stated 'Snapdragon® 8 Elite Gen 5 For Galaxy Mobile'; peak memory 0 - 181 MB; compute unit NPU
Qualcomm,Snapdragon® 8 Elite For Galaxy Mobile,,DeepLabV3-Plus-MobileNet,image-segmentation,513x513,w8a16,latency_ms,4.02,ms,ONNX,https://huggingface.co/qualcomm/DeepLabV3-Plus-MobileNet,official: Qualcomm AI Hub HF card; device chipset as stated 'Snapdragon® 8 Elite For Galaxy Mobile'; peak memory 2 - 179 MB; compute unit NPU
Qualcomm,Snapdragon® X2 Elite,,DeepLabV3-Plus-MobileNet,image-segmentation,513x513,w8a16,latency_ms,3.494,ms,ONNX,https://huggingface.co/qualcomm/DeepLabV3-Plus-MobileNet,official: Qualcomm AI Hub HF card; device chipset as stated 'Snapdragon® X2 Elite'; peak memory 2 - 2 MB; compute unit NPU
Qualcomm,Snapdragon® X Elite,,DeepLabV3-Plus-MobileNet,image-segmentation,513x513,w8a16,latency_ms,7.391,ms,ONNX,https://huggingface.co/qualcomm/DeepLabV3-Plus-MobileNet,official: Qualcomm AI Hub HF card; device chipset as stated 'Snapdragon® X Elite'; peak memory 5 - 5 MB; compute unit NPU
Qualcomm,Snapdragon® 8 Gen 3 Mobile,,DeepLabV3-Plus-MobileNet,image-segmentation,513x513,w8a16,latency_ms,5.177,ms,ONNX,https://huggingface.co/qualcomm/DeepLabV3-Plus-MobileNet,official: Qualcomm AI Hub HF card; device chipset as stated 'Snapdragon® 8 Gen 3 Mobile'; peak memory 2 - 212 MB; compute unit NPU
Qualcomm,Snapdragon® 8 Elite Gen 5 For Galaxy Mobile,,DeepLabV3-Plus-MobileNet,image-segmentation,513x513,w8a8,latency_ms,1.404,ms,ONNX,https://huggingface.co/qualcomm/DeepLabV3-Plus-MobileNet,official: Qualcomm AI Hub HF card; device chipset as stated 'Snapdragon® 8 Elite Gen 5 For Galaxy Mobile'; peak memory 0 - 172 MB; compute unit NPU
Qualcomm,Snapdragon® 8 Elite For Galaxy Mobile,,DeepLabV3-Plus-MobileNet,image-segmentation,513x513,w8a8,latency_ms,1.877,ms,ONNX,https://huggingface.co/qualcomm/DeepLabV3-Plus-MobileNet,official: Qualcomm AI Hub HF card; device chipset as stated 'Snapdragon® 8 Elite For Galaxy Mobile'; peak memory 0 - 171 MB; compute unit NPU
Qualcomm,Snapdragon® X2 Elite,,DeepLabV3-Plus-MobileNet,image-segmentation,513x513,w8a8,latency_ms,1.643,ms,ONNX,https://huggingface.co/qualcomm/DeepLabV3-Plus-MobileNet,official: Qualcomm AI Hub HF card; device chipset as stated 'Snapdragon® X2 Elite'; peak memory 2 - 2 MB; compute unit NPU
Qualcomm,Snapdragon® X Elite,,DeepLabV3-Plus-MobileNet,image-segmentation,513x513,w8a8,latency_ms,3.647,ms,ONNX,https://huggingface.co/qualcomm/DeepLabV3-Plus-MobileNet,official: Qualcomm AI Hub HF card; device chipset as stated 'Snapdragon® X Elite'; peak memory 6 - 6 MB; compute unit NPU
Qualcomm,Snapdragon® 8 Gen 3 Mobile,,DeepLabV3-Plus-MobileNet,image-segmentation,513x513,w8a8,latency_ms,2.371,ms,ONNX,https://huggingface.co/qualcomm/DeepLabV3-Plus-MobileNet,official: Qualcomm AI Hub HF card; device chipset as stated 'Snapdragon® 8 Gen 3 Mobile'; peak memory 0 - 199 MB; compute unit NPU
Qualcomm,Snapdragon® 8 Elite Gen 5 For Galaxy Mobile,,DeepLabV3-Plus-MobileNet,image-segmentation,513x513,float,latency_ms,4.359,ms,QNN_DLC,https://huggingface.co/qualcomm/DeepLabV3-Plus-MobileNet,official: Qualcomm AI Hub HF card; device chipset as stated 'Snapdragon® 8 Elite Gen 5 For Galaxy Mobile'; peak memory 3 - 178 MB; compute unit NPU
Qualcomm,Snapdragon® 8 Elite For Galaxy Mobile,,DeepLabV3-Plus-MobileNet,image-segmentation,513x513,float,latency_ms,6.254,ms,QNN_DLC,https://huggingface.co/qualcomm/DeepLabV3-Plus-MobileNet,official: Qualcomm AI Hub HF card; device chipset as stated 'Snapdragon® 8 Elite For Galaxy Mobile'; peak memory 0 - 170 MB; compute unit NPU
Qualcomm,Snapdragon® X2 Elite,,DeepLabV3-Plus-MobileNet,image-segmentation,513x513,float,latency_ms,5.492,ms,QNN_DLC,https://huggingface.co/qualcomm/DeepLabV3-Plus-MobileNet,official: Qualcomm AI Hub HF card; device chipset as stated 'Snapdragon® X2 Elite'; peak memory 3 - 3 MB; compute unit NPU
Qualcomm,Snapdragon® X Elite,,DeepLabV3-Plus-MobileNet,image-segmentation,513x513,float,latency_ms,12.324,ms,QNN_DLC,https://huggingface.co/qualcomm/DeepLabV3-Plus-MobileNet,official: Qualcomm AI Hub HF card; device chipset as stated 'Snapdragon® X Elite'; peak memory 3 - 3 MB; compute unit NPU
Qualcomm,Snapdragon® 8 Gen 3 Mobile,,DeepLabV3-Plus-MobileNet,image-segmentation,513x513,float,latency_ms,8.083,ms,QNN_DLC,https://huggingface.co/qualcomm/DeepLabV3-Plus-MobileNet,official: Qualcomm AI Hub HF card; device chipset as stated 'Snapdragon® 8 Gen 3 Mobile'; peak memory 3 - 201 MB; compute unit NPU
Qualcomm,Snapdragon® 8 Elite Gen 5 For Galaxy Mobile,,DeepLabV3-Plus-MobileNet,image-segmentation,513x513,w8a16,latency_ms,3.228,ms,QNN_DLC,https://huggingface.co/qualcomm/DeepLabV3-Plus-MobileNet,official: Qualcomm AI Hub HF card; device chipset as stated 'Snapdragon® 8 Elite Gen 5 For Galaxy Mobile'; peak memory 2 - 175 MB; compute unit NPU
Qualcomm,Snapdragon® 8 Elite For Galaxy Mobile,,DeepLabV3-Plus-MobileNet,image-segmentation,513x513,w8a16,latency_ms,4.563,ms,QNN_DLC,https://huggingface.co/qualcomm/DeepLabV3-Plus-MobileNet,official: Qualcomm AI Hub HF card; device chipset as stated 'Snapdragon® 8 Elite For Galaxy Mobile'; peak memory 2 - 172 MB; compute unit NPU
Qualcomm,Snapdragon® X2 Elite,,DeepLabV3-Plus-MobileNet,image-segmentation,513x513,w8a16,latency_ms,4.405,ms,QNN_DLC,https://huggingface.co/qualcomm/DeepLabV3-Plus-MobileNet,official: Qualcomm AI Hub HF card; device chipset as stated 'Snapdragon® X2 Elite'; peak memory 2 - 2 MB; compute unit NPU
Qualcomm,Snapdragon® X Elite,,DeepLabV3-Plus-MobileNet,image-segmentation,513x513,w8a16,latency_ms,9.258,ms,QNN_DLC,https://huggingface.co/qualcomm/DeepLabV3-Plus-MobileNet,official: Qualcomm AI Hub HF card; device chipset as stated 'Snapdragon® X Elite'; peak memory 2 - 2 MB; compute unit NPU
Qualcomm,Snapdragon® 8 Gen 3 Mobile,,DeepLabV3-Plus-MobileNet,image-segmentation,513x513,w8a16,latency_ms,6.172,ms,QNN_DLC,https://huggingface.co/qualcomm/DeepLabV3-Plus-MobileNet,official: Qualcomm AI Hub HF card; device chipset as stated 'Snapdragon® 8 Gen 3 Mobile'; peak memory 2 - 210 MB; compute unit NPU
Qualcomm,Snapdragon® 8 Elite Gen 5 For Galaxy Mobile,,DeepLabV3-Plus-MobileNet,image-segmentation,513x513,w8a8,latency_ms,1.556,ms,QNN_DLC,https://huggingface.co/qualcomm/DeepLabV3-Plus-MobileNet,official: Qualcomm AI Hub HF card; device chipset as stated 'Snapdragon® 8 Elite Gen 5 For Galaxy Mobile'; peak memory 1 - 168 MB; compute unit NPU
Qualcomm,Snapdragon® 8 Elite For Galaxy Mobile,,DeepLabV3-Plus-MobileNet,image-segmentation,513x513,w8a8,latency_ms,2.09,ms,QNN_DLC,https://huggingface.co/qualcomm/DeepLabV3-Plus-MobileNet,official: Qualcomm AI Hub HF card; device chipset as stated 'Snapdragon® 8 Elite For Galaxy Mobile'; peak memory 1 - 170 MB; compute unit NPU
Qualcomm,Snapdragon® X2 Elite,,DeepLabV3-Plus-MobileNet,image-segmentation,513x513,w8a8,latency_ms,2.101,ms,QNN_DLC,https://huggingface.co/qualcomm/DeepLabV3-Plus-MobileNet,official: Qualcomm AI Hub HF card; device chipset as stated 'Snapdragon® X2 Elite'; peak memory 1 - 1 MB; compute unit NPU
Qualcomm,Snapdragon® X Elite,,DeepLabV3-Plus-MobileNet,image-segmentation,513x513,w8a8,latency_ms,4.562,ms,QNN_DLC,https://huggingface.co/qualcomm/DeepLabV3-Plus-MobileNet,official: Qualcomm AI Hub HF card; device chipset as stated 'Snapdragon® X Elite'; peak memory 1 - 1 MB; compute unit NPU
Qualcomm,Snapdragon® 8 Gen 3 Mobile,,DeepLabV3-Plus-MobileNet,image-segmentation,513x513,w8a8,latency_ms,2.869,ms,QNN_DLC,https://huggingface.co/qualcomm/DeepLabV3-Plus-MobileNet,official: Qualcomm AI Hub HF card; device chipset as stated 'Snapdragon® 8 Gen 3 Mobile'; peak memory 1 - 185 MB; compute unit NPU
Qualcomm,Snapdragon® 8 Elite Gen 5 For Galaxy Mobile,,DeepLabV3-Plus-MobileNet,image-segmentation,513x513,float,latency_ms,4.36,ms,TFLITE,https://huggingface.co/qualcomm/DeepLabV3-Plus-MobileNet,official: Qualcomm AI Hub HF card; device chipset as stated 'Snapdragon® 8 Elite Gen 5 For Galaxy Mobile'; peak memory 0 - 176 MB; compute unit NPU
Qualcomm,Snapdragon® 8 Elite For Galaxy Mobile,,DeepLabV3-Plus-MobileNet,image-segmentation,513x513,float,latency_ms,6.267,ms,TFLITE,https://huggingface.co/qualcomm/DeepLabV3-Plus-MobileNet,official: Qualcomm AI Hub HF card; device chipset as stated 'Snapdragon® 8 Elite For Galaxy Mobile'; peak memory 0 - 168 MB; compute unit NPU
Qualcomm,Snapdragon® 8 Gen 3 Mobile,,DeepLabV3-Plus-MobileNet,image-segmentation,513x513,float,latency_ms,8.068,ms,TFLITE,https://huggingface.co/qualcomm/DeepLabV3-Plus-MobileNet,official: Qualcomm AI Hub HF card; device chipset as stated 'Snapdragon® 8 Gen 3 Mobile'; peak memory 0 - 207 MB; compute unit NPU
Qualcomm,Snapdragon® 8 Elite Gen 5 For Galaxy Mobile,,DeepLabV3-Plus-MobileNet,image-segmentation,513x513,w8a8,latency_ms,1.638,ms,TFLITE,https://huggingface.co/qualcomm/DeepLabV3-Plus-MobileNet,official: Qualcomm AI Hub HF card; device chipset as stated 'Snapdragon® 8 Elite Gen 5 For Galaxy Mobile'; peak memory 0 - 173 MB; compute unit NPU
Qualcomm,Snapdragon® 8 Elite For Galaxy Mobile,,DeepLabV3-Plus-MobileNet,image-segmentation,513x513,w8a8,latency_ms,2.15,ms,TFLITE,https://huggingface.co/qualcomm/DeepLabV3-Plus-MobileNet,official: Qualcomm AI Hub HF card; device chipset as stated 'Snapdragon® 8 Elite For Galaxy Mobile'; peak memory 0 - 174 MB; compute unit NPU
Qualcomm,Snapdragon® 8 Gen 3 Mobile,,DeepLabV3-Plus-MobileNet,image-segmentation,513x513,w8a8,latency_ms,2.753,ms,TFLITE,https://huggingface.co/qualcomm/DeepLabV3-Plus-MobileNet,official: Qualcomm AI Hub HF card; device chipset as stated 'Snapdragon® 8 Gen 3 Mobile'; peak memory 0 - 193 MB; compute unit NPU
Qualcomm,Snapdragon® 8 Elite Gen 5 For Galaxy Mobile,,DenseNet-121,image-classification,224x224,float,latency_ms,0.677,ms,ONNX,https://huggingface.co/qualcomm/DenseNet-121,official: Qualcomm AI Hub HF card; device chipset as stated 'Snapdragon® 8 Elite Gen 5 For Galaxy Mobile'; peak memory 0 - 47 MB; compute unit NPU
Qualcomm,Snapdragon® 8 Elite For Galaxy Mobile,,DenseNet-121,image-classification,224x224,float,latency_ms,0.781,ms,ONNX,https://huggingface.co/qualcomm/DenseNet-121,official: Qualcomm AI Hub HF card; device chipset as stated 'Snapdragon® 8 Elite For Galaxy Mobile'; peak memory 0 - 51 MB; compute unit NPU
Qualcomm,Snapdragon® X2 Elite,,DenseNet-121,image-classification,224x224,float,latency_ms,0.72,ms,ONNX,https://huggingface.co/qualcomm/DenseNet-121,official: Qualcomm AI Hub HF card; device chipset as stated 'Snapdragon® X2 Elite'; peak memory 2 - 2 MB; compute unit NPU
Qualcomm,Snapdragon® X Elite,,DenseNet-121,image-classification,224x224,float,latency_ms,1.569,ms,ONNX,https://huggingface.co/qualcomm/DenseNet-121,official: Qualcomm AI Hub HF card; device chipset as stated 'Snapdragon® X Elite'; peak memory 16 - 16 MB; compute unit NPU
Qualcomm,Snapdragon® 8 Gen 3 Mobile,,DenseNet-121,image-classification,224x224,float,latency_ms,1.069,ms,ONNX,https://huggingface.co/qualcomm/DenseNet-121,official: Qualcomm AI Hub HF card; device chipset as stated 'Snapdragon® 8 Gen 3 Mobile'; peak memory 0 - 97 MB; compute unit NPU
Qualcomm,Snapdragon® 8 Elite Gen 5 For Galaxy Mobile,,DenseNet-121,image-classification,224x224,w8a16,latency_ms,1.013,ms,ONNX,https://huggingface.co/qualcomm/DenseNet-121,official: Qualcomm AI Hub HF card; device chipset as stated 'Snapdragon® 8 Elite Gen 5 For Galaxy Mobile'; peak memory 0 - 108 MB; compute unit NPU
Qualcomm,Snapdragon® 8 Elite For Galaxy Mobile,,DenseNet-121,image-classification,224x224,w8a16,latency_ms,1.629,ms,ONNX,https://huggingface.co/qualcomm/DenseNet-121,official: Qualcomm AI Hub HF card; device chipset as stated 'Snapdragon® 8 Elite For Galaxy Mobile'; peak memory 0 - 95 MB; compute unit NPU
Qualcomm,Snapdragon® X2 Elite,,DenseNet-121,image-classification,224x224,w8a16,latency_ms,1.062,ms,ONNX,https://huggingface.co/qualcomm/DenseNet-121,official: Qualcomm AI Hub HF card; device chipset as stated 'Snapdragon® X2 Elite'; peak memory 1 - 1 MB; compute unit NPU
Qualcomm,Snapdragon® X Elite,,DenseNet-121,image-classification,224x224,w8a16,latency_ms,2.642,ms,ONNX,https://huggingface.co/qualcomm/DenseNet-121,official: Qualcomm AI Hub HF card; device chipset as stated 'Snapdragon® X Elite'; peak memory 8 - 8 MB; compute unit NPU
Qualcomm,Snapdragon® 8 Gen 3 Mobile,,DenseNet-121,image-classification,224x224,w8a16,latency_ms,1.793,ms,ONNX,https://huggingface.co/qualcomm/DenseNet-121,official: Qualcomm AI Hub HF card; device chipset as stated 'Snapdragon® 8 Gen 3 Mobile'; peak memory 0 - 129 MB; compute unit NPU
Qualcomm,Snapdragon® 8 Elite Gen 5 For Galaxy Mobile,,DenseNet-121,image-classification,224x224,w8a8,latency_ms,0.997,ms,ONNX,https://huggingface.co/qualcomm/DenseNet-121,official: Qualcomm AI Hub HF card; device chipset as stated 'Snapdragon® 8 Elite Gen 5 For Galaxy Mobile'; peak memory 0 - 102 MB; compute unit NPU
Qualcomm,Snapdragon® 8 Elite For Galaxy Mobile,,DenseNet-121,image-classification,224x224,w8a8,latency_ms,1.095,ms,ONNX,https://huggingface.co/qualcomm/DenseNet-121,official: Qualcomm AI Hub HF card; device chipset as stated 'Snapdragon® 8 Elite For Galaxy Mobile'; peak memory 0 - 91 MB; compute unit NPU
Qualcomm,Snapdragon® X2 Elite,,DenseNet-121,image-classification,224x224,w8a8,latency_ms,1.004,ms,ONNX,https://huggingface.co/qualcomm/DenseNet-121,official: Qualcomm AI Hub HF card; device chipset as stated 'Snapdragon® X2 Elite'; peak memory 1 - 1 MB; compute unit NPU
Qualcomm,Snapdragon® X Elite,,DenseNet-121,image-classification,224x224,w8a8,latency_ms,2.462,ms,ONNX,https://huggingface.co/qualcomm/DenseNet-121,official: Qualcomm AI Hub HF card; device chipset as stated 'Snapdragon® X Elite'; peak memory 8 - 8 MB; compute unit NPU
Qualcomm,Snapdragon® 8 Gen 3 Mobile,,DenseNet-121,image-classification,224x224,w8a8,latency_ms,1.716,ms,ONNX,https://huggingface.co/qualcomm/DenseNet-121,official: Qualcomm AI Hub HF card; device chipset as stated 'Snapdragon® 8 Gen 3 Mobile'; peak memory 0 - 124 MB; compute unit NPU
Qualcomm,Snapdragon® 8 Elite Gen 5 For Galaxy Mobile,,DenseNet-121,image-classification,224x224,float,latency_ms,0.725,ms,QNN_DLC,https://huggingface.co/qualcomm/DenseNet-121,official: Qualcomm AI Hub HF card; device chipset as stated 'Snapdragon® 8 Elite Gen 5 For Galaxy Mobile'; peak memory 1 - 42 MB; compute unit NPU
Qualcomm,Snapdragon® 8 Elite For Galaxy Mobile,,DenseNet-121,image-classification,224x224,float,latency_ms,0.88,ms,QNN_DLC,https://huggingface.co/qualcomm/DenseNet-121,official: Qualcomm AI Hub HF card; device chipset as stated 'Snapdragon® 8 Elite For Galaxy Mobile'; peak memory 0 - 44 MB; compute unit NPU
Qualcomm,Snapdragon® X2 Elite,,DenseNet-121,image-classification,224x224,float,latency_ms,0.913,ms,QNN_DLC,https://huggingface.co/qualcomm/DenseNet-121,official: Qualcomm AI Hub HF card; device chipset as stated 'Snapdragon® X2 Elite'; peak memory 1 - 1 MB; compute unit NPU
Qualcomm,Snapdragon® X Elite,,DenseNet-121,image-classification,224x224,float,latency_ms,1.988,ms,QNN_DLC,https://huggingface.co/qualcomm/DenseNet-121,official: Qualcomm AI Hub HF card; device chipset as stated 'Snapdragon® X Elite'; peak memory 1 - 1 MB; compute unit NPU
Qualcomm,Snapdragon® 8 Gen 3 Mobile,,DenseNet-121,image-classification,224x224,float,latency_ms,1.219,ms,QNN_DLC,https://huggingface.co/qualcomm/DenseNet-121,official: Qualcomm AI Hub HF card; device chipset as stated 'Snapdragon® 8 Gen 3 Mobile'; peak memory 0 - 76 MB; compute unit NPU
Qualcomm,Snapdragon® 8 Elite Gen 5 For Galaxy Mobile,,DenseNet-121,image-classification,224x224,w8a16,latency_ms,1.065,ms,QNN_DLC,https://huggingface.co/qualcomm/DenseNet-121,official: Qualcomm AI Hub HF card; device chipset as stated 'Snapdragon® 8 Elite Gen 5 For Galaxy Mobile'; peak memory 0 - 75 MB; compute unit NPU
Qualcomm,Snapdragon® 8 Elite For Galaxy Mobile,,DenseNet-121,image-classification,224x224,w8a16,latency_ms,1.706,ms,QNN_DLC,https://huggingface.co/qualcomm/DenseNet-121,official: Qualcomm AI Hub HF card; device chipset as stated 'Snapdragon® 8 Elite For Galaxy Mobile'; peak memory 0 - 60 MB; compute unit NPU
Qualcomm,Snapdragon® X2 Elite,,DenseNet-121,image-classification,224x224,w8a16,latency_ms,1.409,ms,QNN_DLC,https://huggingface.co/qualcomm/DenseNet-121,official: Qualcomm AI Hub HF card; device chipset as stated 'Snapdragon® X2 Elite'; peak memory 0 - 0 MB; compute unit NPU
Qualcomm,Snapdragon® X Elite,,DenseNet-121,image-classification,224x224,w8a16,latency_ms,3.125,ms,QNN_DLC,https://huggingface.co/qualcomm/DenseNet-121,official: Qualcomm AI Hub HF card; device chipset as stated 'Snapdragon® X Elite'; peak memory 0 - 0 MB; compute unit NPU
Qualcomm,Snapdragon® 8 Gen 3 Mobile,,DenseNet-121,image-classification,224x224,w8a16,latency_ms,1.994,ms,QNN_DLC,https://huggingface.co/qualcomm/DenseNet-121,official: Qualcomm AI Hub HF card; device chipset as stated 'Snapdragon® 8 Gen 3 Mobile'; peak memory 0 - 88 MB; compute unit NPU
Qualcomm,Snapdragon® 8 Elite Gen 5 For Galaxy Mobile,,DenseNet-121,image-classification,224x224,w8a8,latency_ms,0.913,ms,QNN_DLC,https://huggingface.co/qualcomm/DenseNet-121,official: Qualcomm AI Hub HF card; device chipset as stated 'Snapdragon® 8 Elite Gen 5 For Galaxy Mobile'; peak memory 0 - 70 MB; compute unit NPU
Qualcomm,Snapdragon® 8 Elite For Galaxy Mobile,,DenseNet-121,image-classification,224x224,w8a8,latency_ms,1.052,ms,QNN_DLC,https://huggingface.co/qualcomm/DenseNet-121,official: Qualcomm AI Hub HF card; device chipset as stated 'Snapdragon® 8 Elite For Galaxy Mobile'; peak memory 0 - 61 MB; compute unit NPU
Qualcomm,Snapdragon® X2 Elite,,DenseNet-121,image-classification,224x224,w8a8,latency_ms,1.181,ms,QNN_DLC,https://huggingface.co/qualcomm/DenseNet-121,official: Qualcomm AI Hub HF card; device chipset as stated 'Snapdragon® X2 Elite'; peak memory 0 - 0 MB; compute unit NPU
Qualcomm,Snapdragon® X Elite,,DenseNet-121,image-classification,224x224,w8a8,latency_ms,2.632,ms,QNN_DLC,https://huggingface.co/qualcomm/DenseNet-121,official: Qualcomm AI Hub HF card; device chipset as stated 'Snapdragon® X Elite'; peak memory 0 - 0 MB; compute unit NPU
Qualcomm,Snapdragon® 8 Gen 3 Mobile,,DenseNet-121,image-classification,224x224,w8a8,latency_ms,1.704,ms,QNN_DLC,https://huggingface.co/qualcomm/DenseNet-121,official: Qualcomm AI Hub HF card; device chipset as stated 'Snapdragon® 8 Gen 3 Mobile'; peak memory 0 - 83 MB; compute unit NPU
Qualcomm,Snapdragon® 8 Elite Gen 5 For Galaxy Mobile,,DenseNet-121,image-classification,224x224,float,latency_ms,0.722,ms,TFLITE,https://huggingface.co/qualcomm/DenseNet-121,official: Qualcomm AI Hub HF card; device chipset as stated 'Snapdragon® 8 Elite Gen 5 For Galaxy Mobile'; peak memory 0 - 55 MB; compute unit NPU
Qualcomm,Snapdragon® 8 Elite For Galaxy Mobile,,DenseNet-121,image-classification,224x224,float,latency_ms,0.867,ms,TFLITE,https://huggingface.co/qualcomm/DenseNet-121,official: Qualcomm AI Hub HF card; device chipset as stated 'Snapdragon® 8 Elite For Galaxy Mobile'; peak memory 0 - 59 MB; compute unit NPU
Qualcomm,Snapdragon® 8 Gen 3 Mobile,,DenseNet-121,image-classification,224x224,float,latency_ms,1.218,ms,TFLITE,https://huggingface.co/qualcomm/DenseNet-121,official: Qualcomm AI Hub HF card; device chipset as stated 'Snapdragon® 8 Gen 3 Mobile'; peak memory 0 - 90 MB; compute unit NPU
Qualcomm,Snapdragon® 8 Elite Gen 5 For Galaxy Mobile,,Depth-Anything-V2,depth-estimation,518x518,float,latency_ms,23.061,ms,ONNX,https://huggingface.co/qualcomm/Depth-Anything-V2,official: Qualcomm AI Hub HF card; device chipset as stated 'Snapdragon® 8 Elite Gen 5 For Galaxy Mobile'; peak memory 2 - 385 MB; compute unit NPU
Qualcomm,Snapdragon® 8 Elite For Galaxy Mobile,,Depth-Anything-V2,depth-estimation,518x518,float,latency_ms,25.799,ms,ONNX,https://huggingface.co/qualcomm/Depth-Anything-V2,official: Qualcomm AI Hub HF card; device chipset as stated 'Snapdragon® 8 Elite For Galaxy Mobile'; peak memory 2 - 375 MB; compute unit NPU
Qualcomm,Snapdragon® X2 Elite,,Depth-Anything-V2,depth-estimation,518x518,float,latency_ms,20.348,ms,ONNX,https://huggingface.co/qualcomm/Depth-Anything-V2,official: Qualcomm AI Hub HF card; device chipset as stated 'Snapdragon® X2 Elite'; peak memory 5 - 5 MB; compute unit NPU
Qualcomm,Snapdragon® X Elite,,Depth-Anything-V2,depth-estimation,518x518,float,latency_ms,47.567,ms,ONNX,https://huggingface.co/qualcomm/Depth-Anything-V2,official: Qualcomm AI Hub HF card; device chipset as stated 'Snapdragon® X Elite'; peak memory 48 - 48 MB; compute unit NPU
Qualcomm,Snapdragon® 8 Gen 3 Mobile,,Depth-Anything-V2,depth-estimation,518x518,float,latency_ms,34.164,ms,ONNX,https://huggingface.co/qualcomm/Depth-Anything-V2,official: Qualcomm AI Hub HF card; device chipset as stated 'Snapdragon® 8 Gen 3 Mobile'; peak memory 0 - 490 MB; compute unit NPU
Qualcomm,Snapdragon® 8 Elite Gen 5 For Galaxy Mobile,,Depth-Anything-V2,depth-estimation,518x518,w8a16,latency_ms,11.919,ms,ONNX,https://huggingface.co/qualcomm/Depth-Anything-V2,official: Qualcomm AI Hub HF card; device chipset as stated 'Snapdragon® 8 Elite Gen 5 For Galaxy Mobile'; peak memory 1 - 421 MB; compute unit NPU
Qualcomm,Snapdragon® 8 Elite For Galaxy Mobile,,Depth-Anything-V2,depth-estimation,518x518,w8a16,latency_ms,14.42,ms,ONNX,https://huggingface.co/qualcomm/Depth-Anything-V2,official: Qualcomm AI Hub HF card; device chipset as stated 'Snapdragon® 8 Elite For Galaxy Mobile'; peak memory 2 - 412 MB; compute unit NPU
Qualcomm,Snapdragon® X2 Elite,,Depth-Anything-V2,depth-estimation,518x518,w8a16,latency_ms,11.381,ms,ONNX,https://huggingface.co/qualcomm/Depth-Anything-V2,official: Qualcomm AI Hub HF card; device chipset as stated 'Snapdragon® X2 Elite'; peak memory 4 - 4 MB; compute unit NPU
Qualcomm,Snapdragon® X Elite,,Depth-Anything-V2,depth-estimation,518x518,w8a16,latency_ms,26.798,ms,ONNX,https://huggingface.co/qualcomm/Depth-Anything-V2,official: Qualcomm AI Hub HF card; device chipset as stated 'Snapdragon® X Elite'; peak memory 27 - 27 MB; compute unit NPU
Qualcomm,Snapdragon® 8 Gen 3 Mobile,,Depth-Anything-V2,depth-estimation,518x518,w8a16,latency_ms,19.293,ms,ONNX,https://huggingface.co/qualcomm/Depth-Anything-V2,official: Qualcomm AI Hub HF card; device chipset as stated 'Snapdragon® 8 Gen 3 Mobile'; peak memory 3 - 512 MB; compute unit NPU
Qualcomm,Snapdragon® 8 Elite Gen 5 For Galaxy Mobile,,Depth-Anything-V2,depth-estimation,518x518,float,latency_ms,16.732,ms,QNN_DLC,https://huggingface.co/qualcomm/Depth-Anything-V2,official: Qualcomm AI Hub HF card; device chipset as stated 'Snapdragon® 8 Elite Gen 5 For Galaxy Mobile'; peak memory 3 - 371 MB; compute unit NPU
Qualcomm,Snapdragon® 8 Elite For Galaxy Mobile,,Depth-Anything-V2,depth-estimation,518x518,float,latency_ms,21.464,ms,QNN_DLC,https://huggingface.co/qualcomm/Depth-Anything-V2,official: Qualcomm AI Hub HF card; device chipset as stated 'Snapdragon® 8 Elite For Galaxy Mobile'; peak memory 0 - 355 MB; compute unit NPU
Qualcomm,Snapdragon® X2 Elite,,Depth-Anything-V2,depth-estimation,518x518,float,latency_ms,20.743,ms,QNN_DLC,https://huggingface.co/qualcomm/Depth-Anything-V2,official: Qualcomm AI Hub HF card; device chipset as stated 'Snapdragon® X2 Elite'; peak memory 3 - 3 MB; compute unit NPU
Qualcomm,Snapdragon® X Elite,,Depth-Anything-V2,depth-estimation,518x518,float,latency_ms,45.041,ms,QNN_DLC,https://huggingface.co/qualcomm/Depth-Anything-V2,official: Qualcomm AI Hub HF card; device chipset as stated 'Snapdragon® X Elite'; peak memory 3 - 3 MB; compute unit NPU
Qualcomm,Snapdragon® 8 Gen 3 Mobile,,Depth-Anything-V2,depth-estimation,518x518,float,latency_ms,30.772,ms,QNN_DLC,https://huggingface.co/qualcomm/Depth-Anything-V2,official: Qualcomm AI Hub HF card; device chipset as stated 'Snapdragon® 8 Gen 3 Mobile'; peak memory 3 - 467 MB; compute unit NPU
Qualcomm,Snapdragon® 8 Elite Gen 5 For Galaxy Mobile,,Depth-Anything-V2,depth-estimation,518x518,w8a16,latency_ms,13.391,ms,QNN_DLC,https://huggingface.co/qualcomm/Depth-Anything-V2,official: Qualcomm AI Hub HF card; device chipset as stated 'Snapdragon® 8 Elite Gen 5 For Galaxy Mobile'; peak memory 2 - 402 MB; compute unit NPU
Qualcomm,Snapdragon® 8 Elite For Galaxy Mobile,,Depth-Anything-V2,depth-estimation,518x518,w8a16,latency_ms,15.138,ms,QNN_DLC,https://huggingface.co/qualcomm/Depth-Anything-V2,official: Qualcomm AI Hub HF card; device chipset as stated 'Snapdragon® 8 Elite For Galaxy Mobile'; peak memory 2 - 392 MB; compute unit NPU
Qualcomm,Snapdragon® X2 Elite,,Depth-Anything-V2,depth-estimation,518x518,w8a16,latency_ms,13.807,ms,QNN_DLC,https://huggingface.co/qualcomm/Depth-Anything-V2,official: Qualcomm AI Hub HF card; device chipset as stated 'Snapdragon® X2 Elite'; peak memory 2 - 2 MB; compute unit NPU
Qualcomm,Snapdragon® X Elite,,Depth-Anything-V2,depth-estimation,518x518,w8a16,latency_ms,31.196,ms,QNN_DLC,https://huggingface.co/qualcomm/Depth-Anything-V2,official: Qualcomm AI Hub HF card; device chipset as stated 'Snapdragon® X Elite'; peak memory 2 - 2 MB; compute unit NPU
Qualcomm,Snapdragon® 8 Gen 3 Mobile,,Depth-Anything-V2,depth-estimation,518x518,w8a16,latency_ms,22.348,ms,QNN_DLC,https://huggingface.co/qualcomm/Depth-Anything-V2,official: Qualcomm AI Hub HF card; device chipset as stated 'Snapdragon® 8 Gen 3 Mobile'; peak memory 0 - 479 MB; compute unit NPU
Qualcomm,Snapdragon® 8 Elite Gen 5 For Galaxy Mobile,,Depth-Anything-V2,depth-estimation,518x518,float,latency_ms,16.799,ms,TFLITE,https://huggingface.co/qualcomm/Depth-Anything-V2,official: Qualcomm AI Hub HF card; device chipset as stated 'Snapdragon® 8 Elite Gen 5 For Galaxy Mobile'; peak memory 0 - 378 MB; compute unit NPU
Qualcomm,Snapdragon® 8 Elite For Galaxy Mobile,,Depth-Anything-V2,depth-estimation,518x518,float,latency_ms,21.505,ms,TFLITE,https://huggingface.co/qualcomm/Depth-Anything-V2,official: Qualcomm AI Hub HF card; device chipset as stated 'Snapdragon® 8 Elite For Galaxy Mobile'; peak memory 0 - 365 MB; compute unit NPU
Qualcomm,Snapdragon® 8 Gen 3 Mobile,,Depth-Anything-V2,depth-estimation,518x518,float,latency_ms,30.652,ms,TFLITE,https://huggingface.co/qualcomm/Depth-Anything-V2,official: Qualcomm AI Hub HF card; device chipset as stated 'Snapdragon® 8 Gen 3 Mobile'; peak memory 0 - 469 MB; compute unit NPU
Qualcomm,Snapdragon® 8 Elite Gen 5 For Galaxy Mobile,,ESRGAN,image-to-image,128x128,float,latency_ms,26.852,ms,ONNX,https://huggingface.co/qualcomm/ESRGAN,official: Qualcomm AI Hub HF card; device chipset as stated 'Snapdragon® 8 Elite Gen 5 For Galaxy Mobile'; peak memory 5 - 337 MB; compute unit NPU
Qualcomm,Snapdragon® 8 Elite For Galaxy Mobile,,ESRGAN,image-to-image,128x128,float,latency_ms,38.67,ms,ONNX,https://huggingface.co/qualcomm/ESRGAN,official: Qualcomm AI Hub HF card; device chipset as stated 'Snapdragon® 8 Elite For Galaxy Mobile'; peak memory 6 - 330 MB; compute unit NPU
Qualcomm,Snapdragon® X2 Elite,,ESRGAN,image-to-image,128x128,float,latency_ms,34.433,ms,ONNX,https://huggingface.co/qualcomm/ESRGAN,official: Qualcomm AI Hub HF card; device chipset as stated 'Snapdragon® X2 Elite'; peak memory 8 - 8 MB; compute unit NPU
Qualcomm,Snapdragon® X Elite,,ESRGAN,image-to-image,128x128,float,latency_ms,65.297,ms,ONNX,https://huggingface.co/qualcomm/ESRGAN,official: Qualcomm AI Hub HF card; device chipset as stated 'Snapdragon® X Elite'; peak memory 38 - 38 MB; compute unit NPU
Qualcomm,Snapdragon® 8 Gen 3 Mobile,,ESRGAN,image-to-image,128x128,float,latency_ms,49.302,ms,ONNX,https://huggingface.co/qualcomm/ESRGAN,official: Qualcomm AI Hub HF card; device chipset as stated 'Snapdragon® 8 Gen 3 Mobile'; peak memory 0 - 719 MB; compute unit NPU
Qualcomm,Snapdragon® 8 Elite Gen 5 For Galaxy Mobile,,ESRGAN,image-to-image,128x128,float,latency_ms,24.723,ms,QNN_DLC,https://huggingface.co/qualcomm/ESRGAN,official: Qualcomm AI Hub HF card; device chipset as stated 'Snapdragon® 8 Elite Gen 5 For Galaxy Mobile'; peak memory 0 - 313 MB; compute unit NPU
Qualcomm,Snapdragon® 8 Elite For Galaxy Mobile,,ESRGAN,image-to-image,128x128,float,latency_ms,37.922,ms,QNN_DLC,https://huggingface.co/qualcomm/ESRGAN,official: Qualcomm AI Hub HF card; device chipset as stated 'Snapdragon® 8 Elite For Galaxy Mobile'; peak memory 0 - 307 MB; compute unit NPU
Qualcomm,Snapdragon® X2 Elite,,ESRGAN,image-to-image,128x128,float,latency_ms,34.399,ms,QNN_DLC,https://huggingface.co/qualcomm/ESRGAN,official: Qualcomm AI Hub HF card; device chipset as stated 'Snapdragon® X2 Elite'; peak memory 0 - 0 MB; compute unit NPU
Qualcomm,Snapdragon® X Elite,,ESRGAN,image-to-image,128x128,float,latency_ms,64.815,ms,QNN_DLC,https://huggingface.co/qualcomm/ESRGAN,official: Qualcomm AI Hub HF card; device chipset as stated 'Snapdragon® X Elite'; peak memory 0 - 0 MB; compute unit NPU
Qualcomm,Snapdragon® 8 Gen 3 Mobile,,ESRGAN,image-to-image,128x128,float,latency_ms,49.803,ms,QNN_DLC,https://huggingface.co/qualcomm/ESRGAN,official: Qualcomm AI Hub HF card; device chipset as stated 'Snapdragon® 8 Gen 3 Mobile'; peak memory 0 - 674 MB; compute unit NPU
Qualcomm,Snapdragon® 8 Elite Gen 5 For Galaxy Mobile,,ESRGAN,image-to-image,128x128,float,latency_ms,25.75,ms,TFLITE,https://huggingface.co/qualcomm/ESRGAN,official: Qualcomm AI Hub HF card; device chipset as stated 'Snapdragon® 8 Elite Gen 5 For Galaxy Mobile'; peak memory 3 - 354 MB; compute unit NPU
Qualcomm,Snapdragon® 8 Elite For Galaxy Mobile,,ESRGAN,image-to-image,128x128,float,latency_ms,37.897,ms,TFLITE,https://huggingface.co/qualcomm/ESRGAN,official: Qualcomm AI Hub HF card; device chipset as stated 'Snapdragon® 8 Elite For Galaxy Mobile'; peak memory 3 - 347 MB; compute unit NPU
Qualcomm,Snapdragon® 8 Gen 3 Mobile,,ESRGAN,image-to-image,128x128,float,latency_ms,48.453,ms,TFLITE,https://huggingface.co/qualcomm/ESRGAN,official: Qualcomm AI Hub HF card; device chipset as stated 'Snapdragon® 8 Gen 3 Mobile'; peak memory 39 - 756 MB; compute unit NPU
Qualcomm,Snapdragon® 8 Elite Gen 5 For Galaxy Mobile,,EfficientNet-B0,image-classification,224x224,float,latency_ms,0.548,ms,ONNX,https://huggingface.co/qualcomm/EfficientNet-B0,official: Qualcomm AI Hub HF card; device chipset as stated 'Snapdragon® 8 Elite Gen 5 For Galaxy Mobile'; peak memory 0 - 42 MB; compute unit NPU
Qualcomm,Snapdragon® 8 Elite For Galaxy Mobile,,EfficientNet-B0,image-classification,224x224,float,latency_ms,0.702,ms,ONNX,https://huggingface.co/qualcomm/EfficientNet-B0,official: Qualcomm AI Hub HF card; device chipset as stated 'Snapdragon® 8 Elite For Galaxy Mobile'; peak memory 0 - 46 MB; compute unit NPU
Qualcomm,Snapdragon® X2 Elite,,EfficientNet-B0,image-classification,224x224,float,latency_ms,0.662,ms,ONNX,https://huggingface.co/qualcomm/EfficientNet-B0,official: Qualcomm AI Hub HF card; device chipset as stated 'Snapdragon® X2 Elite'; peak memory 2 - 2 MB; compute unit NPU
Qualcomm,Snapdragon® X Elite,,EfficientNet-B0,image-classification,224x224,float,latency_ms,1.299,ms,ONNX,https://huggingface.co/qualcomm/EfficientNet-B0,official: Qualcomm AI Hub HF card; device chipset as stated 'Snapdragon® X Elite'; peak memory 14 - 14 MB; compute unit NPU
Qualcomm,Snapdragon® 8 Gen 3 Mobile,,EfficientNet-B0,image-classification,224x224,float,latency_ms,0.901,ms,ONNX,https://huggingface.co/qualcomm/EfficientNet-B0,official: Qualcomm AI Hub HF card; device chipset as stated 'Snapdragon® 8 Gen 3 Mobile'; peak memory 0 - 69 MB; compute unit NPU
Qualcomm,Snapdragon® 8 Elite Gen 5 For Galaxy Mobile,,EfficientNet-B0,image-classification,224x224,w8a16,latency_ms,0.555,ms,ONNX,https://huggingface.co/qualcomm/EfficientNet-B0,official: Qualcomm AI Hub HF card; device chipset as stated 'Snapdragon® 8 Elite Gen 5 For Galaxy Mobile'; peak memory 0 - 60 MB; compute unit NPU
Qualcomm,Snapdragon® 8 Elite For Galaxy Mobile,,EfficientNet-B0,image-classification,224x224,w8a16,latency_ms,0.668,ms,ONNX,https://huggingface.co/qualcomm/EfficientNet-B0,official: Qualcomm AI Hub HF card; device chipset as stated 'Snapdragon® 8 Elite For Galaxy Mobile'; peak memory 0 - 57 MB; compute unit NPU
Qualcomm,Snapdragon® X2 Elite,,EfficientNet-B0,image-classification,224x224,w8a16,latency_ms,0.571,ms,ONNX,https://huggingface.co/qualcomm/EfficientNet-B0,official: Qualcomm AI Hub HF card; device chipset as stated 'Snapdragon® X2 Elite'; peak memory 1 - 1 MB; compute unit NPU
Qualcomm,Snapdragon® X Elite,,EfficientNet-B0,image-classification,224x224,w8a16,latency_ms,1.486,ms,ONNX,https://huggingface.co/qualcomm/EfficientNet-B0,official: Qualcomm AI Hub HF card; device chipset as stated 'Snapdragon® X Elite'; peak memory 6 - 6 MB; compute unit NPU
Qualcomm,Snapdragon® 8 Gen 3 Mobile,,EfficientNet-B0,image-classification,224x224,w8a16,latency_ms,0.949,ms,ONNX,https://huggingface.co/qualcomm/EfficientNet-B0,official: Qualcomm AI Hub HF card; device chipset as stated 'Snapdragon® 8 Gen 3 Mobile'; peak memory 0 - 82 MB; compute unit NPU
Qualcomm,Snapdragon® 8 Elite Gen 5 For Galaxy Mobile,,EfficientNet-B0,image-classification,224x224,w8a16_mixed_int16,latency_ms,0.571,ms,ONNX,https://huggingface.co/qualcomm/EfficientNet-B0,official: Qualcomm AI Hub HF card; device chipset as stated 'Snapdragon® 8 Elite Gen 5 For Galaxy Mobile'; peak memory 0 - 63 MB; compute unit NPU
Qualcomm,Snapdragon® 8 Elite For Galaxy Mobile,,EfficientNet-B0,image-classification,224x224,w8a16_mixed_int16,latency_ms,0.668,ms,ONNX,https://huggingface.co/qualcomm/EfficientNet-B0,official: Qualcomm AI Hub HF card; device chipset as stated 'Snapdragon® 8 Elite For Galaxy Mobile'; peak memory 0 - 63 MB; compute unit NPU
Qualcomm,Snapdragon® X2 Elite,,EfficientNet-B0,image-classification,224x224,w8a16_mixed_int16,latency_ms,0.588,ms,ONNX,https://huggingface.co/qualcomm/EfficientNet-B0,official: Qualcomm AI Hub HF card; device chipset as stated 'Snapdragon® X2 Elite'; peak memory 1 - 1 MB; compute unit NPU
Qualcomm,Snapdragon® X Elite,,EfficientNet-B0,image-classification,224x224,w8a16_mixed_int16,latency_ms,1.509,ms,ONNX,https://huggingface.co/qualcomm/EfficientNet-B0,official: Qualcomm AI Hub HF card; device chipset as stated 'Snapdragon® X Elite'; peak memory 6 - 6 MB; compute unit NPU
Qualcomm,Snapdragon® 8 Gen 3 Mobile,,EfficientNet-B0,image-classification,224x224,w8a16_mixed_int16,latency_ms,0.953,ms,ONNX,https://huggingface.co/qualcomm/EfficientNet-B0,official: Qualcomm AI Hub HF card; device chipset as stated 'Snapdragon® 8 Gen 3 Mobile'; peak memory 0 - 82 MB; compute unit NPU
Qualcomm,Snapdragon® 8 Elite Gen 5 For Galaxy Mobile,,EfficientNet-B0,image-classification,224x224,float,latency_ms,0.608,ms,QNN_DLC,https://huggingface.co/qualcomm/EfficientNet-B0,official: Qualcomm AI Hub HF card; device chipset as stated 'Snapdragon® 8 Elite Gen 5 For Galaxy Mobile'; peak memory 1 - 42 MB; compute unit NPU
Qualcomm,Snapdragon® 8 Elite For Galaxy Mobile,,EfficientNet-B0,image-classification,224x224,float,latency_ms,0.816,ms,QNN_DLC,https://huggingface.co/qualcomm/EfficientNet-B0,official: Qualcomm AI Hub HF card; device chipset as stated 'Snapdragon® 8 Elite For Galaxy Mobile'; peak memory 1 - 44 MB; compute unit NPU
Qualcomm,Snapdragon® X2 Elite,,EfficientNet-B0,image-classification,224x224,float,latency_ms,0.839,ms,QNN_DLC,https://huggingface.co/qualcomm/EfficientNet-B0,official: Qualcomm AI Hub HF card; device chipset as stated 'Snapdragon® X2 Elite'; peak memory 1 - 1 MB; compute unit NPU
Qualcomm,Snapdragon® X Elite,,EfficientNet-B0,image-classification,224x224,float,latency_ms,1.729,ms,QNN_DLC,https://huggingface.co/qualcomm/EfficientNet-B0,official: Qualcomm AI Hub HF card; device chipset as stated 'Snapdragon® X Elite'; peak memory 1 - 1 MB; compute unit NPU
Qualcomm,Snapdragon® 8 Gen 3 Mobile,,EfficientNet-B0,image-classification,224x224,float,latency_ms,1.081,ms,QNN_DLC,https://huggingface.co/qualcomm/EfficientNet-B0,official: Qualcomm AI Hub HF card; device chipset as stated 'Snapdragon® 8 Gen 3 Mobile'; peak memory 0 - 63 MB; compute unit NPU
Qualcomm,Snapdragon® 8 Elite Gen 5 For Galaxy Mobile,,EfficientNet-B0,image-classification,224x224,w8a16,latency_ms,0.645,ms,QNN_DLC,https://huggingface.co/qualcomm/EfficientNet-B0,official: Qualcomm AI Hub HF card; device chipset as stated 'Snapdragon® 8 Elite Gen 5 For Galaxy Mobile'; peak memory 0 - 47 MB; compute unit NPU
Qualcomm,Snapdragon® 8 Elite For Galaxy Mobile,,EfficientNet-B0,image-classification,224x224,w8a16,latency_ms,0.773,ms,QNN_DLC,https://huggingface.co/qualcomm/EfficientNet-B0,official: Qualcomm AI Hub HF card; device chipset as stated 'Snapdragon® 8 Elite For Galaxy Mobile'; peak memory 0 - 46 MB; compute unit NPU
Qualcomm,Snapdragon® X2 Elite,,EfficientNet-B0,image-classification,224x224,w8a16,latency_ms,0.803,ms,QNN_DLC,https://huggingface.co/qualcomm/EfficientNet-B0,official: Qualcomm AI Hub HF card; device chipset as stated 'Snapdragon® X2 Elite'; peak memory 0 - 0 MB; compute unit NPU
Qualcomm,Snapdragon® X Elite,,EfficientNet-B0,image-classification,224x224,w8a16,latency_ms,1.862,ms,QNN_DLC,https://huggingface.co/qualcomm/EfficientNet-B0,official: Qualcomm AI Hub HF card; device chipset as stated 'Snapdragon® X Elite'; peak memory 0 - 0 MB; compute unit NPU
Qualcomm,Snapdragon® 8 Gen 3 Mobile,,EfficientNet-B0,image-classification,224x224,w8a16,latency_ms,1.132,ms,QNN_DLC,https://huggingface.co/qualcomm/EfficientNet-B0,official: Qualcomm AI Hub HF card; device chipset as stated 'Snapdragon® 8 Gen 3 Mobile'; peak memory 0 - 66 MB; compute unit NPU
Qualcomm,Snapdragon® 8 Elite Gen 5 For Galaxy Mobile,,EfficientNet-B0,image-classification,224x224,w8a16_mixed_int16,latency_ms,0.641,ms,QNN_DLC,https://huggingface.co/qualcomm/EfficientNet-B0,official: Qualcomm AI Hub HF card; device chipset as stated 'Snapdragon® 8 Elite Gen 5 For Galaxy Mobile'; peak memory 0 - 52 MB; compute unit NPU
Qualcomm,Snapdragon® 8 Elite For Galaxy Mobile,,EfficientNet-B0,image-classification,224x224,w8a16_mixed_int16,latency_ms,0.782,ms,QNN_DLC,https://huggingface.co/qualcomm/EfficientNet-B0,official: Qualcomm AI Hub HF card; device chipset as stated 'Snapdragon® 8 Elite For Galaxy Mobile'; peak memory 0 - 56 MB; compute unit NPU
Qualcomm,Snapdragon® X2 Elite,,EfficientNet-B0,image-classification,224x224,w8a16_mixed_int16,latency_ms,0.814,ms,QNN_DLC,https://huggingface.co/qualcomm/EfficientNet-B0,official: Qualcomm AI Hub HF card; device chipset as stated 'Snapdragon® X2 Elite'; peak memory 0 - 0 MB; compute unit NPU
Qualcomm,Snapdragon® X Elite,,EfficientNet-B0,image-classification,224x224,w8a16_mixed_int16,latency_ms,1.921,ms,QNN_DLC,https://huggingface.co/qualcomm/EfficientNet-B0,official: Qualcomm AI Hub HF card; device chipset as stated 'Snapdragon® X Elite'; peak memory 0 - 0 MB; compute unit NPU
Qualcomm,Snapdragon® 8 Gen 3 Mobile,,EfficientNet-B0,image-classification,224x224,w8a16_mixed_int16,latency_ms,1.14,ms,QNN_DLC,https://huggingface.co/qualcomm/EfficientNet-B0,official: Qualcomm AI Hub HF card; device chipset as stated 'Snapdragon® 8 Gen 3 Mobile'; peak memory 0 - 72 MB; compute unit NPU
Qualcomm,Snapdragon® 8 Elite Gen 5 For Galaxy Mobile,,EfficientNet-B0,image-classification,224x224,float,latency_ms,0.616,ms,TFLITE,https://huggingface.co/qualcomm/EfficientNet-B0,official: Qualcomm AI Hub HF card; device chipset as stated 'Snapdragon® 8 Elite Gen 5 For Galaxy Mobile'; peak memory 0 - 45 MB; compute unit NPU
Qualcomm,Snapdragon® 8 Elite For Galaxy Mobile,,EfficientNet-B0,image-classification,224x224,float,latency_ms,0.817,ms,TFLITE,https://huggingface.co/qualcomm/EfficientNet-B0,official: Qualcomm AI Hub HF card; device chipset as stated 'Snapdragon® 8 Elite For Galaxy Mobile'; peak memory 0 - 48 MB; compute unit NPU
Qualcomm,Snapdragon® 8 Gen 3 Mobile,,EfficientNet-B0,image-classification,224x224,float,latency_ms,1.088,ms,TFLITE,https://huggingface.co/qualcomm/EfficientNet-B0,official: Qualcomm AI Hub HF card; device chipset as stated 'Snapdragon® 8 Gen 3 Mobile'; peak memory 0 - 70 MB; compute unit NPU
Qualcomm,Snapdragon® 8 Elite Gen 5 For Galaxy Mobile,,FCN-ResNet50,image-segmentation,224x224,float,latency_ms,30.957,ms,ONNX,https://huggingface.co/qualcomm/FCN-ResNet50,official: Qualcomm AI Hub HF card; device chipset as stated 'Snapdragon® 8 Elite Gen 5 For Galaxy Mobile'; peak memory 2 - 409 MB; compute unit NPU
Qualcomm,Snapdragon® 8 Elite For Galaxy Mobile,,FCN-ResNet50,image-segmentation,224x224,float,latency_ms,27.377,ms,ONNX,https://huggingface.co/qualcomm/FCN-ResNet50,official: Qualcomm AI Hub HF card; device chipset as stated 'Snapdragon® 8 Elite For Galaxy Mobile'; peak memory 1 - 359 MB; compute unit NPU
Qualcomm,Snapdragon® X2 Elite,,FCN-ResNet50,image-segmentation,224x224,float,latency_ms,28.447,ms,ONNX,https://huggingface.co/qualcomm/FCN-ResNet50,official: Qualcomm AI Hub HF card; device chipset as stated 'Snapdragon® X2 Elite'; peak memory 3 - 3 MB; compute unit NPU
Qualcomm,Snapdragon® X Elite,,FCN-ResNet50,image-segmentation,224x224,float,latency_ms,43.687,ms,ONNX,https://huggingface.co/qualcomm/FCN-ResNet50,official: Qualcomm AI Hub HF card; device chipset as stated 'Snapdragon® X Elite'; peak memory 64 - 64 MB; compute unit NPU
Qualcomm,Snapdragon® 8 Gen 3 Mobile,,FCN-ResNet50,image-segmentation,224x224,float,latency_ms,32.756,ms,ONNX,https://huggingface.co/qualcomm/FCN-ResNet50,official: Qualcomm AI Hub HF card; device chipset as stated 'Snapdragon® 8 Gen 3 Mobile'; peak memory 0 - 449 MB; compute unit NPU
Qualcomm,Snapdragon® 8 Elite Gen 5 For Galaxy Mobile,,FCN-ResNet50,image-segmentation,224x224,w8a8,latency_ms,6.294,ms,ONNX,https://huggingface.co/qualcomm/FCN-ResNet50,official: Qualcomm AI Hub HF card; device chipset as stated 'Snapdragon® 8 Elite Gen 5 For Galaxy Mobile'; peak memory 0 - 239 MB; compute unit NPU
Qualcomm,Snapdragon® 8 Elite For Galaxy Mobile,,FCN-ResNet50,image-segmentation,224x224,w8a8,latency_ms,7.951,ms,ONNX,https://huggingface.co/qualcomm/FCN-ResNet50,official: Qualcomm AI Hub HF card; device chipset as stated 'Snapdragon® 8 Elite For Galaxy Mobile'; peak memory 1 - 193 MB; compute unit NPU
Qualcomm,Snapdragon® X2 Elite,,FCN-ResNet50,image-segmentation,224x224,w8a8,latency_ms,6.529,ms,ONNX,https://huggingface.co/qualcomm/FCN-ResNet50,official: Qualcomm AI Hub HF card; device chipset as stated 'Snapdragon® X2 Elite'; peak memory 2 - 2 MB; compute unit NPU
Qualcomm,Snapdragon® X Elite,,FCN-ResNet50,image-segmentation,224x224,w8a8,latency_ms,13.298,ms,ONNX,https://huggingface.co/qualcomm/FCN-ResNet50,official: Qualcomm AI Hub HF card; device chipset as stated 'Snapdragon® X Elite'; peak memory 33 - 33 MB; compute unit NPU
Qualcomm,Snapdragon® 8 Gen 3 Mobile,,FCN-ResNet50,image-segmentation,224x224,w8a8,latency_ms,9.669,ms,ONNX,https://huggingface.co/qualcomm/FCN-ResNet50,official: Qualcomm AI Hub HF card; device chipset as stated 'Snapdragon® 8 Gen 3 Mobile'; peak memory 0 - 277 MB; compute unit NPU
Qualcomm,Snapdragon® 8 Elite Gen 5 For Galaxy Mobile,,FCN-ResNet50,image-segmentation,224x224,float,latency_ms,31.719,ms,QNN_DLC,https://huggingface.co/qualcomm/FCN-ResNet50,official: Qualcomm AI Hub HF card; device chipset as stated 'Snapdragon® 8 Elite Gen 5 For Galaxy Mobile'; peak memory 3 - 414 MB; compute unit NPU
Qualcomm,Snapdragon® 8 Elite For Galaxy Mobile,,FCN-ResNet50,image-segmentation,224x224,float,latency_ms,38.584,ms,QNN_DLC,https://huggingface.co/qualcomm/FCN-ResNet50,official: Qualcomm AI Hub HF card; device chipset as stated 'Snapdragon® 8 Elite For Galaxy Mobile'; peak memory 3 - 396 MB; compute unit NPU
Qualcomm,Snapdragon® X2 Elite,,FCN-ResNet50,image-segmentation,224x224,float,latency_ms,29.093,ms,QNN_DLC,https://huggingface.co/qualcomm/FCN-ResNet50,official: Qualcomm AI Hub HF card; device chipset as stated 'Snapdragon® X2 Elite'; peak memory 3 - 3 MB; compute unit NPU
Qualcomm,Snapdragon® X Elite,,FCN-ResNet50,image-segmentation,224x224,float,latency_ms,57.78,ms,QNN_DLC,https://huggingface.co/qualcomm/FCN-ResNet50,official: Qualcomm AI Hub HF card; device chipset as stated 'Snapdragon® X Elite'; peak memory 3 - 3 MB; compute unit NPU
Qualcomm,Snapdragon® 8 Gen 3 Mobile,,FCN-ResNet50,image-segmentation,224x224,float,latency_ms,45.431,ms,QNN_DLC,https://huggingface.co/qualcomm/FCN-ResNet50,official: Qualcomm AI Hub HF card; device chipset as stated 'Snapdragon® 8 Gen 3 Mobile'; peak memory 2 - 498 MB; compute unit NPU
Qualcomm,Snapdragon® 8 Elite Gen 5 For Galaxy Mobile,,FCN-ResNet50,image-segmentation,224x224,w8a8,latency_ms,6.482,ms,QNN_DLC,https://huggingface.co/qualcomm/FCN-ResNet50,official: Qualcomm AI Hub HF card; device chipset as stated 'Snapdragon® 8 Elite Gen 5 For Galaxy Mobile'; peak memory 1 - 237 MB; compute unit NPU
Qualcomm,Snapdragon® 8 Elite For Galaxy Mobile,,FCN-ResNet50,image-segmentation,224x224,w8a8,latency_ms,8.199,ms,QNN_DLC,https://huggingface.co/qualcomm/FCN-ResNet50,official: Qualcomm AI Hub HF card; device chipset as stated 'Snapdragon® 8 Elite For Galaxy Mobile'; peak memory 1 - 192 MB; compute unit NPU
Qualcomm,Snapdragon® X2 Elite,,FCN-ResNet50,image-segmentation,224x224,w8a8,latency_ms,7.138,ms,QNN_DLC,https://huggingface.co/qualcomm/FCN-ResNet50,official: Qualcomm AI Hub HF card; device chipset as stated 'Snapdragon® X2 Elite'; peak memory 1 - 1 MB; compute unit NPU
Qualcomm,Snapdragon® X Elite,,FCN-ResNet50,image-segmentation,224x224,w8a8,latency_ms,14.073,ms,QNN_DLC,https://huggingface.co/qualcomm/FCN-ResNet50,official: Qualcomm AI Hub HF card; device chipset as stated 'Snapdragon® X Elite'; peak memory 1 - 1 MB; compute unit NPU
Qualcomm,Snapdragon® 8 Gen 3 Mobile,,FCN-ResNet50,image-segmentation,224x224,w8a8,latency_ms,10.154,ms,QNN_DLC,https://huggingface.co/qualcomm/FCN-ResNet50,official: Qualcomm AI Hub HF card; device chipset as stated 'Snapdragon® 8 Gen 3 Mobile'; peak memory 1 - 268 MB; compute unit NPU
Qualcomm,Snapdragon® 8 Elite Gen 5 For Galaxy Mobile,,FCN-ResNet50,image-segmentation,224x224,float,latency_ms,31.837,ms,TFLITE,https://huggingface.co/qualcomm/FCN-ResNet50,official: Qualcomm AI Hub HF card; device chipset as stated 'Snapdragon® 8 Elite Gen 5 For Galaxy Mobile'; peak memory 0 - 429 MB; compute unit NPU
Qualcomm,Snapdragon® 8 Elite For Galaxy Mobile,,FCN-ResNet50,image-segmentation,224x224,float,latency_ms,37.806,ms,TFLITE,https://huggingface.co/qualcomm/FCN-ResNet50,official: Qualcomm AI Hub HF card; device chipset as stated 'Snapdragon® 8 Elite For Galaxy Mobile'; peak memory 0 - 420 MB; compute unit NPU
Qualcomm,Snapdragon® 8 Gen 3 Mobile,,FCN-ResNet50,image-segmentation,224x224,float,latency_ms,46.544,ms,TFLITE,https://huggingface.co/qualcomm/FCN-ResNet50,official: Qualcomm AI Hub HF card; device chipset as stated 'Snapdragon® 8 Gen 3 Mobile'; peak memory 0 - 527 MB; compute unit NPU
Qualcomm,Snapdragon® 8 Elite Gen 5 For Galaxy Mobile,,FCN-ResNet50,image-segmentation,224x224,w8a8,latency_ms,6.197,ms,TFLITE,https://huggingface.co/qualcomm/FCN-ResNet50,official: Qualcomm AI Hub HF card; device chipset as stated 'Snapdragon® 8 Elite Gen 5 For Galaxy Mobile'; peak memory 0 - 237 MB; compute unit NPU
Qualcomm,Snapdragon® 8 Elite For Galaxy Mobile,,FCN-ResNet50,image-segmentation,224x224,w8a8,latency_ms,7.868,ms,TFLITE,https://huggingface.co/qualcomm/FCN-ResNet50,official: Qualcomm AI Hub HF card; device chipset as stated 'Snapdragon® 8 Elite For Galaxy Mobile'; peak memory 0 - 189 MB; compute unit NPU
Qualcomm,Snapdragon® 8 Gen 3 Mobile,,FCN-ResNet50,image-segmentation,224x224,w8a8,latency_ms,9.575,ms,TFLITE,https://huggingface.co/qualcomm/FCN-ResNet50,official: Qualcomm AI Hub HF card; device chipset as stated 'Snapdragon® 8 Gen 3 Mobile'; peak memory 0 - 268 MB; compute unit NPU
Qualcomm,Snapdragon® 8 Elite Gen 5 For Galaxy Mobile,,Facial-Landmark-Detection,keypoint-detection,128x128,float,latency_ms,0.208,ms,ONNX,https://huggingface.co/qualcomm/Facial-Landmark-Detection,official: Qualcomm AI Hub HF card; device chipset as stated 'Snapdragon® 8 Elite Gen 5 For Galaxy Mobile'; peak memory 0 - 24 MB; compute unit NPU
Qualcomm,Snapdragon® 8 Elite For Galaxy Mobile,,Facial-Landmark-Detection,keypoint-detection,128x128,float,latency_ms,0.216,ms,ONNX,https://huggingface.co/qualcomm/Facial-Landmark-Detection,official: Qualcomm AI Hub HF card; device chipset as stated 'Snapdragon® 8 Elite For Galaxy Mobile'; peak memory 0 - 24 MB; compute unit NPU
Qualcomm,Snapdragon® X2 Elite,,Facial-Landmark-Detection,keypoint-detection,128x128,float,latency_ms,0.167,ms,ONNX,https://huggingface.co/qualcomm/Facial-Landmark-Detection,official: Qualcomm AI Hub HF card; device chipset as stated 'Snapdragon® X2 Elite'; peak memory 1 - 1 MB; compute unit NPU
Qualcomm,Snapdragon® X Elite,,Facial-Landmark-Detection,keypoint-detection,128x128,float,latency_ms,0.269,ms,ONNX,https://huggingface.co/qualcomm/Facial-Landmark-Detection,official: Qualcomm AI Hub HF card; device chipset as stated 'Snapdragon® X Elite'; peak memory 10 - 10 MB; compute unit NPU
Qualcomm,Snapdragon® 8 Gen 3 Mobile,,Facial-Landmark-Detection,keypoint-detection,128x128,float,latency_ms,0.238,ms,ONNX,https://huggingface.co/qualcomm/Facial-Landmark-Detection,official: Qualcomm AI Hub HF card; device chipset as stated 'Snapdragon® 8 Gen 3 Mobile'; peak memory 0 - 34 MB; compute unit NPU
Qualcomm,Snapdragon® 8 Elite Gen 5 For Galaxy Mobile,,Facial-Landmark-Detection,keypoint-detection,128x128,w8a8,latency_ms,0.12,ms,ONNX,https://huggingface.co/qualcomm/Facial-Landmark-Detection,official: Qualcomm AI Hub HF card; device chipset as stated 'Snapdragon® 8 Elite Gen 5 For Galaxy Mobile'; peak memory 0 - 27 MB; compute unit NPU
Qualcomm,Snapdragon® 8 Elite For Galaxy Mobile,,Facial-Landmark-Detection,keypoint-detection,128x128,w8a8,latency_ms,0.124,ms,ONNX,https://huggingface.co/qualcomm/Facial-Landmark-Detection,official: Qualcomm AI Hub HF card; device chipset as stated 'Snapdragon® 8 Elite For Galaxy Mobile'; peak memory 0 - 26 MB; compute unit NPU
Qualcomm,Snapdragon® X2 Elite,,Facial-Landmark-Detection,keypoint-detection,128x128,w8a8,latency_ms,0.074,ms,ONNX,https://huggingface.co/qualcomm/Facial-Landmark-Detection,official: Qualcomm AI Hub HF card; device chipset as stated 'Snapdragon® X2 Elite'; peak memory 1 - 1 MB; compute unit NPU
Qualcomm,Snapdragon® X Elite,,Facial-Landmark-Detection,keypoint-detection,128x128,w8a8,latency_ms,0.124,ms,ONNX,https://huggingface.co/qualcomm/Facial-Landmark-Detection,official: Qualcomm AI Hub HF card; device chipset as stated 'Snapdragon® X Elite'; peak memory 5 - 5 MB; compute unit NPU
Qualcomm,Snapdragon® 8 Gen 3 Mobile,,Facial-Landmark-Detection,keypoint-detection,128x128,w8a8,latency_ms,0.135,ms,ONNX,https://huggingface.co/qualcomm/Facial-Landmark-Detection,official: Qualcomm AI Hub HF card; device chipset as stated 'Snapdragon® 8 Gen 3 Mobile'; peak memory 0 - 45 MB; compute unit NPU
Qualcomm,Snapdragon® 8 Elite Gen 5 For Galaxy Mobile,,Facial-Landmark-Detection,keypoint-detection,128x128,float,latency_ms,0.206,ms,QNN_DLC,https://huggingface.co/qualcomm/Facial-Landmark-Detection,official: Qualcomm AI Hub HF card; device chipset as stated 'Snapdragon® 8 Elite Gen 5 For Galaxy Mobile'; peak memory 0 - 25 MB; compute unit NPU
Qualcomm,Snapdragon® 8 Elite For Galaxy Mobile,,Facial-Landmark-Detection,keypoint-detection,128x128,float,latency_ms,0.206,ms,QNN_DLC,https://huggingface.co/qualcomm/Facial-Landmark-Detection,official: Qualcomm AI Hub HF card; device chipset as stated 'Snapdragon® 8 Elite For Galaxy Mobile'; peak memory 0 - 24 MB; compute unit NPU
Qualcomm,Snapdragon® X2 Elite,,Facial-Landmark-Detection,keypoint-detection,128x128,float,latency_ms,0.234,ms,QNN_DLC,https://huggingface.co/qualcomm/Facial-Landmark-Detection,official: Qualcomm AI Hub HF card; device chipset as stated 'Snapdragon® X2 Elite'; peak memory 0 - 0 MB; compute unit NPU
Qualcomm,Snapdragon® X Elite,,Facial-Landmark-Detection,keypoint-detection,128x128,float,latency_ms,0.359,ms,QNN_DLC,https://huggingface.co/qualcomm/Facial-Landmark-Detection,official: Qualcomm AI Hub HF card; device chipset as stated 'Snapdragon® X Elite'; peak memory 0 - 0 MB; compute unit NPU
Qualcomm,Snapdragon® 8 Gen 3 Mobile,,Facial-Landmark-Detection,keypoint-detection,128x128,float,latency_ms,0.245,ms,QNN_DLC,https://huggingface.co/qualcomm/Facial-Landmark-Detection,official: Qualcomm AI Hub HF card; device chipset as stated 'Snapdragon® 8 Gen 3 Mobile'; peak memory 0 - 33 MB; compute unit NPU
Qualcomm,Snapdragon® 8 Elite Gen 5 For Galaxy Mobile,,Facial-Landmark-Detection,keypoint-detection,128x128,w8a8,latency_ms,0.122,ms,QNN_DLC,https://huggingface.co/qualcomm/Facial-Landmark-Detection,official: Qualcomm AI Hub HF card; device chipset as stated 'Snapdragon® 8 Elite Gen 5 For Galaxy Mobile'; peak memory 0 - 29 MB; compute unit NPU
Qualcomm,Snapdragon® 8 Elite For Galaxy Mobile,,Facial-Landmark-Detection,keypoint-detection,128x128,w8a8,latency_ms,0.123,ms,QNN_DLC,https://huggingface.co/qualcomm/Facial-Landmark-Detection,official: Qualcomm AI Hub HF card; device chipset as stated 'Snapdragon® 8 Elite For Galaxy Mobile'; peak memory 0 - 28 MB; compute unit NPU
Qualcomm,Snapdragon® X2 Elite,,Facial-Landmark-Detection,keypoint-detection,128x128,w8a8,latency_ms,0.177,ms,QNN_DLC,https://huggingface.co/qualcomm/Facial-Landmark-Detection,official: Qualcomm AI Hub HF card; device chipset as stated 'Snapdragon® X2 Elite'; peak memory 0 - 0 MB; compute unit NPU
Qualcomm,Snapdragon® X Elite,,Facial-Landmark-Detection,keypoint-detection,128x128,w8a8,latency_ms,0.238,ms,QNN_DLC,https://huggingface.co/qualcomm/Facial-Landmark-Detection,official: Qualcomm AI Hub HF card; device chipset as stated 'Snapdragon® X Elite'; peak memory 1 - 1 MB; compute unit NPU
Qualcomm,Snapdragon® 8 Gen 3 Mobile,,Facial-Landmark-Detection,keypoint-detection,128x128,w8a8,latency_ms,0.135,ms,QNN_DLC,https://huggingface.co/qualcomm/Facial-Landmark-Detection,official: Qualcomm AI Hub HF card; device chipset as stated 'Snapdragon® 8 Gen 3 Mobile'; peak memory 0 - 41 MB; compute unit NPU
Qualcomm,Snapdragon® 8 Elite Gen 5 For Galaxy Mobile,,Facial-Landmark-Detection,keypoint-detection,128x128,float,latency_ms,0.198,ms,TFLITE,https://huggingface.co/qualcomm/Facial-Landmark-Detection,official: Qualcomm AI Hub HF card; device chipset as stated 'Snapdragon® 8 Elite Gen 5 For Galaxy Mobile'; peak memory 0 - 25 MB; compute unit NPU
Qualcomm,Snapdragon® 8 Elite For Galaxy Mobile,,Facial-Landmark-Detection,keypoint-detection,128x128,float,latency_ms,0.192,ms,TFLITE,https://huggingface.co/qualcomm/Facial-Landmark-Detection,official: Qualcomm AI Hub HF card; device chipset as stated 'Snapdragon® 8 Elite For Galaxy Mobile'; peak memory 0 - 24 MB; compute unit NPU
Qualcomm,Snapdragon® 8 Gen 3 Mobile,,Facial-Landmark-Detection,keypoint-detection,128x128,float,latency_ms,0.225,ms,TFLITE,https://huggingface.co/qualcomm/Facial-Landmark-Detection,official: Qualcomm AI Hub HF card; device chipset as stated 'Snapdragon® 8 Gen 3 Mobile'; peak memory 0 - 45 MB; compute unit NPU
Qualcomm,Snapdragon® 8 Elite Gen 5 For Galaxy Mobile,,Facial-Landmark-Detection,keypoint-detection,128x128,w8a8,latency_ms,0.121,ms,TFLITE,https://huggingface.co/qualcomm/Facial-Landmark-Detection,official: Qualcomm AI Hub HF card; device chipset as stated 'Snapdragon® 8 Elite Gen 5 For Galaxy Mobile'; peak memory 0 - 24 MB; compute unit NPU
Qualcomm,Snapdragon® 8 Elite For Galaxy Mobile,,Facial-Landmark-Detection,keypoint-detection,128x128,w8a8,latency_ms,0.124,ms,TFLITE,https://huggingface.co/qualcomm/Facial-Landmark-Detection,official: Qualcomm AI Hub HF card; device chipset as stated 'Snapdragon® 8 Elite For Galaxy Mobile'; peak memory 0 - 23 MB; compute unit NPU
Qualcomm,Snapdragon® 8 Gen 3 Mobile,,Facial-Landmark-Detection,keypoint-detection,128x128,w8a8,latency_ms,0.14,ms,TFLITE,https://huggingface.co/qualcomm/Facial-Landmark-Detection,official: Qualcomm AI Hub HF card; device chipset as stated 'Snapdragon® 8 Gen 3 Mobile'; peak memory 0 - 40 MB; compute unit NPU
Qualcomm,Snapdragon® 8 Elite Gen 5 For Galaxy Mobile,,Falcon3-7B-Instruct,text-generation,ctx 4096,w4a16,tokens_per_s,16.893033981323242,tokens/s,GENIE,https://huggingface.co/qualcomm/Falcon3-7B-Instruct,official: Qualcomm AI Hub HF card; device chipset as stated 'Snapdragon® 8 Elite Gen 5 For Galaxy Mobile'; context length 4096; TTFT range 0.106783 - 3.417056 s
Qualcomm,Snapdragon® X2 Elite,,Falcon3-7B-Instruct,text-generation,ctx 4096,w4a16,tokens_per_s,23.19270896911621,tokens/s,GENIE,https://huggingface.co/qualcomm/Falcon3-7B-Instruct,official: Qualcomm AI Hub HF card; device chipset as stated 'Snapdragon® X2 Elite'; context length 4096; TTFT range 0.124109 - 3.971488 s
Qualcomm,Snapdragon® X Elite,,Falcon3-7B-Instruct,text-generation,ctx 4096,w4a16,tokens_per_s,4.152737617492676,tokens/s,GENIE,https://huggingface.co/qualcomm/Falcon3-7B-Instruct,official: Qualcomm AI Hub HF card; device chipset as stated 'Snapdragon® X Elite'; context length 4096; TTFT range 0.19165000000000001 - 6.1328000000000005 s
Qualcomm,Qualcomm® Dragonwing™ IQ-8275,,Falcon3-7B-Instruct,text-generation,ctx 4096,w4a16,tokens_per_s,9.63418960571289,tokens/s,GENIE,https://huggingface.co/qualcomm/Falcon3-7B-Instruct,official: Qualcomm AI Hub HF card; device chipset as stated 'Qualcomm® Dragonwing™ IQ-8275'; context length 4096; TTFT range 0.238503 - 7.632096 s
Qualcomm,Qualcomm® Dragonwing™ IQ-9075,,Falcon3-7B-Instruct,text-generation,ctx 4096,w4a16,tokens_per_s,8.527256965637207,tokens/s,GENIE,https://huggingface.co/qualcomm/Falcon3-7B-Instruct,official: Qualcomm AI Hub HF card; device chipset as stated 'Qualcomm® Dragonwing™ IQ-9075'; context length 4096; TTFT range 0.18038200000000001 - 5.7722240000000005 s
Qualcomm,Qualcomm® Dragonwing™ IQ-X7181,,Falcon3-7B-Instruct,text-generation,ctx 4096,w4a16,tokens_per_s,4.152737617492676,tokens/s,GENIE,https://huggingface.co/qualcomm/Falcon3-7B-Instruct,official: Qualcomm AI Hub HF card; device chipset as stated 'Qualcomm® Dragonwing™ IQ-X7181'; context length 4096; TTFT range 0.19165000000000001 - 6.1328000000000005 s
Qualcomm,Snapdragon® 8 Elite Gen 5 For Galaxy Mobile,,Falcon3-7B-Instruct,text-generation,ctx 4096,w4a16,tokens_per_s,9.709561,tokens/s,GENIEX_QAIRT,https://huggingface.co/qualcomm/Falcon3-7B-Instruct,official: Qualcomm AI Hub HF card; device chipset as stated 'Snapdragon® 8 Elite Gen 5 For Galaxy Mobile'; context length 4096; TTFT range 0.17428212903225807 - 5.577028129032258 s
Qualcomm,Snapdragon® 8 Elite For Galaxy Mobile,,Falcon3-7B-Instruct,text-generation,ctx 4096,w4a16,tokens_per_s,10.215464,tokens/s,GENIEX_QAIRT,https://huggingface.co/qualcomm/Falcon3-7B-Instruct,official: Qualcomm AI Hub HF card; device chipset as stated 'Snapdragon® 8 Elite For Galaxy Mobile'; context length 4096; TTFT range 0.19006619354838708 - 6.082118193548387 s
Qualcomm,Snapdragon® X2 Elite,,Falcon3-7B-Instruct,text-generation,ctx 4096,w4a16,tokens_per_s,19.845977,tokens/s,GENIEX_QAIRT,https://huggingface.co/qualcomm/Falcon3-7B-Instruct,official: Qualcomm AI Hub HF card; device chipset as stated 'Snapdragon® X2 Elite'; context length 4096; TTFT range 0.12204629032258064 - 3.9054812903225806 s
Qualcomm,Snapdragon® X Elite,,Falcon3-7B-Instruct,text-generation,ctx 4096,w4a16,tokens_per_s,11.534744,tokens/s,GENIEX_QAIRT,https://huggingface.co/qualcomm/Falcon3-7B-Instruct,official: Qualcomm AI Hub HF card; device chipset as stated 'Snapdragon® X Elite'; context length 4096; TTFT range 0.19841499999999998 - 6.349279999999999 s
Qualcomm,Qualcomm® Dragonwing™ IQ-8275,,Falcon3-7B-Instruct,text-generation,ctx 4096,w4a16,tokens_per_s,9.483059,tokens/s,GENIEX_QAIRT,https://huggingface.co/qualcomm/Falcon3-7B-Instruct,official: Qualcomm AI Hub HF card; device chipset as stated 'Qualcomm® Dragonwing™ IQ-8275'; context length 4096; TTFT range 0.219881 - 7.036192 s
Qualcomm,Qualcomm® Dragonwing™ IQ-9075,,Falcon3-7B-Instruct,text-generation,ctx 4096,w4a16,tokens_per_s,10.134524,tokens/s,GENIEX_QAIRT,https://huggingface.co/qualcomm/Falcon3-7B-Instruct,official: Qualcomm AI Hub HF card; device chipset as stated 'Qualcomm® Dragonwing™ IQ-9075'; context length 4096; TTFT range 0.17698829032258065 - 5.663625290322581 s
Qualcomm,Qualcomm® Dragonwing™ IQ-X7181,,Falcon3-7B-Instruct,text-generation,ctx 4096,w4a16,tokens_per_s,11.534744,tokens/s,GENIEX_QAIRT,https://huggingface.co/qualcomm/Falcon3-7B-Instruct,official: Qualcomm AI Hub HF card; device chipset as stated 'Qualcomm® Dragonwing™ IQ-X7181'; context length 4096; TTFT range 0.19841499999999998 - 6.349279999999999 s
Qualcomm,Qualcomm® Dragonwing™ Q-8750,,Falcon3-7B-Instruct,text-generation,ctx 4096,w4a16,tokens_per_s,10.215464,tokens/s,GENIEX_QAIRT,https://huggingface.co/qualcomm/Falcon3-7B-Instruct,official: Qualcomm AI Hub HF card; device chipset as stated 'Qualcomm® Dragonwing™ Q-8750'; context length 4096; TTFT range 0.19006619354838708 - 6.082118193548387 s
Qualcomm,Snapdragon® 8 Elite Gen 5 For Galaxy Mobile,,FastSam-S,image-segmentation,640x640,float,latency_ms,3.714,ms,ONNX,https://huggingface.co/qualcomm/FastSam-S,official: Qualcomm AI Hub HF card; device chipset as stated 'Snapdragon® 8 Elite Gen 5 For Galaxy Mobile'; peak memory 3 - 198 MB; compute unit NPU
Qualcomm,Snapdragon® 8 Elite For Galaxy Mobile,,FastSam-S,image-segmentation,640x640,float,latency_ms,4.642,ms,ONNX,https://huggingface.co/qualcomm/FastSam-S,official: Qualcomm AI Hub HF card; device chipset as stated 'Snapdragon® 8 Elite For Galaxy Mobile'; peak memory 13 - 198 MB; compute unit NPU
Qualcomm,Snapdragon® X2 Elite,,FastSam-S,image-segmentation,640x640,float,latency_ms,4.584,ms,ONNX,https://huggingface.co/qualcomm/FastSam-S,official: Qualcomm AI Hub HF card; device chipset as stated 'Snapdragon® X2 Elite'; peak memory 17 - 17 MB; compute unit NPU
Qualcomm,Snapdragon® X Elite,,FastSam-S,image-segmentation,640x640,float,latency_ms,8.449,ms,ONNX,https://huggingface.co/qualcomm/FastSam-S,official: Qualcomm AI Hub HF card; device chipset as stated 'Snapdragon® X Elite'; peak memory 21 - 21 MB; compute unit NPU
Qualcomm,Snapdragon® 8 Gen 3 Mobile,,FastSam-S,image-segmentation,640x640,float,latency_ms,5.966,ms,ONNX,https://huggingface.co/qualcomm/FastSam-S,official: Qualcomm AI Hub HF card; device chipset as stated 'Snapdragon® 8 Gen 3 Mobile'; peak memory 17 - 230 MB; compute unit NPU
Qualcomm,Snapdragon® 8 Elite Gen 5 For Galaxy Mobile,,FastSam-S,image-segmentation,640x640,w8a16,latency_ms,2.63,ms,ONNX,https://huggingface.co/qualcomm/FastSam-S,official: Qualcomm AI Hub HF card; device chipset as stated 'Snapdragon® 8 Elite Gen 5 For Galaxy Mobile'; peak memory 1 - 220 MB; compute unit NPU
Qualcomm,Snapdragon® 8 Elite For Galaxy Mobile,,FastSam-S,image-segmentation,640x640,w8a16,latency_ms,3.25,ms,ONNX,https://huggingface.co/qualcomm/FastSam-S,official: Qualcomm AI Hub HF card; device chipset as stated 'Snapdragon® 8 Elite For Galaxy Mobile'; peak memory 0 - 213 MB; compute unit NPU
Qualcomm,Snapdragon® X2 Elite,,FastSam-S,image-segmentation,640x640,w8a16,latency_ms,3.059,ms,ONNX,https://huggingface.co/qualcomm/FastSam-S,official: Qualcomm AI Hub HF card; device chipset as stated 'Snapdragon® X2 Elite'; peak memory 9 - 9 MB; compute unit NPU
Qualcomm,Snapdragon® X Elite,,FastSam-S,image-segmentation,640x640,w8a16,latency_ms,7.044,ms,ONNX,https://huggingface.co/qualcomm/FastSam-S,official: Qualcomm AI Hub HF card; device chipset as stated 'Snapdragon® X Elite'; peak memory 11 - 11 MB; compute unit NPU
Qualcomm,Snapdragon® 8 Gen 3 Mobile,,FastSam-S,image-segmentation,640x640,w8a16,latency_ms,4.404,ms,ONNX,https://huggingface.co/qualcomm/FastSam-S,official: Qualcomm AI Hub HF card; device chipset as stated 'Snapdragon® 8 Gen 3 Mobile'; peak memory 8 - 259 MB; compute unit NPU
Qualcomm,Snapdragon® 8 Elite Gen 5 For Galaxy Mobile,,FastSam-S,image-segmentation,640x640,w8a16_mixed_int16,latency_ms,3.615,ms,ONNX,https://huggingface.co/qualcomm/FastSam-S,official: Qualcomm AI Hub HF card; device chipset as stated 'Snapdragon® 8 Elite Gen 5 For Galaxy Mobile'; peak memory 1 - 222 MB; compute unit NPU
Qualcomm,Snapdragon® 8 Elite For Galaxy Mobile,,FastSam-S,image-segmentation,640x640,w8a16_mixed_int16,latency_ms,4.743,ms,ONNX,https://huggingface.co/qualcomm/FastSam-S,official: Qualcomm AI Hub HF card; device chipset as stated 'Snapdragon® 8 Elite For Galaxy Mobile'; peak memory 6 - 223 MB; compute unit NPU
Qualcomm,Snapdragon® X2 Elite,,FastSam-S,image-segmentation,640x640,w8a16_mixed_int16,latency_ms,4.39,ms,ONNX,https://huggingface.co/qualcomm/FastSam-S,official: Qualcomm AI Hub HF card; device chipset as stated 'Snapdragon® X2 Elite'; peak memory 9 - 9 MB; compute unit NPU
Qualcomm,Snapdragon® X Elite,,FastSam-S,image-segmentation,640x640,w8a16_mixed_int16,latency_ms,9.034,ms,ONNX,https://huggingface.co/qualcomm/FastSam-S,official: Qualcomm AI Hub HF card; device chipset as stated 'Snapdragon® X Elite'; peak memory 21 - 21 MB; compute unit NPU
Qualcomm,Snapdragon® 8 Gen 3 Mobile,,FastSam-S,image-segmentation,640x640,w8a16_mixed_int16,latency_ms,5.82,ms,ONNX,https://huggingface.co/qualcomm/FastSam-S,official: Qualcomm AI Hub HF card; device chipset as stated 'Snapdragon® 8 Gen 3 Mobile'; peak memory 8 - 266 MB; compute unit NPU
Qualcomm,Snapdragon® 8 Elite Gen 5 For Galaxy Mobile,,FastSam-S,image-segmentation,640x640,float,latency_ms,3.285,ms,QNN_DLC,https://huggingface.co/qualcomm/FastSam-S,official: Qualcomm AI Hub HF card; device chipset as stated 'Snapdragon® 8 Elite Gen 5 For Galaxy Mobile'; peak memory 5 - 178 MB; compute unit NPU
Qualcomm,Snapdragon® 8 Elite For Galaxy Mobile,,FastSam-S,image-segmentation,640x640,float,latency_ms,4.32,ms,QNN_DLC,https://huggingface.co/qualcomm/FastSam-S,official: Qualcomm AI Hub HF card; device chipset as stated 'Snapdragon® 8 Elite For Galaxy Mobile'; peak memory 5 - 176 MB; compute unit NPU
Qualcomm,Snapdragon® X2 Elite,,FastSam-S,image-segmentation,640x640,float,latency_ms,4.5,ms,QNN_DLC,https://huggingface.co/qualcomm/FastSam-S,official: Qualcomm AI Hub HF card; device chipset as stated 'Snapdragon® X2 Elite'; peak memory 5 - 5 MB; compute unit NPU
Qualcomm,Snapdragon® X Elite,,FastSam-S,image-segmentation,640x640,float,latency_ms,8.084,ms,QNN_DLC,https://huggingface.co/qualcomm/FastSam-S,official: Qualcomm AI Hub HF card; device chipset as stated 'Snapdragon® X Elite'; peak memory 5 - 5 MB; compute unit NPU
Qualcomm,Snapdragon® 8 Gen 3 Mobile,,FastSam-S,image-segmentation,640x640,float,latency_ms,5.735,ms,QNN_DLC,https://huggingface.co/qualcomm/FastSam-S,official: Qualcomm AI Hub HF card; device chipset as stated 'Snapdragon® 8 Gen 3 Mobile'; peak memory 5 - 209 MB; compute unit NPU
Qualcomm,Snapdragon® 8 Elite Gen 5 For Galaxy Mobile,,FastSam-S,image-segmentation,640x640,w8a16,latency_ms,2.063,ms,QNN_DLC,https://huggingface.co/qualcomm/FastSam-S,official: Qualcomm AI Hub HF card; device chipset as stated 'Snapdragon® 8 Elite Gen 5 For Galaxy Mobile'; peak memory 2 - 197 MB; compute unit NPU
Qualcomm,Snapdragon® 8 Elite For Galaxy Mobile,,FastSam-S,image-segmentation,640x640,w8a16,latency_ms,2.645,ms,QNN_DLC,https://huggingface.co/qualcomm/FastSam-S,official: Qualcomm AI Hub HF card; device chipset as stated 'Snapdragon® 8 Elite For Galaxy Mobile'; peak memory 0 - 192 MB; compute unit NPU
Qualcomm,Snapdragon® X2 Elite,,FastSam-S,image-segmentation,640x640,w8a16,latency_ms,3.086,ms,QNN_DLC,https://huggingface.co/qualcomm/FastSam-S,official: Qualcomm AI Hub HF card; device chipset as stated 'Snapdragon® X2 Elite'; peak memory 2 - 2 MB; compute unit NPU
Qualcomm,Snapdragon® X Elite,,FastSam-S,image-segmentation,640x640,w8a16,latency_ms,5.949,ms,QNN_DLC,https://huggingface.co/qualcomm/FastSam-S,official: Qualcomm AI Hub HF card; device chipset as stated 'Snapdragon® X Elite'; peak memory 2 - 2 MB; compute unit NPU
Qualcomm,Snapdragon® 8 Gen 3 Mobile,,FastSam-S,image-segmentation,640x640,w8a16,latency_ms,3.698,ms,QNN_DLC,https://huggingface.co/qualcomm/FastSam-S,official: Qualcomm AI Hub HF card; device chipset as stated 'Snapdragon® 8 Gen 3 Mobile'; peak memory 2 - 230 MB; compute unit NPU
Qualcomm,Snapdragon® 8 Elite Gen 5 For Galaxy Mobile,,FastSam-S,image-segmentation,640x640,w8a16_mixed_int16,latency_ms,3.055,ms,QNN_DLC,https://huggingface.co/qualcomm/FastSam-S,official: Qualcomm AI Hub HF card; device chipset as stated 'Snapdragon® 8 Elite Gen 5 For Galaxy Mobile'; peak memory 2 - 202 MB; compute unit NPU
Qualcomm,Snapdragon® 8 Elite For Galaxy Mobile,,FastSam-S,image-segmentation,640x640,w8a16_mixed_int16,latency_ms,4.041,ms,QNN_DLC,https://huggingface.co/qualcomm/FastSam-S,official: Qualcomm AI Hub HF card; device chipset as stated 'Snapdragon® 8 Elite For Galaxy Mobile'; peak memory 2 - 199 MB; compute unit NPU
Qualcomm,Snapdragon® X2 Elite,,FastSam-S,image-segmentation,640x640,w8a16_mixed_int16,latency_ms,4.246,ms,QNN_DLC,https://huggingface.co/qualcomm/FastSam-S,official: Qualcomm AI Hub HF card; device chipset as stated 'Snapdragon® X2 Elite'; peak memory 2 - 2 MB; compute unit NPU
Qualcomm,Snapdragon® X Elite,,FastSam-S,image-segmentation,640x640,w8a16_mixed_int16,latency_ms,8.017,ms,QNN_DLC,https://huggingface.co/qualcomm/FastSam-S,official: Qualcomm AI Hub HF card; device chipset as stated 'Snapdragon® X Elite'; peak memory 2 - 2 MB; compute unit NPU
Qualcomm,Snapdragon® 8 Gen 3 Mobile,,FastSam-S,image-segmentation,640x640,w8a16_mixed_int16,latency_ms,5.121,ms,QNN_DLC,https://huggingface.co/qualcomm/FastSam-S,official: Qualcomm AI Hub HF card; device chipset as stated 'Snapdragon® 8 Gen 3 Mobile'; peak memory 2 - 238 MB; compute unit NPU
Qualcomm,Snapdragon® 8 Elite Gen 5 For Galaxy Mobile,,FastSam-S,image-segmentation,640x640,float,latency_ms,3.088,ms,TFLITE,https://huggingface.co/qualcomm/FastSam-S,official: Qualcomm AI Hub HF card; device chipset as stated 'Snapdragon® 8 Elite Gen 5 For Galaxy Mobile'; peak memory 0 - 76 MB; compute unit NPU
Qualcomm,Snapdragon® 8 Elite For Galaxy Mobile,,FastSam-S,image-segmentation,640x640,float,latency_ms,3.917,ms,TFLITE,https://huggingface.co/qualcomm/FastSam-S,official: Qualcomm AI Hub HF card; device chipset as stated 'Snapdragon® 8 Elite For Galaxy Mobile'; peak memory 4 - 86 MB; compute unit NPU
Qualcomm,Snapdragon® 8 Gen 3 Mobile,,FastSam-S,image-segmentation,640x640,float,latency_ms,5.155,ms,TFLITE,https://huggingface.co/qualcomm/FastSam-S,official: Qualcomm AI Hub HF card; device chipset as stated 'Snapdragon® 8 Gen 3 Mobile'; peak memory 4 - 114 MB; compute unit NPU
Qualcomm,Snapdragon® 8 Elite Gen 5 For Galaxy Mobile,,Gemma-4-E2B-it,text-generation,ctx 512,q4_0,tokens_per_s,31.705111,tokens/s,GENIEX_LLAMACPP,https://huggingface.co/qualcomm/Gemma-4-E2B-it,official: Qualcomm AI Hub HF card; device chipset as stated 'Snapdragon® 8 Elite Gen 5 For Galaxy Mobile'; context length 512; TTFT range 0.528357 - 2.113428 s
Qualcomm,Snapdragon® 8 Elite Gen 5 For Galaxy Mobile,,Gemma-4-E2B-it,text-generation,ctx 512,q4_0,tokens_per_s,31.801764,tokens/s,GENIEX_LLAMACPP,https://huggingface.co/qualcomm/Gemma-4-E2B-it,official: Qualcomm AI Hub HF card; device chipset as stated 'Snapdragon® 8 Elite Gen 5 For Galaxy Mobile'; context length 512; TTFT range 0.28169533333333335 - 1.1267813333333334 s
Qualcomm,Snapdragon® 8 Elite Gen 5 For Galaxy Mobile,,Gemma-4-E2B-it,text-generation,ctx 512,q4_0,tokens_per_s,33.695561,tokens/s,GENIEX_LLAMACPP,https://huggingface.co/qualcomm/Gemma-4-E2B-it,official: Qualcomm AI Hub HF card; device chipset as stated 'Snapdragon® 8 Elite Gen 5 For Galaxy Mobile'; context length 512; TTFT range 0.06813633333333333 - 0.2725453333333333 s
Qualcomm,Snapdragon® 8 Elite Gen 5 For Galaxy Mobile,,Gemma-4-E2B-it,text-generation,ctx 4096,q4_0,tokens_per_s,22.363562,tokens/s,GENIEX_LLAMACPP,https://huggingface.co/qualcomm/Gemma-4-E2B-it,official: Qualcomm AI Hub HF card; device chipset as stated 'Snapdragon® 8 Elite Gen 5 For Galaxy Mobile'; context length 4096; TTFT range 1.2854541935483872 - 41.13453419354839 s
Qualcomm,Snapdragon® 8 Elite Gen 5 For Galaxy Mobile,,Gemma-4-E2B-it,text-generation,ctx 4096,q4_0,tokens_per_s,22.277421,tokens/s,GENIEX_LLAMACPP,https://huggingface.co/qualcomm/Gemma-4-E2B-it,official: Qualcomm AI Hub HF card; device chipset as stated 'Snapdragon® 8 Elite Gen 5 For Galaxy Mobile'; context length 4096; TTFT range 0.4577602580645161 - 14.648328258064515 s
Qualcomm,Snapdragon® 8 Elite Gen 5 For Galaxy Mobile,,Gemma-4-E2B-it,text-generation,ctx 4096,q4_0,tokens_per_s,32.76263,tokens/s,GENIEX_LLAMACPP,https://huggingface.co/qualcomm/Gemma-4-E2B-it,official: Qualcomm AI Hub HF card; device chipset as stated 'Snapdragon® 8 Elite Gen 5 For Galaxy Mobile'; context length 4096; TTFT range 0.07520329032258065 - 2.4065052903225808 s
Qualcomm,Snapdragon® 8 Elite For Galaxy Mobile,,Gemma-4-E2B-it,text-generation,ctx 512,q4_0,tokens_per_s,34.222659,tokens/s,GENIEX_LLAMACPP,https://huggingface.co/qualcomm/Gemma-4-E2B-it,official: Qualcomm AI Hub HF card; device chipset as stated 'Snapdragon® 8 Elite For Galaxy Mobile'; context length 512; TTFT range 0.5953126666666667 - 2.381250666666667 s
Qualcomm,Snapdragon® 8 Elite For Galaxy Mobile,,Gemma-4-E2B-it,text-generation,ctx 512,q4_0,tokens_per_s,29.879023,tokens/s,GENIEX_LLAMACPP,https://huggingface.co/qualcomm/Gemma-4-E2B-it,official: Qualcomm AI Hub HF card; device chipset as stated 'Snapdragon® 8 Elite For Galaxy Mobile'; context length 512; TTFT range 0.3048563333333333 - 1.2194253333333331 s
Qualcomm,Snapdragon® 8 Elite For Galaxy Mobile,,Gemma-4-E2B-it,text-generation,ctx 512,q4_0,tokens_per_s,28.915732,tokens/s,GENIEX_LLAMACPP,https://huggingface.co/qualcomm/Gemma-4-E2B-it,official: Qualcomm AI Hub HF card; device chipset as stated 'Snapdragon® 8 Elite For Galaxy Mobile'; context length 512; TTFT range 0.07609099999999999 - 0.30436399999999997 s
Qualcomm,Snapdragon® 8 Elite For Galaxy Mobile,,Gemma-4-E2B-it,text-generation,ctx 4096,q4_0,tokens_per_s,20.181043,tokens/s,GENIEX_LLAMACPP,https://huggingface.co/qualcomm/Gemma-4-E2B-it,official: Qualcomm AI Hub HF card; device chipset as stated 'Snapdragon® 8 Elite For Galaxy Mobile'; context length 4096; TTFT range 1.411708193548387 - 45.174662193548386 s
Qualcomm,Snapdragon® 8 Elite For Galaxy Mobile,,Gemma-4-E2B-it,text-generation,ctx 4096,q4_0,tokens_per_s,18.759262,tokens/s,GENIEX_LLAMACPP,https://huggingface.co/qualcomm/Gemma-4-E2B-it,official: Qualcomm AI Hub HF card; device chipset as stated 'Snapdragon® 8 Elite For Galaxy Mobile'; context length 4096; TTFT range 0.5690559032258065 - 18.209788903225807 s
Qualcomm,Snapdragon® 8 Elite For Galaxy Mobile,,Gemma-4-E2B-it,text-generation,ctx 4096,q4_0,tokens_per_s,27.544753,tokens/s,GENIEX_LLAMACPP,https://huggingface.co/qualcomm/Gemma-4-E2B-it,official: Qualcomm AI Hub HF card; device chipset as stated 'Snapdragon® 8 Elite For Galaxy Mobile'; context length 4096; TTFT range 0.09080200000000001 - 2.9056640000000002 s
Qualcomm,Snapdragon® X2 Elite,,Gemma-4-E2B-it,text-generation,ctx 512,q4_0,tokens_per_s,53.469257,tokens/s,GENIEX_LLAMACPP,https://huggingface.co/qualcomm/Gemma-4-E2B-it,official: Qualcomm AI Hub HF card; device chipset as stated 'Snapdragon® X2 Elite'; context length 512; TTFT range 0.18787166666666666 - 0.7514866666666666 s
Qualcomm,Snapdragon® X2 Elite,,Gemma-4-E2B-it,text-generation,ctx 512,q4_0,tokens_per_s,33.652612,tokens/s,GENIEX_LLAMACPP,https://huggingface.co/qualcomm/Gemma-4-E2B-it,official: Qualcomm AI Hub HF card; device chipset as stated 'Snapdragon® X2 Elite'; context length 512; TTFT range 0.15155066666666664 - 0.6062026666666666 s
Qualcomm,Snapdragon® X2 Elite,,Gemma-4-E2B-it,text-generation,ctx 512,q4_0,tokens_per_s,30.331006,tokens/s,GENIEX_LLAMACPP,https://huggingface.co/qualcomm/Gemma-4-E2B-it,official: Qualcomm AI Hub HF card; device chipset as stated 'Snapdragon® X2 Elite'; context length 512; TTFT range 0.060608999999999996 - 0.24243599999999998 s
Qualcomm,Snapdragon® X2 Elite,,Gemma-4-E2B-it,text-generation,ctx 4096,q4_0,tokens_per_s,43.359435,tokens/s,GENIEX_LLAMACPP,https://huggingface.co/qualcomm/Gemma-4-E2B-it,official: Qualcomm AI Hub HF card; device chipset as stated 'Snapdragon® X2 Elite'; context length 4096; TTFT range 0.24944945161290324 - 7.982382451612904 s
Qualcomm,Snapdragon® X2 Elite,,Gemma-4-E2B-it,text-generation,ctx 4096,q4_0,tokens_per_s,14.345144,tokens/s,GENIEX_LLAMACPP,https://huggingface.co/qualcomm/Gemma-4-E2B-it,official: Qualcomm AI Hub HF card; device chipset as stated 'Snapdragon® X2 Elite'; context length 4096; TTFT range 0.17971787096774194 - 5.750971870967742 s
Qualcomm,Snapdragon® X2 Elite,,Gemma-4-E2B-it,text-generation,ctx 4096,q4_0,tokens_per_s,14.99925,tokens/s,GENIEX_LLAMACPP,https://huggingface.co/qualcomm/Gemma-4-E2B-it,official: Qualcomm AI Hub HF card; device chipset as stated 'Snapdragon® X2 Elite'; context length 4096; TTFT range 0.06681887096774194 - 2.1382038709677422 s
Qualcomm,Snapdragon® X Elite,,Gemma-4-E2B-it,text-generation,ctx 512,q4_0,tokens_per_s,41.958422,tokens/s,GENIEX_LLAMACPP,https://huggingface.co/qualcomm/Gemma-4-E2B-it,official: Qualcomm AI Hub HF card; device chipset as stated 'Snapdragon® X Elite'; context length 512; TTFT range 0.4857046666666666 - 1.9428186666666665 s
Qualcomm,Snapdragon® X Elite,,Gemma-4-E2B-it,text-generation,ctx 512,q4_0,tokens_per_s,29.585078,tokens/s,GENIEX_LLAMACPP,https://huggingface.co/qualcomm/Gemma-4-E2B-it,official: Qualcomm AI Hub HF card; device chipset as stated 'Snapdragon® X Elite'; context length 512; TTFT range 0.31198066666666663 - 1.2479226666666665 s
Qualcomm,Snapdragon® X Elite,,Gemma-4-E2B-it,text-generation,ctx 512,q4_0,tokens_per_s,21.995727,tokens/s,GENIEX_LLAMACPP,https://huggingface.co/qualcomm/Gemma-4-E2B-it,official: Qualcomm AI Hub HF card; device chipset as stated 'Snapdragon® X Elite'; context length 512; TTFT range 0.14218133333333333 - 0.5687253333333333 s
Qualcomm,Snapdragon® X Elite,,Gemma-4-E2B-it,text-generation,ctx 4096,q4_0,tokens_per_s,39.291585,tokens/s,GENIEX_LLAMACPP,https://huggingface.co/qualcomm/Gemma-4-E2B-it,official: Qualcomm AI Hub HF card; device chipset as stated 'Snapdragon® X Elite'; context length 4096; TTFT range 0.45020680645161293 - 14.406617806451614 s
Qualcomm,Snapdragon® X Elite,,Gemma-4-E2B-it,text-generation,ctx 4096,q4_0,tokens_per_s,18.449844,tokens/s,GENIEX_LLAMACPP,https://huggingface.co/qualcomm/Gemma-4-E2B-it,official: Qualcomm AI Hub HF card; device chipset as stated 'Snapdragon® X Elite'; context length 4096; TTFT range 0.41507283870967737 - 13.282330838709676 s
Qualcomm,Snapdragon® X Elite,,Gemma-4-E2B-it,text-generation,ctx 4096,q4_0,tokens_per_s,20.882314,tokens/s,GENIEX_LLAMACPP,https://huggingface.co/qualcomm/Gemma-4-E2B-it,official: Qualcomm AI Hub HF card; device chipset as stated 'Snapdragon® X Elite'; context length 4096; TTFT range 0.1356064193548387 - 4.339405419354838 s
Qualcomm,Qualcomm® Dragonwing™ IQ-8275,,Gemma-4-E2B-it,text-generation,ctx 512,q4_0,tokens_per_s,10.463808,tokens/s,GENIEX_LLAMACPP,https://huggingface.co/qualcomm/Gemma-4-E2B-it,official: Qualcomm AI Hub HF card; device chipset as stated 'Qualcomm® Dragonwing™ IQ-8275'; context length 512; TTFT range 8.896726000000001 - 35.586904000000004 s
Qualcomm,Qualcomm® Dragonwing™ IQ-8275,,Gemma-4-E2B-it,text-generation,ctx 512,q4_0,tokens_per_s,3.703586,tokens/s,GENIEX_LLAMACPP,https://huggingface.co/qualcomm/Gemma-4-E2B-it,official: Qualcomm AI Hub HF card; device chipset as stated 'Qualcomm® Dragonwing™ IQ-8275'; context length 512; TTFT range 13.634838 - 54.539352 s
Qualcomm,Qualcomm® Dragonwing™ IQ-8275,,Gemma-4-E2B-it,text-generation,ctx 512,q4_0,tokens_per_s,14.707124,tokens/s,GENIEX_LLAMACPP,https://huggingface.co/qualcomm/Gemma-4-E2B-it,official: Qualcomm AI Hub HF card; device chipset as stated 'Qualcomm® Dragonwing™ IQ-8275'; context length 512; TTFT range 1.008742 - 4.034968 s
Qualcomm,Qualcomm® Dragonwing™ IQ-8275,,Gemma-4-E2B-it,text-generation,ctx 4096,q4_0,tokens_per_s,6.88609,tokens/s,GENIEX_LLAMACPP,https://huggingface.co/qualcomm/Gemma-4-E2B-it,official: Qualcomm AI Hub HF card; device chipset as stated 'Qualcomm® Dragonwing™ IQ-8275'; context length 4096; TTFT range 85.69991800000001 - 2742.3973760000003 s
Qualcomm,Qualcomm® Dragonwing™ IQ-8275,,Gemma-4-E2B-it,text-generation,ctx 4096,q4_0,tokens_per_s,2.241468,tokens/s,GENIEX_LLAMACPP,https://huggingface.co/qualcomm/Gemma-4-E2B-it,official: Qualcomm AI Hub HF card; device chipset as stated 'Qualcomm® Dragonwing™ IQ-8275'; context length 4096; TTFT range 158.02845499999998 - 5056.910559999999 s
Qualcomm,Qualcomm® Dragonwing™ IQ-8275,,Gemma-4-E2B-it,text-generation,ctx 4096,q4_0,tokens_per_s,12.612885,tokens/s,GENIEX_LLAMACPP,https://huggingface.co/qualcomm/Gemma-4-E2B-it,official: Qualcomm AI Hub HF card; device chipset as stated 'Qualcomm® Dragonwing™ IQ-8275'; context length 4096; TTFT range 8.503915000000001 - 272.12528000000003 s
Qualcomm,Qualcomm® Dragonwing™ IQ-9075,,Gemma-4-E2B-it,text-generation,ctx 512,q4_0,tokens_per_s,23.224758,tokens/s,GENIEX_LLAMACPP,https://huggingface.co/qualcomm/Gemma-4-E2B-it,official: Qualcomm AI Hub HF card; device chipset as stated 'Qualcomm® Dragonwing™ IQ-9075'; context length 512; TTFT range 3.750578 - 15.002312 s
Qualcomm,Qualcomm® Dragonwing™ IQ-9075,,Gemma-4-E2B-it,text-generation,ctx 512,q4_0,tokens_per_s,10.010592,tokens/s,GENIEX_LLAMACPP,https://huggingface.co/qualcomm/Gemma-4-E2B-it,official: Qualcomm AI Hub HF card; device chipset as stated 'Qualcomm® Dragonwing™ IQ-9075'; context length 512; TTFT range 4.526033999999999 - 18.104135999999997 s
Qualcomm,Qualcomm® Dragonwing™ IQ-9075,,Gemma-4-E2B-it,text-generation,ctx 512,q4_0,tokens_per_s,16.604906,tokens/s,GENIEX_LLAMACPP,https://huggingface.co/qualcomm/Gemma-4-E2B-it,official: Qualcomm AI Hub HF card; device chipset as stated 'Qualcomm® Dragonwing™ IQ-9075'; context length 512; TTFT range 0.941331 - 3.765324 s
Qualcomm,Qualcomm® Dragonwing™ IQ-X7181,,Gemma-4-E2B-it,text-generation,ctx 512,q4_0,tokens_per_s,41.958422,tokens/s,GENIEX_LLAMACPP,https://huggingface.co/qualcomm/Gemma-4-E2B-it,official: Qualcomm AI Hub HF card; device chipset as stated 'Qualcomm® Dragonwing™ IQ-X7181'; context length 512; TTFT range 0.4857046666666666 - 1.9428186666666665 s
Qualcomm,Qualcomm® Dragonwing™ IQ-X7181,,Gemma-4-E2B-it,text-generation,ctx 512,q4_0,tokens_per_s,29.585078,tokens/s,GENIEX_LLAMACPP,https://huggingface.co/qualcomm/Gemma-4-E2B-it,official: Qualcomm AI Hub HF card; device chipset as stated 'Qualcomm® Dragonwing™ IQ-X7181'; context length 512; TTFT range 0.31198066666666663 - 1.2479226666666665 s
Qualcomm,Qualcomm® Dragonwing™ IQ-X7181,,Gemma-4-E2B-it,text-generation,ctx 512,q4_0,tokens_per_s,21.995727,tokens/s,GENIEX_LLAMACPP,https://huggingface.co/qualcomm/Gemma-4-E2B-it,official: Qualcomm AI Hub HF card; device chipset as stated 'Qualcomm® Dragonwing™ IQ-X7181'; context length 512; TTFT range 0.14218133333333333 - 0.5687253333333333 s
Qualcomm,Qualcomm® Dragonwing™ Q-8750,,Gemma-4-E2B-it,text-generation,ctx 512,q4_0,tokens_per_s,34.222659,tokens/s,GENIEX_LLAMACPP,https://huggingface.co/qualcomm/Gemma-4-E2B-it,official: Qualcomm AI Hub HF card; device chipset as stated 'Qualcomm® Dragonwing™ Q-8750'; context length 512; TTFT range 0.5953126666666667 - 2.381250666666667 s
Qualcomm,Qualcomm® Dragonwing™ Q-8750,,Gemma-4-E2B-it,text-generation,ctx 512,q4_0,tokens_per_s,29.879023,tokens/s,GENIEX_LLAMACPP,https://huggingface.co/qualcomm/Gemma-4-E2B-it,official: Qualcomm AI Hub HF card; device chipset as stated 'Qualcomm® Dragonwing™ Q-8750'; context length 512; TTFT range 0.3048563333333333 - 1.2194253333333331 s
Qualcomm,Qualcomm® Dragonwing™ Q-8750,,Gemma-4-E2B-it,text-generation,ctx 512,q4_0,tokens_per_s,28.915732,tokens/s,GENIEX_LLAMACPP,https://huggingface.co/qualcomm/Gemma-4-E2B-it,official: Qualcomm AI Hub HF card; device chipset as stated 'Qualcomm® Dragonwing™ Q-8750'; context length 512; TTFT range 0.07609099999999999 - 0.30436399999999997 s
Qualcomm,Qualcomm® Dragonwing™ IQ-9075,,Gemma-4-E2B-it,text-generation,ctx 4096,q4_0,tokens_per_s,18.118229,tokens/s,GENIEX_LLAMACPP,https://huggingface.co/qualcomm/Gemma-4-E2B-it,official: Qualcomm AI Hub HF card; device chipset as stated 'Qualcomm® Dragonwing™ IQ-9075'; context length 4096; TTFT range 40.628958 - 1300.126656 s
Qualcomm,Qualcomm® Dragonwing™ IQ-9075,,Gemma-4-E2B-it,text-generation,ctx 4096,q4_0,tokens_per_s,7.144893,tokens/s,GENIEX_LLAMACPP,https://huggingface.co/qualcomm/Gemma-4-E2B-it,official: Qualcomm AI Hub HF card; device chipset as stated 'Qualcomm® Dragonwing™ IQ-9075'; context length 4096; TTFT range 54.815616 - 1754.099712 s
Qualcomm,Qualcomm® Dragonwing™ IQ-9075,,Gemma-4-E2B-it,text-generation,ctx 4096,q4_0,tokens_per_s,14.488949,tokens/s,GENIEX_LLAMACPP,https://huggingface.co/qualcomm/Gemma-4-E2B-it,official: Qualcomm AI Hub HF card; device chipset as stated 'Qualcomm® Dragonwing™ IQ-9075'; context length 4096; TTFT range 8.055286 - 257.769152 s
Qualcomm,Qualcomm® Dragonwing™ IQ-X7181,,Gemma-4-E2B-it,text-generation,ctx 4096,q4_0,tokens_per_s,39.291585,tokens/s,GENIEX_LLAMACPP,https://huggingface.co/qualcomm/Gemma-4-E2B-it,official: Qualcomm AI Hub HF card; device chipset as stated 'Qualcomm® Dragonwing™ IQ-X7181'; context length 4096; TTFT range 0.45020680645161293 - 14.406617806451614 s
Qualcomm,Qualcomm® Dragonwing™ IQ-X7181,,Gemma-4-E2B-it,text-generation,ctx 4096,q4_0,tokens_per_s,18.449844,tokens/s,GENIEX_LLAMACPP,https://huggingface.co/qualcomm/Gemma-4-E2B-it,official: Qualcomm AI Hub HF card; device chipset as stated 'Qualcomm® Dragonwing™ IQ-X7181'; context length 4096; TTFT range 0.41507283870967737 - 13.282330838709676 s
Qualcomm,Qualcomm® Dragonwing™ IQ-X7181,,Gemma-4-E2B-it,text-generation,ctx 4096,q4_0,tokens_per_s,20.882314,tokens/s,GENIEX_LLAMACPP,https://huggingface.co/qualcomm/Gemma-4-E2B-it,official: Qualcomm AI Hub HF card; device chipset as stated 'Qualcomm® Dragonwing™ IQ-X7181'; context length 4096; TTFT range 0.1356064193548387 - 4.339405419354838 s
Qualcomm,Qualcomm® Dragonwing™ Q-8750,,Gemma-4-E2B-it,text-generation,ctx 4096,q4_0,tokens_per_s,20.181043,tokens/s,GENIEX_LLAMACPP,https://huggingface.co/qualcomm/Gemma-4-E2B-it,official: Qualcomm AI Hub HF card; device chipset as stated 'Qualcomm® Dragonwing™ Q-8750'; context length 4096; TTFT range 1.411708193548387 - 45.174662193548386 s
Qualcomm,Qualcomm® Dragonwing™ Q-8750,,Gemma-4-E2B-it,text-generation,ctx 4096,q4_0,tokens_per_s,18.759262,tokens/s,GENIEX_LLAMACPP,https://huggingface.co/qualcomm/Gemma-4-E2B-it,official: Qualcomm AI Hub HF card; device chipset as stated 'Qualcomm® Dragonwing™ Q-8750'; context length 4096; TTFT range 0.5690559032258065 - 18.209788903225807 s
Qualcomm,Qualcomm® Dragonwing™ Q-8750,,Gemma-4-E2B-it,text-generation,ctx 4096,q4_0,tokens_per_s,27.544753,tokens/s,GENIEX_LLAMACPP,https://huggingface.co/qualcomm/Gemma-4-E2B-it,official: Qualcomm AI Hub HF card; device chipset as stated 'Qualcomm® Dragonwing™ Q-8750'; context length 4096; TTFT range 0.09080200000000001 - 2.9056640000000002 s
Qualcomm,Snapdragon® 8 Elite Gen 5 For Galaxy Mobile,,Gemma-4-E4B-it,text-generation,ctx 512,q4_0,tokens_per_s,16.954635,tokens/s,GENIEX_LLAMACPP,https://huggingface.co/qualcomm/Gemma-4-E4B-it,official: Qualcomm AI Hub HF card; device chipset as stated 'Snapdragon® 8 Elite Gen 5 For Galaxy Mobile'; context length 512; TTFT range 1.3684773333333333 - 5.473909333333333 s
Qualcomm,Snapdragon® 8 Elite Gen 5 For Galaxy Mobile,,Gemma-4-E4B-it,text-generation,ctx 512,q4_0,tokens_per_s,17.146292,tokens/s,GENIEX_LLAMACPP,https://huggingface.co/qualcomm/Gemma-4-E4B-it,official: Qualcomm AI Hub HF card; device chipset as stated 'Snapdragon® 8 Elite Gen 5 For Galaxy Mobile'; context length 512; TTFT range 0.5495743333333333 - 2.198297333333333 s
Qualcomm,Snapdragon® 8 Elite Gen 5 For Galaxy Mobile,,Gemma-4-E4B-it,text-generation,ctx 512,q4_0,tokens_per_s,17.602489,tokens/s,GENIEX_LLAMACPP,https://huggingface.co/qualcomm/Gemma-4-E4B-it,official: Qualcomm AI Hub HF card; device chipset as stated 'Snapdragon® 8 Elite Gen 5 For Galaxy Mobile'; context length 512; TTFT range 0.11555166666666665 - 0.4622066666666666 s
Qualcomm,Snapdragon® 8 Elite Gen 5 For Galaxy Mobile,,Gemma-4-E4B-it,text-generation,ctx 4096,q4_0,tokens_per_s,12.985192,tokens/s,GENIEX_LLAMACPP,https://huggingface.co/qualcomm/Gemma-4-E4B-it,official: Qualcomm AI Hub HF card; device chipset as stated 'Snapdragon® 8 Elite Gen 5 For Galaxy Mobile'; context length 4096; TTFT range 2.1392613548387094 - 68.4563633548387 s
Qualcomm,Snapdragon® 8 Elite Gen 5 For Galaxy Mobile,,Gemma-4-E4B-it,text-generation,ctx 4096,q4_0,tokens_per_s,12.62247,tokens/s,GENIEX_LLAMACPP,https://huggingface.co/qualcomm/Gemma-4-E4B-it,official: Qualcomm AI Hub HF card; device chipset as stated 'Snapdragon® 8 Elite Gen 5 For Galaxy Mobile'; context length 4096; TTFT range 0.8456005806451612 - 27.059218580645158 s
Qualcomm,Snapdragon® 8 Elite Gen 5 For Galaxy Mobile,,Gemma-4-E4B-it,text-generation,ctx 4096,q4_0,tokens_per_s,16.119912,tokens/s,GENIEX_LLAMACPP,https://huggingface.co/qualcomm/Gemma-4-E4B-it,official: Qualcomm AI Hub HF card; device chipset as stated 'Snapdragon® 8 Elite Gen 5 For Galaxy Mobile'; context length 4096; TTFT range 0.1393976451612903 - 4.46072464516129 s
Qualcomm,Snapdragon® 8 Elite For Galaxy Mobile,,Gemma-4-E4B-it,text-generation,ctx 512,q4_0,tokens_per_s,17.193389,tokens/s,GENIEX_LLAMACPP,https://huggingface.co/qualcomm/Gemma-4-E4B-it,official: Qualcomm AI Hub HF card; device chipset as stated 'Snapdragon® 8 Elite For Galaxy Mobile'; context length 512; TTFT range 1.2445173333333333 - 4.978069333333333 s
Qualcomm,Snapdragon® 8 Elite For Galaxy Mobile,,Gemma-4-E4B-it,text-generation,ctx 512,q4_0,tokens_per_s,14.849922,tokens/s,GENIEX_LLAMACPP,https://huggingface.co/qualcomm/Gemma-4-E4B-it,official: Qualcomm AI Hub HF card; device chipset as stated 'Snapdragon® 8 Elite For Galaxy Mobile'; context length 512; TTFT range 0.6911736666666667 - 2.7646946666666667 s
Qualcomm,Snapdragon® 8 Elite For Galaxy Mobile,,Gemma-4-E4B-it,text-generation,ctx 512,q4_0,tokens_per_s,14.937384,tokens/s,GENIEX_LLAMACPP,https://huggingface.co/qualcomm/Gemma-4-E4B-it,official: Qualcomm AI Hub HF card; device chipset as stated 'Snapdragon® 8 Elite For Galaxy Mobile'; context length 512; TTFT range 0.13882733333333333 - 0.5553093333333333 s
Qualcomm,Snapdragon® 8 Elite For Galaxy Mobile,,Gemma-4-E4B-it,text-generation,ctx 4096,q4_0,tokens_per_s,11.908334,tokens/s,GENIEX_LLAMACPP,https://huggingface.co/qualcomm/Gemma-4-E4B-it,official: Qualcomm AI Hub HF card; device chipset as stated 'Snapdragon® 8 Elite For Galaxy Mobile'; context length 4096; TTFT range 2.243354870967742 - 71.78735587096774 s
Qualcomm,Snapdragon® 8 Elite For Galaxy Mobile,,Gemma-4-E4B-it,text-generation,ctx 4096,q4_0,tokens_per_s,11.831827,tokens/s,GENIEX_LLAMACPP,https://huggingface.co/qualcomm/Gemma-4-E4B-it,official: Qualcomm AI Hub HF card; device chipset as stated 'Snapdragon® 8 Elite For Galaxy Mobile'; context length 4096; TTFT range 0.9855867741935483 - 31.538776774193547 s
Qualcomm,Snapdragon® 8 Elite For Galaxy Mobile,,Gemma-4-E4B-it,text-generation,ctx 4096,q4_0,tokens_per_s,13.356142,tokens/s,GENIEX_LLAMACPP,https://huggingface.co/qualcomm/Gemma-4-E4B-it,official: Qualcomm AI Hub HF card; device chipset as stated 'Snapdragon® 8 Elite For Galaxy Mobile'; context length 4096; TTFT range 0.17591751612903225 - 5.629360516129032 s
Qualcomm,Snapdragon® X2 Elite,,Gemma-4-E4B-it,text-generation,ctx 512,q4_0,tokens_per_s,29.167487,tokens/s,GENIEX_LLAMACPP,https://huggingface.co/qualcomm/Gemma-4-E4B-it,official: Qualcomm AI Hub HF card; device chipset as stated 'Snapdragon® X2 Elite'; context length 512; TTFT range 0.29066666666666663 - 1.1626666666666665 s
Qualcomm,Snapdragon® X2 Elite,,Gemma-4-E4B-it,text-generation,ctx 512,q4_0,tokens_per_s,16.218531,tokens/s,GENIEX_LLAMACPP,https://huggingface.co/qualcomm/Gemma-4-E4B-it,official: Qualcomm AI Hub HF card; device chipset as stated 'Snapdragon® X2 Elite'; context length 512; TTFT range 0.291628 - 1.166512 s
Qualcomm,Snapdragon® X2 Elite,,Gemma-4-E4B-it,text-generation,ctx 512,q4_0,tokens_per_s,16.145522,tokens/s,GENIEX_LLAMACPP,https://huggingface.co/qualcomm/Gemma-4-E4B-it,official: Qualcomm AI Hub HF card; device chipset as stated 'Snapdragon® X2 Elite'; context length 512; TTFT range 0.102197 - 0.408788 s
Qualcomm,Snapdragon® X2 Elite,,Gemma-4-E4B-it,text-generation,ctx 4096,q4_0,tokens_per_s,25.823924,tokens/s,GENIEX_LLAMACPP,https://huggingface.co/qualcomm/Gemma-4-E4B-it,official: Qualcomm AI Hub HF card; device chipset as stated 'Snapdragon® X2 Elite'; context length 4096; TTFT range 0.36572687096774187 - 11.70325987096774 s
Qualcomm,Snapdragon® X2 Elite,,Gemma-4-E4B-it,text-generation,ctx 4096,q4_0,tokens_per_s,13.554605,tokens/s,GENIEX_LLAMACPP,https://huggingface.co/qualcomm/Gemma-4-E4B-it,official: Qualcomm AI Hub HF card; device chipset as stated 'Snapdragon® X2 Elite'; context length 4096; TTFT range 0.31662596774193547 - 10.132030967741935 s
Qualcomm,Snapdragon® X2 Elite,,Gemma-4-E4B-it,text-generation,ctx 4096,q4_0,tokens_per_s,15.877584,tokens/s,GENIEX_LLAMACPP,https://huggingface.co/qualcomm/Gemma-4-E4B-it,official: Qualcomm AI Hub HF card; device chipset as stated 'Snapdragon® X2 Elite'; context length 4096; TTFT range 0.10571687096774193 - 3.382939870967742 s
Qualcomm,Snapdragon® X Elite,,Gemma-4-E4B-it,text-generation,ctx 512,q4_0,tokens_per_s,27.931407,tokens/s,GENIEX_LLAMACPP,https://huggingface.co/qualcomm/Gemma-4-E4B-it,official: Qualcomm AI Hub HF card; device chipset as stated 'Snapdragon® X Elite'; context length 512; TTFT range 0.48403566666666664 - 1.9361426666666666 s
Qualcomm,Snapdragon® X Elite,,Gemma-4-E4B-it,text-generation,ctx 512,q4_0,tokens_per_s,16.844902,tokens/s,GENIEX_LLAMACPP,https://huggingface.co/qualcomm/Gemma-4-E4B-it,official: Qualcomm AI Hub HF card; device chipset as stated 'Snapdragon® X Elite'; context length 512; TTFT range 0.5613933333333333 - 2.245573333333333 s
Qualcomm,Snapdragon® X Elite,,Gemma-4-E4B-it,text-generation,ctx 512,q4_0,tokens_per_s,10.97035,tokens/s,GENIEX_LLAMACPP,https://huggingface.co/qualcomm/Gemma-4-E4B-it,official: Qualcomm AI Hub HF card; device chipset as stated 'Snapdragon® X Elite'; context length 512; TTFT range 0.24684566666666666 - 0.9873826666666666 s
Qualcomm,Snapdragon® X Elite,,Gemma-4-E4B-it,text-generation,ctx 4096,q4_0,tokens_per_s,21.643968,tokens/s,GENIEX_LLAMACPP,https://huggingface.co/qualcomm/Gemma-4-E4B-it,official: Qualcomm AI Hub HF card; device chipset as stated 'Snapdragon® X Elite'; context length 4096; TTFT range 0.817821064516129 - 26.17027406451613 s
Qualcomm,Snapdragon® X Elite,,Gemma-4-E4B-it,text-generation,ctx 4096,q4_0,tokens_per_s,13.121695,tokens/s,GENIEX_LLAMACPP,https://huggingface.co/qualcomm/Gemma-4-E4B-it,official: Qualcomm AI Hub HF card; device chipset as stated 'Snapdragon® X Elite'; context length 4096; TTFT range 0.6896633225806451 - 22.069226322580644 s
Qualcomm,Snapdragon® X Elite,,Gemma-4-E4B-it,text-generation,ctx 4096,q4_0,tokens_per_s,9.931811,tokens/s,GENIEX_LLAMACPP,https://huggingface.co/qualcomm/Gemma-4-E4B-it,official: Qualcomm AI Hub HF card; device chipset as stated 'Snapdragon® X Elite'; context length 4096; TTFT range 0.23839499999999997 - 7.628639999999999 s
Qualcomm,Qualcomm® Dragonwing™ IQ-8275,,Gemma-4-E4B-it,text-generation,ctx 512,q4_0,tokens_per_s,6.30344,tokens/s,GENIEX_LLAMACPP,https://huggingface.co/qualcomm/Gemma-4-E4B-it,official: Qualcomm AI Hub HF card; device chipset as stated 'Qualcomm® Dragonwing™ IQ-8275'; context length 512; TTFT range 4.350470666666666 - 17.401882666666666 s
Qualcomm,Qualcomm® Dragonwing™ IQ-8275,,Gemma-4-E4B-it,text-generation,ctx 512,q4_0,tokens_per_s,1.754613,tokens/s,GENIEX_LLAMACPP,https://huggingface.co/qualcomm/Gemma-4-E4B-it,official: Qualcomm AI Hub HF card; device chipset as stated 'Qualcomm® Dragonwing™ IQ-8275'; context length 512; TTFT range 6.338600333333333 - 25.354401333333332 s
Qualcomm,Qualcomm® Dragonwing™ IQ-8275,,Gemma-4-E4B-it,text-generation,ctx 512,q4_0,tokens_per_s,1.39194,tokens/s,GENIEX_LLAMACPP,https://huggingface.co/qualcomm/Gemma-4-E4B-it,official: Qualcomm AI Hub HF card; device chipset as stated 'Qualcomm® Dragonwing™ IQ-8275'; context length 512; TTFT range 0.676997 - 2.707988 s
Qualcomm,Qualcomm® Dragonwing™ IQ-8275,,Gemma-4-E4B-it,text-generation,ctx 4096,q4_0,tokens_per_s,3.513769,tokens/s,GENIEX_LLAMACPP,https://huggingface.co/qualcomm/Gemma-4-E4B-it,official: Qualcomm AI Hub HF card; device chipset as stated 'Qualcomm® Dragonwing™ IQ-8275'; context length 4096; TTFT range 5.411270838709677 - 173.16066683870966 s
Qualcomm,Qualcomm® Dragonwing™ IQ-8275,,Gemma-4-E4B-it,text-generation,ctx 4096,q4_0,tokens_per_s,1.4437,tokens/s,GENIEX_LLAMACPP,https://huggingface.co/qualcomm/Gemma-4-E4B-it,official: Qualcomm AI Hub HF card; device chipset as stated 'Qualcomm® Dragonwing™ IQ-8275'; context length 4096; TTFT range 7.12685729032258 - 228.05943329032257 s
Qualcomm,Qualcomm® Dragonwing™ IQ-8275,,Gemma-4-E4B-it,text-generation,ctx 4096,q4_0,tokens_per_s,1.380948,tokens/s,GENIEX_LLAMACPP,https://huggingface.co/qualcomm/Gemma-4-E4B-it,official: Qualcomm AI Hub HF card; device chipset as stated 'Qualcomm® Dragonwing™ IQ-8275'; context length 4096; TTFT range 0.49993090322580647 - 15.997788903225807 s
Qualcomm,Qualcomm® Dragonwing™ IQ-9075,,Gemma-4-E4B-it,text-generation,ctx 512,q4_0,tokens_per_s,13.439978,tokens/s,GENIEX_LLAMACPP,https://huggingface.co/qualcomm/Gemma-4-E4B-it,official: Qualcomm AI Hub HF card; device chipset as stated 'Qualcomm® Dragonwing™ IQ-9075'; context length 512; TTFT range 1.7480915 - 6.992366 s
Qualcomm,Qualcomm® Dragonwing™ IQ-9075,,Gemma-4-E4B-it,text-generation,ctx 512,q4_0,tokens_per_s,13.431804,tokens/s,GENIEX_LLAMACPP,https://huggingface.co/qualcomm/Gemma-4-E4B-it,official: Qualcomm AI Hub HF card; device chipset as stated 'Qualcomm® Dragonwing™ IQ-9075'; context length 512; TTFT range 1.75437625 - 7.017505 s
Qualcomm,Qualcomm® Dragonwing™ IQ-9075,,Gemma-4-E4B-it,text-generation,ctx 512,q4_0,tokens_per_s,8.859328,tokens/s,GENIEX_LLAMACPP,https://huggingface.co/qualcomm/Gemma-4-E4B-it,official: Qualcomm AI Hub HF card; device chipset as stated 'Qualcomm® Dragonwing™ IQ-9075'; context length 512; TTFT range 0.3919085 - 1.567634 s
Qualcomm,Qualcomm® Dragonwing™ IQ-X7181,,Gemma-4-E4B-it,text-generation,ctx 512,q4_0,tokens_per_s,27.931407,tokens/s,GENIEX_LLAMACPP,https://huggingface.co/qualcomm/Gemma-4-E4B-it,official: Qualcomm AI Hub HF card; device chipset as stated 'Qualcomm® Dragonwing™ IQ-X7181'; context length 512; TTFT range 0.48403566666666664 - 1.9361426666666666 s
Qualcomm,Qualcomm® Dragonwing™ IQ-X7181,,Gemma-4-E4B-it,text-generation,ctx 512,q4_0,tokens_per_s,16.844902,tokens/s,GENIEX_LLAMACPP,https://huggingface.co/qualcomm/Gemma-4-E4B-it,official: Qualcomm AI Hub HF card; device chipset as stated 'Qualcomm® Dragonwing™ IQ-X7181'; context length 512; TTFT range 0.5613933333333333 - 2.245573333333333 s
Qualcomm,Qualcomm® Dragonwing™ IQ-X7181,,Gemma-4-E4B-it,text-generation,ctx 512,q4_0,tokens_per_s,10.97035,tokens/s,GENIEX_LLAMACPP,https://huggingface.co/qualcomm/Gemma-4-E4B-it,official: Qualcomm AI Hub HF card; device chipset as stated 'Qualcomm® Dragonwing™ IQ-X7181'; context length 512; TTFT range 0.24684566666666666 - 0.9873826666666666 s
Qualcomm,Qualcomm® Dragonwing™ Q-8750,,Gemma-4-E4B-it,text-generation,ctx 512,q4_0,tokens_per_s,17.193389,tokens/s,GENIEX_LLAMACPP,https://huggingface.co/qualcomm/Gemma-4-E4B-it,official: Qualcomm AI Hub HF card; device chipset as stated 'Qualcomm® Dragonwing™ Q-8750'; context length 512; TTFT range 1.2445173333333333 - 4.978069333333333 s
Qualcomm,Qualcomm® Dragonwing™ Q-8750,,Gemma-4-E4B-it,text-generation,ctx 512,q4_0,tokens_per_s,14.849922,tokens/s,GENIEX_LLAMACPP,https://huggingface.co/qualcomm/Gemma-4-E4B-it,official: Qualcomm AI Hub HF card; device chipset as stated 'Qualcomm® Dragonwing™ Q-8750'; context length 512; TTFT range 0.6911736666666667 - 2.7646946666666667 s
Qualcomm,Qualcomm® Dragonwing™ Q-8750,,Gemma-4-E4B-it,text-generation,ctx 512,q4_0,tokens_per_s,14.937384,tokens/s,GENIEX_LLAMACPP,https://huggingface.co/qualcomm/Gemma-4-E4B-it,official: Qualcomm AI Hub HF card; device chipset as stated 'Qualcomm® Dragonwing™ Q-8750'; context length 512; TTFT range 0.13882733333333333 - 0.5553093333333333 s
Qualcomm,Qualcomm® Dragonwing™ IQ-9075,,Gemma-4-E4B-it,text-generation,ctx 4096,q4_0,tokens_per_s,10.071341,tokens/s,GENIEX_LLAMACPP,https://huggingface.co/qualcomm/Gemma-4-E4B-it,official: Qualcomm AI Hub HF card; device chipset as stated 'Qualcomm® Dragonwing™ IQ-9075'; context length 4096; TTFT range 2.1266885312499997 - 68.05403299999999 s
Qualcomm,Qualcomm® Dragonwing™ IQ-9075,,Gemma-4-E4B-it,text-generation,ctx 4096,q4_0,tokens_per_s,10.054127,tokens/s,GENIEX_LLAMACPP,https://huggingface.co/qualcomm/Gemma-4-E4B-it,official: Qualcomm AI Hub HF card; device chipset as stated 'Qualcomm® Dragonwing™ IQ-9075'; context length 4096; TTFT range 2.0949564375 - 67.038606 s
Qualcomm,Qualcomm® Dragonwing™ IQ-9075,,Gemma-4-E4B-it,text-generation,ctx 4096,q4_0,tokens_per_s,7.626485,tokens/s,GENIEX_LLAMACPP,https://huggingface.co/qualcomm/Gemma-4-E4B-it,official: Qualcomm AI Hub HF card; device chipset as stated 'Qualcomm® Dragonwing™ IQ-9075'; context length 4096; TTFT range 0.5007065625 - 16.02261 s
Qualcomm,Qualcomm® Dragonwing™ IQ-X7181,,Gemma-4-E4B-it,text-generation,ctx 4096,q4_0,tokens_per_s,21.643968,tokens/s,GENIEX_LLAMACPP,https://huggingface.co/qualcomm/Gemma-4-E4B-it,official: Qualcomm AI Hub HF card; device chipset as stated 'Qualcomm® Dragonwing™ IQ-X7181'; context length 4096; TTFT range 0.817821064516129 - 26.17027406451613 s
Qualcomm,Qualcomm® Dragonwing™ IQ-X7181,,Gemma-4-E4B-it,text-generation,ctx 4096,q4_0,tokens_per_s,13.121695,tokens/s,GENIEX_LLAMACPP,https://huggingface.co/qualcomm/Gemma-4-E4B-it,official: Qualcomm AI Hub HF card; device chipset as stated 'Qualcomm® Dragonwing™ IQ-X7181'; context length 4096; TTFT range 0.6896633225806451 - 22.069226322580644 s
Qualcomm,Qualcomm® Dragonwing™ IQ-X7181,,Gemma-4-E4B-it,text-generation,ctx 4096,q4_0,tokens_per_s,9.931811,tokens/s,GENIEX_LLAMACPP,https://huggingface.co/qualcomm/Gemma-4-E4B-it,official: Qualcomm AI Hub HF card; device chipset as stated 'Qualcomm® Dragonwing™ IQ-X7181'; context length 4096; TTFT range 0.23839499999999997 - 7.628639999999999 s
Qualcomm,Qualcomm® Dragonwing™ Q-8750,,Gemma-4-E4B-it,text-generation,ctx 4096,q4_0,tokens_per_s,11.908334,tokens/s,GENIEX_LLAMACPP,https://huggingface.co/qualcomm/Gemma-4-E4B-it,official: Qualcomm AI Hub HF card; device chipset as stated 'Qualcomm® Dragonwing™ Q-8750'; context length 4096; TTFT range 2.243354870967742 - 71.78735587096774 s
Qualcomm,Qualcomm® Dragonwing™ Q-8750,,Gemma-4-E4B-it,text-generation,ctx 4096,q4_0,tokens_per_s,11.831827,tokens/s,GENIEX_LLAMACPP,https://huggingface.co/qualcomm/Gemma-4-E4B-it,official: Qualcomm AI Hub HF card; device chipset as stated 'Qualcomm® Dragonwing™ Q-8750'; context length 4096; TTFT range 0.9855867741935483 - 31.538776774193547 s
Qualcomm,Qualcomm® Dragonwing™ Q-8750,,Gemma-4-E4B-it,text-generation,ctx 4096,q4_0,tokens_per_s,13.356142,tokens/s,GENIEX_LLAMACPP,https://huggingface.co/qualcomm/Gemma-4-E4B-it,official: Qualcomm AI Hub HF card; device chipset as stated 'Qualcomm® Dragonwing™ Q-8750'; context length 4096; TTFT range 0.17591751612903225 - 5.629360516129032 s
Qualcomm,Snapdragon® 8 Elite Gen 5 For Galaxy Mobile,,Gemma-4-E4B-it,text-generation,ctx 4096,w4a16,tokens_per_s,10.06566,tokens/s,GENIEX_QAIRT,https://huggingface.co/qualcomm/Gemma-4-E4B-it,official: Qualcomm AI Hub HF card; device chipset as stated 'Snapdragon® 8 Elite Gen 5 For Galaxy Mobile'; context length 4096; TTFT range 0.212921 - 6.813472 s
Qualcomm,Snapdragon® 8 Elite For Galaxy Mobile,,Gemma-4-E4B-it,text-generation,ctx 4096,w4a16,tokens_per_s,9.46079,tokens/s,GENIEX_QAIRT,https://huggingface.co/qualcomm/Gemma-4-E4B-it,official: Qualcomm AI Hub HF card; device chipset as stated 'Snapdragon® 8 Elite For Galaxy Mobile'; context length 4096; TTFT range 0.224805 - 7.19376 s
Qualcomm,Snapdragon® X2 Elite,,Gemma-4-E4B-it,text-generation,ctx 4096,w4a16,tokens_per_s,3.332254,tokens/s,GENIEX_QAIRT,https://huggingface.co/qualcomm/Gemma-4-E4B-it,official: Qualcomm AI Hub HF card; device chipset as stated 'Snapdragon® X2 Elite'; context length 4096; TTFT range 0.473288 - 15.145216 s
Qualcomm,Snapdragon® X Elite,,Gemma-4-E4B-it,text-generation,ctx 4096,w4a16,tokens_per_s,3.359994,tokens/s,GENIEX_QAIRT,https://huggingface.co/qualcomm/Gemma-4-E4B-it,official: Qualcomm AI Hub HF card; device chipset as stated 'Snapdragon® X Elite'; context length 4096; TTFT range 0.478757 - 15.320224 s
Qualcomm,Qualcomm® Dragonwing™ IQ-8275,,Gemma-4-E4B-it,text-generation,ctx 4096,w4a16,tokens_per_s,8.627458,tokens/s,GENIEX_QAIRT,https://huggingface.co/qualcomm/Gemma-4-E4B-it,official: Qualcomm AI Hub HF card; device chipset as stated 'Qualcomm® Dragonwing™ IQ-8275'; context length 4096; TTFT range 0.26519600000000004 - 8.486272000000001 s
Qualcomm,Qualcomm® Dragonwing™ IQ-9075,,Gemma-4-E4B-it,text-generation,ctx 4096,w4a16,tokens_per_s,7.919412,tokens/s,GENIEX_QAIRT,https://huggingface.co/qualcomm/Gemma-4-E4B-it,official: Qualcomm AI Hub HF card; device chipset as stated 'Qualcomm® Dragonwing™ IQ-9075'; context length 4096; TTFT range 0.277694 - 8.886208 s
Qualcomm,Qualcomm® Dragonwing™ IQ-X7181,,Gemma-4-E4B-it,text-generation,ctx 4096,w4a16,tokens_per_s,3.359994,tokens/s,GENIEX_QAIRT,https://huggingface.co/qualcomm/Gemma-4-E4B-it,official: Qualcomm AI Hub HF card; device chipset as stated 'Qualcomm® Dragonwing™ IQ-X7181'; context length 4096; TTFT range 0.478757 - 15.320224 s
Qualcomm,Qualcomm® Dragonwing™ Q-8750,,Gemma-4-E4B-it,text-generation,ctx 4096,w4a16,tokens_per_s,9.46079,tokens/s,GENIEX_QAIRT,https://huggingface.co/qualcomm/Gemma-4-E4B-it,official: Qualcomm AI Hub HF card; device chipset as stated 'Qualcomm® Dragonwing™ Q-8750'; context length 4096; TTFT range 0.224805 - 7.19376 s
Qualcomm,Snapdragon® 8 Elite Gen 5 For Galaxy Mobile,,Granite-4.0-Micro,text-generation,ctx 512,q4_0,tokens_per_s,25.511201,tokens/s,GENIEX_LLAMACPP,https://huggingface.co/qualcomm/Granite-4.0-Micro,official: Qualcomm AI Hub HF card; device chipset as stated 'Snapdragon® 8 Elite Gen 5 For Galaxy Mobile'; context length 512; TTFT range 0.7986566666666666 - 3.1946266666666663 s
Qualcomm,Snapdragon® 8 Elite Gen 5 For Galaxy Mobile,,Granite-4.0-Micro,text-generation,ctx 512,q4_0,tokens_per_s,22.446851,tokens/s,GENIEX_LLAMACPP,https://huggingface.co/qualcomm/Granite-4.0-Micro,official: Qualcomm AI Hub HF card; device chipset as stated 'Snapdragon® 8 Elite Gen 5 For Galaxy Mobile'; context length 512; TTFT range 0.49678866666666666 - 1.9871546666666666 s
Qualcomm,Snapdragon® 8 Elite Gen 5 For Galaxy Mobile,,Granite-4.0-Micro,text-generation,ctx 512,q4_0,tokens_per_s,18.111545,tokens/s,GENIEX_LLAMACPP,https://huggingface.co/qualcomm/Granite-4.0-Micro,official: Qualcomm AI Hub HF card; device chipset as stated 'Snapdragon® 8 Elite Gen 5 For Galaxy Mobile'; context length 512; TTFT range 0.19774833333333333 - 0.7909933333333333 s
Qualcomm,Snapdragon® 8 Elite Gen 5 For Galaxy Mobile,,Granite-4.0-Micro,text-generation,ctx 4096,q4_0,tokens_per_s,23.532299,tokens/s,GENIEX_LLAMACPP,https://huggingface.co/qualcomm/Granite-4.0-Micro,official: Qualcomm AI Hub HF card; device chipset as stated 'Snapdragon® 8 Elite Gen 5 For Galaxy Mobile'; context length 4096; TTFT range 1.1548540967741936 - 36.955331096774195 s
Qualcomm,Snapdragon® 8 Elite Gen 5 For Galaxy Mobile,,Granite-4.0-Micro,text-generation,ctx 4096,q4_0,tokens_per_s,17.397706,tokens/s,GENIEX_LLAMACPP,https://huggingface.co/qualcomm/Granite-4.0-Micro,official: Qualcomm AI Hub HF card; device chipset as stated 'Snapdragon® 8 Elite Gen 5 For Galaxy Mobile'; context length 4096; TTFT range 0.8204811290322581 - 26.25539612903226 s
Qualcomm,Snapdragon® 8 Elite Gen 5 For Galaxy Mobile,,Granite-4.0-Micro,text-generation,ctx 4096,q4_0,tokens_per_s,13.732114,tokens/s,GENIEX_LLAMACPP,https://huggingface.co/qualcomm/Granite-4.0-Micro,official: Qualcomm AI Hub HF card; device chipset as stated 'Snapdragon® 8 Elite Gen 5 For Galaxy Mobile'; context length 4096; TTFT range 0.29203270967741934 - 9.345046709677419 s
Qualcomm,Snapdragon® X2 Elite,,Granite-4.0-Micro,text-generation,ctx 512,q4_0,tokens_per_s,43.451812,tokens/s,GENIEX_LLAMACPP,https://huggingface.co/qualcomm/Granite-4.0-Micro,official: Qualcomm AI Hub HF card; device chipset as stated 'Snapdragon® X2 Elite'; context length 512; TTFT range 0.2649713333333333 - 1.0598853333333331 s
Qualcomm,Snapdragon® X2 Elite,,Granite-4.0-Micro,text-generation,ctx 512,q4_0,tokens_per_s,21.465781,tokens/s,GENIEX_LLAMACPP,https://huggingface.co/qualcomm/Granite-4.0-Micro,official: Qualcomm AI Hub HF card; device chipset as stated 'Snapdragon® X2 Elite'; context length 512; TTFT range 0.27547299999999997 - 1.1018919999999999 s
Qualcomm,Snapdragon® X2 Elite,,Granite-4.0-Micro,text-generation,ctx 512,q4_0,tokens_per_s,15.783036,tokens/s,GENIEX_LLAMACPP,https://huggingface.co/qualcomm/Granite-4.0-Micro,official: Qualcomm AI Hub HF card; device chipset as stated 'Snapdragon® X2 Elite'; context length 512; TTFT range 0.16830266666666666 - 0.6732106666666666 s
Qualcomm,Snapdragon® X2 Elite,,Granite-4.0-Micro,text-generation,ctx 4096,q4_0,tokens_per_s,40.183774,tokens/s,GENIEX_LLAMACPP,https://huggingface.co/qualcomm/Granite-4.0-Micro,official: Qualcomm AI Hub HF card; device chipset as stated 'Snapdragon® X2 Elite'; context length 4096; TTFT range 0.2600884838709678 - 8.322831483870969 s
Qualcomm,Snapdragon® X2 Elite,,Granite-4.0-Micro,text-generation,ctx 4096,q4_0,tokens_per_s,18.901314,tokens/s,GENIEX_LLAMACPP,https://huggingface.co/qualcomm/Granite-4.0-Micro,official: Qualcomm AI Hub HF card; device chipset as stated 'Snapdragon® X2 Elite'; context length 4096; TTFT range 0.2853414838709677 - 9.130927483870966 s
Qualcomm,Snapdragon® X2 Elite,,Granite-4.0-Micro,text-generation,ctx 4096,q4_0,tokens_per_s,12.796386,tokens/s,GENIEX_LLAMACPP,https://huggingface.co/qualcomm/Granite-4.0-Micro,official: Qualcomm AI Hub HF card; device chipset as stated 'Snapdragon® X2 Elite'; context length 4096; TTFT range 0.16912774193548386 - 5.412087741935483 s
Qualcomm,Snapdragon® X Elite,,Granite-4.0-Micro,text-generation,ctx 512,q4_0,tokens_per_s,19.042178,tokens/s,GENIEX_LLAMACPP,https://huggingface.co/qualcomm/Granite-4.0-Micro,official: Qualcomm AI Hub HF card; device chipset as stated 'Snapdragon® X Elite'; context length 512; TTFT range 0.8285933333333334 - 3.3143733333333336 s
Qualcomm,Snapdragon® X Elite,,Granite-4.0-Micro,text-generation,ctx 512,q4_0,tokens_per_s,24.946346,tokens/s,GENIEX_LLAMACPP,https://huggingface.co/qualcomm/Granite-4.0-Micro,official: Qualcomm AI Hub HF card; device chipset as stated 'Snapdragon® X Elite'; context length 512; TTFT range 0.5435570000000001 - 2.1742280000000003 s
Qualcomm,Snapdragon® X Elite,,Granite-4.0-Micro,text-generation,ctx 512,q4_0,tokens_per_s,7.57187,tokens/s,GENIEX_LLAMACPP,https://huggingface.co/qualcomm/Granite-4.0-Micro,official: Qualcomm AI Hub HF card; device chipset as stated 'Snapdragon® X Elite'; context length 512; TTFT range 0.45771866666666666 - 1.8308746666666667 s
Qualcomm,Snapdragon® X Elite,,Granite-4.0-Micro,text-generation,ctx 4096,q4_0,tokens_per_s,28.578077,tokens/s,GENIEX_LLAMACPP,https://huggingface.co/qualcomm/Granite-4.0-Micro,official: Qualcomm AI Hub HF card; device chipset as stated 'Snapdragon® X Elite'; context length 4096; TTFT range 0.7872631935483871 - 25.19242219354839 s
Qualcomm,Snapdragon® X Elite,,Granite-4.0-Micro,text-generation,ctx 4096,q4_0,tokens_per_s,21.913417,tokens/s,GENIEX_LLAMACPP,https://huggingface.co/qualcomm/Granite-4.0-Micro,official: Qualcomm AI Hub HF card; device chipset as stated 'Snapdragon® X Elite'; context length 4096; TTFT range 0.5831270322580644 - 18.66006503225806 s
Qualcomm,Snapdragon® X Elite,,Granite-4.0-Micro,text-generation,ctx 4096,q4_0,tokens_per_s,6.746864,tokens/s,GENIEX_LLAMACPP,https://huggingface.co/qualcomm/Granite-4.0-Micro,official: Qualcomm AI Hub HF card; device chipset as stated 'Snapdragon® X Elite'; context length 4096; TTFT range 0.6111447741935484 - 19.55663277419355 s
Qualcomm,Qualcomm® Dragonwing™ IQ-8275,,Granite-4.0-Micro,text-generation,ctx 512,q4_0,tokens_per_s,8.884934,tokens/s,GENIEX_LLAMACPP,https://huggingface.co/qualcomm/Granite-4.0-Micro,official: Qualcomm AI Hub HF card; device chipset as stated 'Qualcomm® Dragonwing™ IQ-8275'; context length 512; TTFT range 3.9245596666666667 - 15.698238666666667 s
Qualcomm,Qualcomm® Dragonwing™ IQ-8275,,Granite-4.0-Micro,text-generation,ctx 512,q4_0,tokens_per_s,3.53597,tokens/s,GENIEX_LLAMACPP,https://huggingface.co/qualcomm/Granite-4.0-Micro,official: Qualcomm AI Hub HF card; device chipset as stated 'Qualcomm® Dragonwing™ IQ-8275'; context length 512; TTFT range 12.026639666666666 - 48.106558666666665 s
Qualcomm,Qualcomm® Dragonwing™ IQ-8275,,Granite-4.0-Micro,text-generation,ctx 512,q4_0,tokens_per_s,5.443207,tokens/s,GENIEX_LLAMACPP,https://huggingface.co/qualcomm/Granite-4.0-Micro,official: Qualcomm AI Hub HF card; device chipset as stated 'Qualcomm® Dragonwing™ IQ-8275'; context length 512; TTFT range 1.1636513333333331 - 4.654605333333333 s
Qualcomm,Qualcomm® Dragonwing™ IQ-8275,,Granite-4.0-Micro,text-generation,ctx 4096,q4_0,tokens_per_s,7.190223,tokens/s,GENIEX_LLAMACPP,https://huggingface.co/qualcomm/Granite-4.0-Micro,official: Qualcomm AI Hub HF card; device chipset as stated 'Qualcomm® Dragonwing™ IQ-8275'; context length 4096; TTFT range 4.759664580645161 - 152.30926658064516 s
Qualcomm,Qualcomm® Dragonwing™ IQ-8275,,Granite-4.0-Micro,text-generation,ctx 4096,q4_0,tokens_per_s,3.394532,tokens/s,GENIEX_LLAMACPP,https://huggingface.co/qualcomm/Granite-4.0-Micro,official: Qualcomm AI Hub HF card; device chipset as stated 'Qualcomm® Dragonwing™ IQ-8275'; context length 4096; TTFT range 12.195987483870967 - 390.27159948387094 s
Qualcomm,Qualcomm® Dragonwing™ IQ-8275,,Granite-4.0-Micro,text-generation,ctx 4096,q4_0,tokens_per_s,5.587816,tokens/s,GENIEX_LLAMACPP,https://huggingface.co/qualcomm/Granite-4.0-Micro,official: Qualcomm AI Hub HF card; device chipset as stated 'Qualcomm® Dragonwing™ IQ-8275'; context length 4096; TTFT range 1.1214709677419354 - 35.887070967741934 s
Qualcomm,Qualcomm® Dragonwing™ IQ-X7181,,Granite-4.0-Micro,text-generation,ctx 512,q4_0,tokens_per_s,19.042178,tokens/s,GENIEX_LLAMACPP,https://huggingface.co/qualcomm/Granite-4.0-Micro,official: Qualcomm AI Hub HF card; device chipset as stated 'Qualcomm® Dragonwing™ IQ-X7181'; context length 512; TTFT range 0.8285933333333334 - 3.3143733333333336 s
Qualcomm,Qualcomm® Dragonwing™ IQ-X7181,,Granite-4.0-Micro,text-generation,ctx 512,q4_0,tokens_per_s,24.946346,tokens/s,GENIEX_LLAMACPP,https://huggingface.co/qualcomm/Granite-4.0-Micro,official: Qualcomm AI Hub HF card; device chipset as stated 'Qualcomm® Dragonwing™ IQ-X7181'; context length 512; TTFT range 0.5435570000000001 - 2.1742280000000003 s
Qualcomm,Qualcomm® Dragonwing™ IQ-X7181,,Granite-4.0-Micro,text-generation,ctx 512,q4_0,tokens_per_s,7.57187,tokens/s,GENIEX_LLAMACPP,https://huggingface.co/qualcomm/Granite-4.0-Micro,official: Qualcomm AI Hub HF card; device chipset as stated 'Qualcomm® Dragonwing™ IQ-X7181'; context length 512; TTFT range 0.45771866666666666 - 1.8308746666666667 s
Qualcomm,Qualcomm® Dragonwing™ Q-8750,,Granite-4.0-Micro,text-generation,ctx 512,q4_0,tokens_per_s,27.25256,tokens/s,GENIEX_LLAMACPP,https://huggingface.co/qualcomm/Granite-4.0-Micro,official: Qualcomm AI Hub HF card; device chipset as stated 'Qualcomm® Dragonwing™ Q-8750'; context length 512; TTFT range 0.7220270000000001 - 2.8881080000000003 s
Qualcomm,Qualcomm® Dragonwing™ Q-8750,,Granite-4.0-Micro,text-generation,ctx 512,q4_0,tokens_per_s,8.452642,tokens/s,GENIEX_LLAMACPP,https://huggingface.co/qualcomm/Granite-4.0-Micro,official: Qualcomm AI Hub HF card; device chipset as stated 'Qualcomm® Dragonwing™ Q-8750'; context length 512; TTFT range 0.641794 - 2.567176 s
Qualcomm,Qualcomm® Dragonwing™ Q-8750,,Granite-4.0-Micro,text-generation,ctx 512,q4_0,tokens_per_s,14.889491,tokens/s,GENIEX_LLAMACPP,https://huggingface.co/qualcomm/Granite-4.0-Micro,official: Qualcomm AI Hub HF card; device chipset as stated 'Qualcomm® Dragonwing™ Q-8750'; context length 512; TTFT range 0.24504266666666666 - 0.9801706666666666 s
Qualcomm,Qualcomm® Dragonwing™ IQ-X7181,,Granite-4.0-Micro,text-generation,ctx 4096,q4_0,tokens_per_s,28.578077,tokens/s,GENIEX_LLAMACPP,https://huggingface.co/qualcomm/Granite-4.0-Micro,official: Qualcomm AI Hub HF card; device chipset as stated 'Qualcomm® Dragonwing™ IQ-X7181'; context length 4096; TTFT range 0.7872631935483871 - 25.19242219354839 s
Qualcomm,Qualcomm® Dragonwing™ IQ-X7181,,Granite-4.0-Micro,text-generation,ctx 4096,q4_0,tokens_per_s,21.913417,tokens/s,GENIEX_LLAMACPP,https://huggingface.co/qualcomm/Granite-4.0-Micro,official: Qualcomm AI Hub HF card; device chipset as stated 'Qualcomm® Dragonwing™ IQ-X7181'; context length 4096; TTFT range 0.5831270322580644 - 18.66006503225806 s
Qualcomm,Qualcomm® Dragonwing™ IQ-X7181,,Granite-4.0-Micro,text-generation,ctx 4096,q4_0,tokens_per_s,6.746864,tokens/s,GENIEX_LLAMACPP,https://huggingface.co/qualcomm/Granite-4.0-Micro,official: Qualcomm AI Hub HF card; device chipset as stated 'Qualcomm® Dragonwing™ IQ-X7181'; context length 4096; TTFT range 0.6111447741935484 - 19.55663277419355 s
Qualcomm,Qualcomm® Dragonwing™ Q-8750,,Granite-4.0-Micro,text-generation,ctx 4096,q4_0,tokens_per_s,24.078399,tokens/s,GENIEX_LLAMACPP,https://huggingface.co/qualcomm/Granite-4.0-Micro,official: Qualcomm AI Hub HF card; device chipset as stated 'Qualcomm® Dragonwing™ Q-8750'; context length 4096; TTFT range 0.9540022580645161 - 30.528072258064515 s
Qualcomm,Qualcomm® Dragonwing™ Q-8750,,Granite-4.0-Micro,text-generation,ctx 4096,q4_0,tokens_per_s,8.394046,tokens/s,GENIEX_LLAMACPP,https://huggingface.co/qualcomm/Granite-4.0-Micro,official: Qualcomm AI Hub HF card; device chipset as stated 'Qualcomm® Dragonwing™ Q-8750'; context length 4096; TTFT range 0.6556692903225807 - 20.981417290322582 s
Qualcomm,Qualcomm® Dragonwing™ Q-8750,,Granite-4.0-Micro,text-generation,ctx 4096,q4_0,tokens_per_s,13.762181,tokens/s,GENIEX_LLAMACPP,https://huggingface.co/qualcomm/Granite-4.0-Micro,official: Qualcomm AI Hub HF card; device chipset as stated 'Qualcomm® Dragonwing™ Q-8750'; context length 4096; TTFT range 0.2654138709677419 - 8.49324387096774 s
Qualcomm,Snapdragon® 8 Elite Gen 5 For Galaxy Mobile,,HRNetPose,keypoint-detection,256x192,float,latency_ms,1.265,ms,ONNX,https://huggingface.co/qualcomm/HRNetPose,official: Qualcomm AI Hub HF card; device chipset as stated 'Snapdragon® 8 Elite Gen 5 For Galaxy Mobile'; peak memory 1 - 93 MB; compute unit NPU
Qualcomm,Snapdragon® 8 Elite For Galaxy Mobile,,HRNetPose,keypoint-detection,256x192,float,latency_ms,1.456,ms,ONNX,https://huggingface.co/qualcomm/HRNetPose,official: Qualcomm AI Hub HF card; device chipset as stated 'Snapdragon® 8 Elite For Galaxy Mobile'; peak memory 0 - 91 MB; compute unit NPU
Qualcomm,Snapdragon® X2 Elite,,HRNetPose,keypoint-detection,256x192,float,latency_ms,1.282,ms,ONNX,https://huggingface.co/qualcomm/HRNetPose,official: Qualcomm AI Hub HF card; device chipset as stated 'Snapdragon® X2 Elite'; peak memory 2 - 2 MB; compute unit NPU
Qualcomm,Snapdragon® X Elite,,HRNetPose,keypoint-detection,256x192,float,latency_ms,2.373,ms,ONNX,https://huggingface.co/qualcomm/HRNetPose,official: Qualcomm AI Hub HF card; device chipset as stated 'Snapdragon® X Elite'; peak memory 56 - 56 MB; compute unit NPU
Qualcomm,Snapdragon® 8 Gen 3 Mobile,,HRNetPose,keypoint-detection,256x192,float,latency_ms,1.807,ms,ONNX,https://huggingface.co/qualcomm/HRNetPose,official: Qualcomm AI Hub HF card; device chipset as stated 'Snapdragon® 8 Gen 3 Mobile'; peak memory 0 - 144 MB; compute unit NPU
Qualcomm,Snapdragon® 8 Elite Gen 5 For Galaxy Mobile,,HRNetPose,keypoint-detection,256x192,w8a16,latency_ms,0.819,ms,ONNX,https://huggingface.co/qualcomm/HRNetPose,official: Qualcomm AI Hub HF card; device chipset as stated 'Snapdragon® 8 Elite Gen 5 For Galaxy Mobile'; peak memory 0 - 140 MB; compute unit NPU
Qualcomm,Snapdragon® 8 Elite For Galaxy Mobile,,HRNetPose,keypoint-detection,256x192,w8a16,latency_ms,0.956,ms,ONNX,https://huggingface.co/qualcomm/HRNetPose,official: Qualcomm AI Hub HF card; device chipset as stated 'Snapdragon® 8 Elite For Galaxy Mobile'; peak memory 0 - 137 MB; compute unit NPU
Qualcomm,Snapdragon® X2 Elite,,HRNetPose,keypoint-detection,256x192,w8a16,latency_ms,1.008,ms,ONNX,https://huggingface.co/qualcomm/HRNetPose,official: Qualcomm AI Hub HF card; device chipset as stated 'Snapdragon® X2 Elite'; peak memory 1 - 1 MB; compute unit NPU
Qualcomm,Snapdragon® X Elite,,HRNetPose,keypoint-detection,256x192,w8a16,latency_ms,1.714,ms,ONNX,https://huggingface.co/qualcomm/HRNetPose,official: Qualcomm AI Hub HF card; device chipset as stated 'Snapdragon® X Elite'; peak memory 28 - 28 MB; compute unit NPU
Qualcomm,Snapdragon® 8 Gen 3 Mobile,,HRNetPose,keypoint-detection,256x192,w8a16,latency_ms,1.229,ms,ONNX,https://huggingface.co/qualcomm/HRNetPose,official: Qualcomm AI Hub HF card; device chipset as stated 'Snapdragon® 8 Gen 3 Mobile'; peak memory 0 - 203 MB; compute unit NPU
Qualcomm,Snapdragon® 8 Elite Gen 5 For Galaxy Mobile,,HRNetPose,keypoint-detection,256x192,w8a8,latency_ms,0.645,ms,ONNX,https://huggingface.co/qualcomm/HRNetPose,official: Qualcomm AI Hub HF card; device chipset as stated 'Snapdragon® 8 Elite Gen 5 For Galaxy Mobile'; peak memory 0 - 130 MB; compute unit NPU
Qualcomm,Snapdragon® 8 Elite For Galaxy Mobile,,HRNetPose,keypoint-detection,256x192,w8a8,latency_ms,0.703,ms,ONNX,https://huggingface.co/qualcomm/HRNetPose,official: Qualcomm AI Hub HF card; device chipset as stated 'Snapdragon® 8 Elite For Galaxy Mobile'; peak memory 0 - 126 MB; compute unit NPU
Qualcomm,Snapdragon® X2 Elite,,HRNetPose,keypoint-detection,256x192,w8a8,latency_ms,0.539,ms,ONNX,https://huggingface.co/qualcomm/HRNetPose,official: Qualcomm AI Hub HF card; device chipset as stated 'Snapdragon® X2 Elite'; peak memory 1 - 1 MB; compute unit NPU
Qualcomm,Snapdragon® X Elite,,HRNetPose,keypoint-detection,256x192,w8a8,latency_ms,1.066,ms,ONNX,https://huggingface.co/qualcomm/HRNetPose,official: Qualcomm AI Hub HF card; device chipset as stated 'Snapdragon® X Elite'; peak memory 28 - 28 MB; compute unit NPU
Qualcomm,Snapdragon® 8 Gen 3 Mobile,,HRNetPose,keypoint-detection,256x192,w8a8,latency_ms,0.848,ms,ONNX,https://huggingface.co/qualcomm/HRNetPose,official: Qualcomm AI Hub HF card; device chipset as stated 'Snapdragon® 8 Gen 3 Mobile'; peak memory 0 - 190 MB; compute unit NPU
Qualcomm,Snapdragon® 8 Elite Gen 5 For Galaxy Mobile,,HRNetPose,keypoint-detection,256x192,float,latency_ms,1.341,ms,QNN_DLC,https://huggingface.co/qualcomm/HRNetPose,official: Qualcomm AI Hub HF card; device chipset as stated 'Snapdragon® 8 Elite Gen 5 For Galaxy Mobile'; peak memory 1 - 77 MB; compute unit NPU
Qualcomm,Snapdragon® 8 Elite For Galaxy Mobile,,HRNetPose,keypoint-detection,256x192,float,latency_ms,1.534,ms,QNN_DLC,https://huggingface.co/qualcomm/HRNetPose,official: Qualcomm AI Hub HF card; device chipset as stated 'Snapdragon® 8 Elite For Galaxy Mobile'; peak memory 0 - 74 MB; compute unit NPU
Qualcomm,Snapdragon® X2 Elite,,HRNetPose,keypoint-detection,256x192,float,latency_ms,1.622,ms,QNN_DLC,https://huggingface.co/qualcomm/HRNetPose,official: Qualcomm AI Hub HF card; device chipset as stated 'Snapdragon® X2 Elite'; peak memory 1 - 1 MB; compute unit NPU
Qualcomm,Snapdragon® X Elite,,HRNetPose,keypoint-detection,256x192,float,latency_ms,2.893,ms,QNN_DLC,https://huggingface.co/qualcomm/HRNetPose,official: Qualcomm AI Hub HF card; device chipset as stated 'Snapdragon® X Elite'; peak memory 1 - 1 MB; compute unit NPU
Qualcomm,Snapdragon® 8 Gen 3 Mobile,,HRNetPose,keypoint-detection,256x192,float,latency_ms,2.002,ms,QNN_DLC,https://huggingface.co/qualcomm/HRNetPose,official: Qualcomm AI Hub HF card; device chipset as stated 'Snapdragon® 8 Gen 3 Mobile'; peak memory 0 - 118 MB; compute unit NPU
Qualcomm,Snapdragon® 8 Elite Gen 5 For Galaxy Mobile,,HRNetPose,keypoint-detection,256x192,w8a16,latency_ms,0.838,ms,QNN_DLC,https://huggingface.co/qualcomm/HRNetPose,official: Qualcomm AI Hub HF card; device chipset as stated 'Snapdragon® 8 Elite Gen 5 For Galaxy Mobile'; peak memory 0 - 108 MB; compute unit NPU
Qualcomm,Snapdragon® 8 Elite For Galaxy Mobile,,HRNetPose,keypoint-detection,256x192,w8a16,latency_ms,1.036,ms,QNN_DLC,https://huggingface.co/qualcomm/HRNetPose,official: Qualcomm AI Hub HF card; device chipset as stated 'Snapdragon® 8 Elite For Galaxy Mobile'; peak memory 0 - 108 MB; compute unit NPU
Qualcomm,Snapdragon® X2 Elite,,HRNetPose,keypoint-detection,256x192,w8a16,latency_ms,1.339,ms,QNN_DLC,https://huggingface.co/qualcomm/HRNetPose,official: Qualcomm AI Hub HF card; device chipset as stated 'Snapdragon® X2 Elite'; peak memory 0 - 0 MB; compute unit NPU
Qualcomm,Snapdragon® X Elite,,HRNetPose,keypoint-detection,256x192,w8a16,latency_ms,2.168,ms,QNN_DLC,https://huggingface.co/qualcomm/HRNetPose,official: Qualcomm AI Hub HF card; device chipset as stated 'Snapdragon® X Elite'; peak memory 0 - 0 MB; compute unit NPU
Qualcomm,Snapdragon® 8 Gen 3 Mobile,,HRNetPose,keypoint-detection,256x192,w8a16,latency_ms,1.392,ms,QNN_DLC,https://huggingface.co/qualcomm/HRNetPose,official: Qualcomm AI Hub HF card; device chipset as stated 'Snapdragon® 8 Gen 3 Mobile'; peak memory 0 - 153 MB; compute unit NPU
Qualcomm,Snapdragon® 8 Elite Gen 5 For Galaxy Mobile,,HRNetPose,keypoint-detection,256x192,w8a8,latency_ms,0.577,ms,QNN_DLC,https://huggingface.co/qualcomm/HRNetPose,official: Qualcomm AI Hub HF card; device chipset as stated 'Snapdragon® 8 Elite Gen 5 For Galaxy Mobile'; peak memory 0 - 97 MB; compute unit NPU
Qualcomm,Snapdragon® 8 Elite For Galaxy Mobile,,HRNetPose,keypoint-detection,256x192,w8a8,latency_ms,0.617,ms,QNN_DLC,https://huggingface.co/qualcomm/HRNetPose,official: Qualcomm AI Hub HF card; device chipset as stated 'Snapdragon® 8 Elite For Galaxy Mobile'; peak memory 0 - 98 MB; compute unit NPU
Qualcomm,Snapdragon® X2 Elite,,HRNetPose,keypoint-detection,256x192,w8a8,latency_ms,0.663,ms,QNN_DLC,https://huggingface.co/qualcomm/HRNetPose,official: Qualcomm AI Hub HF card; device chipset as stated 'Snapdragon® X2 Elite'; peak memory 0 - 0 MB; compute unit NPU
Qualcomm,Snapdragon® X Elite,,HRNetPose,keypoint-detection,256x192,w8a8,latency_ms,1.254,ms,QNN_DLC,https://huggingface.co/qualcomm/HRNetPose,official: Qualcomm AI Hub HF card; device chipset as stated 'Snapdragon® X Elite'; peak memory 0 - 0 MB; compute unit NPU
Qualcomm,Snapdragon® 8 Gen 3 Mobile,,HRNetPose,keypoint-detection,256x192,w8a8,latency_ms,0.819,ms,QNN_DLC,https://huggingface.co/qualcomm/HRNetPose,official: Qualcomm AI Hub HF card; device chipset as stated 'Snapdragon® 8 Gen 3 Mobile'; peak memory 0 - 140 MB; compute unit NPU
Qualcomm,Snapdragon® 8 Elite Gen 5 For Galaxy Mobile,,HRNetPose,keypoint-detection,256x192,float,latency_ms,1.351,ms,TFLITE,https://huggingface.co/qualcomm/HRNetPose,official: Qualcomm AI Hub HF card; device chipset as stated 'Snapdragon® 8 Elite Gen 5 For Galaxy Mobile'; peak memory 0 - 119 MB; compute unit NPU
Qualcomm,Snapdragon® 8 Elite For Galaxy Mobile,,HRNetPose,keypoint-detection,256x192,float,latency_ms,1.567,ms,TFLITE,https://huggingface.co/qualcomm/HRNetPose,official: Qualcomm AI Hub HF card; device chipset as stated 'Snapdragon® 8 Elite For Galaxy Mobile'; peak memory 0 - 108 MB; compute unit NPU
Qualcomm,Snapdragon® 8 Gen 3 Mobile,,HRNetPose,keypoint-detection,256x192,float,latency_ms,1.979,ms,TFLITE,https://huggingface.co/qualcomm/HRNetPose,official: Qualcomm AI Hub HF card; device chipset as stated 'Snapdragon® 8 Gen 3 Mobile'; peak memory 0 - 187 MB; compute unit NPU
Qualcomm,Snapdragon® 8 Elite Gen 5 For Galaxy Mobile,,HRNetPose,keypoint-detection,256x192,w8a8,latency_ms,0.516,ms,TFLITE,https://huggingface.co/qualcomm/HRNetPose,official: Qualcomm AI Hub HF card; device chipset as stated 'Snapdragon® 8 Elite Gen 5 For Galaxy Mobile'; peak memory 0 - 97 MB; compute unit NPU
Qualcomm,Snapdragon® 8 Elite For Galaxy Mobile,,HRNetPose,keypoint-detection,256x192,w8a8,latency_ms,0.587,ms,TFLITE,https://huggingface.co/qualcomm/HRNetPose,official: Qualcomm AI Hub HF card; device chipset as stated 'Snapdragon® 8 Elite For Galaxy Mobile'; peak memory 0 - 96 MB; compute unit NPU
Qualcomm,Snapdragon® 8 Gen 3 Mobile,,HRNetPose,keypoint-detection,256x192,w8a8,latency_ms,0.694,ms,TFLITE,https://huggingface.co/qualcomm/HRNetPose,official: Qualcomm AI Hub HF card; device chipset as stated 'Snapdragon® 8 Gen 3 Mobile'; peak memory 0 - 140 MB; compute unit NPU
Qualcomm,Snapdragon® X Elite,,IBM-Granite-v3.1-8B-Instruct,text-generation,ctx 4096,w4a16,tokens_per_s,8.01724,tokens/s,QNN_CONTEXT_BINARY,https://huggingface.co/qualcomm/IBM-Granite-v3.1-8B-Instruct,official: Qualcomm AI Hub HF card; device chipset as stated 'Snapdragon® X Elite'; context length 4096; TTFT range 0.2953902 - 9.4524864 s
Qualcomm,Qualcomm® Dragonwing™ IQ-X7181,,IBM-Granite-v3.1-8B-Instruct,text-generation,ctx 4096,w4a16,tokens_per_s,8.01724,tokens/s,QNN_CONTEXT_BINARY,https://huggingface.co/qualcomm/IBM-Granite-v3.1-8B-Instruct,official: Qualcomm AI Hub HF card; device chipset as stated 'Qualcomm® Dragonwing™ IQ-X7181'; context length 4096; TTFT range 0.2953902 - 9.4524864 s
Qualcomm,Qualcomm® Dragonwing™ Q-8750,,IBM-Granite-v3.1-8B-Instruct,text-generation,ctx 4096,w4a16,tokens_per_s,11.01293,tokens/s,QNN_CONTEXT_BINARY,https://huggingface.co/qualcomm/IBM-Granite-v3.1-8B-Instruct,official: Qualcomm AI Hub HF card; device chipset as stated 'Qualcomm® Dragonwing™ Q-8750'; context length 4096; TTFT range 0.19679249999999998 - 6.297359999999999 s
Qualcomm,Snapdragon® 8 Elite Gen 5 For Galaxy Mobile,,Inception-v3,image-classification,224x224,float,latency_ms,1.081,ms,ONNX,https://huggingface.co/qualcomm/Inception-v3,official: Qualcomm AI Hub HF card; device chipset as stated 'Snapdragon® 8 Elite Gen 5 For Galaxy Mobile'; peak memory 0 - 45 MB; compute unit NPU
Qualcomm,Snapdragon® 8 Elite For Galaxy Mobile,,Inception-v3,image-classification,224x224,float,latency_ms,1.295,ms,ONNX,https://huggingface.co/qualcomm/Inception-v3,official: Qualcomm AI Hub HF card; device chipset as stated 'Snapdragon® 8 Elite For Galaxy Mobile'; peak memory 1 - 46 MB; compute unit NPU
Qualcomm,Snapdragon® X2 Elite,,Inception-v3,image-classification,224x224,float,latency_ms,1.126,ms,ONNX,https://huggingface.co/qualcomm/Inception-v3,official: Qualcomm AI Hub HF card; device chipset as stated 'Snapdragon® X2 Elite'; peak memory 1 - 1 MB; compute unit NPU
Qualcomm,Snapdragon® X Elite,,Inception-v3,image-classification,224x224,float,latency_ms,2.168,ms,ONNX,https://huggingface.co/qualcomm/Inception-v3,official: Qualcomm AI Hub HF card; device chipset as stated 'Snapdragon® X Elite'; peak memory 46 - 46 MB; compute unit NPU
Qualcomm,Snapdragon® 8 Gen 3 Mobile,,Inception-v3,image-classification,224x224,float,latency_ms,1.552,ms,ONNX,https://huggingface.co/qualcomm/Inception-v3,official: Qualcomm AI Hub HF card; device chipset as stated 'Snapdragon® 8 Gen 3 Mobile'; peak memory 0 - 63 MB; compute unit NPU
Qualcomm,Snapdragon® 8 Elite Gen 5 For Galaxy Mobile,,Inception-v3,image-classification,224x224,w8a8,latency_ms,0.411,ms,ONNX,https://huggingface.co/qualcomm/Inception-v3,official: Qualcomm AI Hub HF card; device chipset as stated 'Snapdragon® 8 Elite Gen 5 For Galaxy Mobile'; peak memory 0 - 70 MB; compute unit NPU
Qualcomm,Snapdragon® 8 Elite For Galaxy Mobile,,Inception-v3,image-classification,224x224,w8a8,latency_ms,0.526,ms,ONNX,https://huggingface.co/qualcomm/Inception-v3,official: Qualcomm AI Hub HF card; device chipset as stated 'Snapdragon® 8 Elite For Galaxy Mobile'; peak memory 0 - 64 MB; compute unit NPU
Qualcomm,Snapdragon® X2 Elite,,Inception-v3,image-classification,224x224,w8a8,latency_ms,0.357,ms,ONNX,https://huggingface.co/qualcomm/Inception-v3,official: Qualcomm AI Hub HF card; device chipset as stated 'Snapdragon® X2 Elite'; peak memory 1 - 1 MB; compute unit NPU
Qualcomm,Snapdragon® X Elite,,Inception-v3,image-classification,224x224,w8a8,latency_ms,0.789,ms,ONNX,https://huggingface.co/qualcomm/Inception-v3,official: Qualcomm AI Hub HF card; device chipset as stated 'Snapdragon® X Elite'; peak memory 24 - 24 MB; compute unit NPU
Qualcomm,Snapdragon® 8 Gen 3 Mobile,,Inception-v3,image-classification,224x224,w8a8,latency_ms,0.61,ms,ONNX,https://huggingface.co/qualcomm/Inception-v3,official: Qualcomm AI Hub HF card; device chipset as stated 'Snapdragon® 8 Gen 3 Mobile'; peak memory 0 - 109 MB; compute unit NPU
Qualcomm,Snapdragon® 8 Elite Gen 5 For Galaxy Mobile,,Inception-v3,image-classification,224x224,float,latency_ms,1.004,ms,QNN_DLC,https://huggingface.co/qualcomm/Inception-v3,official: Qualcomm AI Hub HF card; device chipset as stated 'Snapdragon® 8 Elite Gen 5 For Galaxy Mobile'; peak memory 1 - 40 MB; compute unit NPU
Qualcomm,Snapdragon® 8 Elite For Galaxy Mobile,,Inception-v3,image-classification,224x224,float,latency_ms,1.233,ms,QNN_DLC,https://huggingface.co/qualcomm/Inception-v3,official: Qualcomm AI Hub HF card; device chipset as stated 'Snapdragon® 8 Elite For Galaxy Mobile'; peak memory 0 - 36 MB; compute unit NPU
Qualcomm,Snapdragon® X2 Elite,,Inception-v3,image-classification,224x224,float,latency_ms,1.171,ms,QNN_DLC,https://huggingface.co/qualcomm/Inception-v3,official: Qualcomm AI Hub HF card; device chipset as stated 'Snapdragon® X2 Elite'; peak memory 1 - 1 MB; compute unit NPU
Qualcomm,Snapdragon® X Elite,,Inception-v3,image-classification,224x224,float,latency_ms,2.054,ms,QNN_DLC,https://huggingface.co/qualcomm/Inception-v3,official: Qualcomm AI Hub HF card; device chipset as stated 'Snapdragon® X Elite'; peak memory 1 - 1 MB; compute unit NPU
Qualcomm,Snapdragon® 8 Gen 3 Mobile,,Inception-v3,image-classification,224x224,float,latency_ms,1.454,ms,QNN_DLC,https://huggingface.co/qualcomm/Inception-v3,official: Qualcomm AI Hub HF card; device chipset as stated 'Snapdragon® 8 Gen 3 Mobile'; peak memory 1 - 64 MB; compute unit NPU
Qualcomm,Snapdragon® 8 Elite Gen 5 For Galaxy Mobile,,Inception-v3,image-classification,224x224,w8a8,latency_ms,0.416,ms,QNN_DLC,https://huggingface.co/qualcomm/Inception-v3,official: Qualcomm AI Hub HF card; device chipset as stated 'Snapdragon® 8 Elite Gen 5 For Galaxy Mobile'; peak memory 0 - 58 MB; compute unit NPU
Qualcomm,Snapdragon® 8 Elite For Galaxy Mobile,,Inception-v3,image-classification,224x224,w8a8,latency_ms,0.512,ms,QNN_DLC,https://huggingface.co/qualcomm/Inception-v3,official: Qualcomm AI Hub HF card; device chipset as stated 'Snapdragon® 8 Elite For Galaxy Mobile'; peak memory 0 - 57 MB; compute unit NPU
Qualcomm,Snapdragon® X2 Elite,,Inception-v3,image-classification,224x224,w8a8,latency_ms,0.458,ms,QNN_DLC,https://huggingface.co/qualcomm/Inception-v3,official: Qualcomm AI Hub HF card; device chipset as stated 'Snapdragon® X2 Elite'; peak memory 0 - 0 MB; compute unit NPU
Qualcomm,Snapdragon® X Elite,,Inception-v3,image-classification,224x224,w8a8,latency_ms,0.876,ms,QNN_DLC,https://huggingface.co/qualcomm/Inception-v3,official: Qualcomm AI Hub HF card; device chipset as stated 'Snapdragon® X Elite'; peak memory 0 - 0 MB; compute unit NPU
Qualcomm,Snapdragon® 8 Gen 3 Mobile,,Inception-v3,image-classification,224x224,w8a8,latency_ms,0.581,ms,QNN_DLC,https://huggingface.co/qualcomm/Inception-v3,official: Qualcomm AI Hub HF card; device chipset as stated 'Snapdragon® 8 Gen 3 Mobile'; peak memory 0 - 83 MB; compute unit NPU
Qualcomm,Snapdragon® 8 Elite Gen 5 For Galaxy Mobile,,Inception-v3,image-classification,224x224,float,latency_ms,1.005,ms,TFLITE,https://huggingface.co/qualcomm/Inception-v3,official: Qualcomm AI Hub HF card; device chipset as stated 'Snapdragon® 8 Elite Gen 5 For Galaxy Mobile'; peak memory 0 - 72 MB; compute unit NPU
Qualcomm,Snapdragon® 8 Elite For Galaxy Mobile,,Inception-v3,image-classification,224x224,float,latency_ms,1.239,ms,TFLITE,https://huggingface.co/qualcomm/Inception-v3,official: Qualcomm AI Hub HF card; device chipset as stated 'Snapdragon® 8 Elite For Galaxy Mobile'; peak memory 0 - 68 MB; compute unit NPU
Qualcomm,Snapdragon® 8 Gen 3 Mobile,,Inception-v3,image-classification,224x224,float,latency_ms,1.503,ms,TFLITE,https://huggingface.co/qualcomm/Inception-v3,official: Qualcomm AI Hub HF card; device chipset as stated 'Snapdragon® 8 Gen 3 Mobile'; peak memory 0 - 117 MB; compute unit NPU
Qualcomm,Snapdragon® 8 Elite Gen 5 For Galaxy Mobile,,Inception-v3,image-classification,224x224,w8a8,latency_ms,0.448,ms,TFLITE,https://huggingface.co/qualcomm/Inception-v3,official: Qualcomm AI Hub HF card; device chipset as stated 'Snapdragon® 8 Elite Gen 5 For Galaxy Mobile'; peak memory 0 - 55 MB; compute unit NPU
Qualcomm,Snapdragon® 8 Elite For Galaxy Mobile,,Inception-v3,image-classification,224x224,w8a8,latency_ms,0.543,ms,TFLITE,https://huggingface.co/qualcomm/Inception-v3,official: Qualcomm AI Hub HF card; device chipset as stated 'Snapdragon® 8 Elite For Galaxy Mobile'; peak memory 0 - 60 MB; compute unit NPU
Qualcomm,Snapdragon® 8 Gen 3 Mobile,,Inception-v3,image-classification,224x224,w8a8,latency_ms,0.627,ms,TFLITE,https://huggingface.co/qualcomm/Inception-v3,official: Qualcomm AI Hub HF card; device chipset as stated 'Snapdragon® 8 Gen 3 Mobile'; peak memory 0 - 84 MB; compute unit NPU
Qualcomm,Qualcomm® Dragonwing™ Q-8750,,IndusQ-1.1B,text-generation,ctx 4096,w4a16,tokens_per_s,74.6,tokens/s,QNN_CONTEXT_BINARY,https://huggingface.co/qualcomm/IndusQ-1.1B,official: Qualcomm AI Hub HF card; device chipset as stated 'Qualcomm® Dragonwing™ Q-8750'; context length 4096; TTFT range 0.028561 - 0.228489 s
Qualcomm,Snapdragon® 8 Elite Gen 5 For Galaxy Mobile,,Intern3.5-VL-2B,text-generation,ctx 4096,w4a16,tokens_per_s,54.226993560791016,tokens/s,GENIE,https://huggingface.co/qualcomm/Intern3.5-VL-2B,official: Qualcomm AI Hub HF card; device chipset as stated 'Snapdragon® 8 Elite Gen 5 For Galaxy Mobile'; context length 4096; TTFT range 0.027516 - 0.880512 s
Qualcomm,Snapdragon® 8 Elite For Galaxy Mobile,,Intern3.5-VL-2B,text-generation,ctx 4096,w4a16,tokens_per_s,49.80575942993164,tokens/s,GENIE,https://huggingface.co/qualcomm/Intern3.5-VL-2B,official: Qualcomm AI Hub HF card; device chipset as stated 'Snapdragon® 8 Elite For Galaxy Mobile'; context length 4096; TTFT range 0.029612 - 0.947584 s
Qualcomm,Snapdragon® X Elite,,Intern3.5-VL-2B,text-generation,ctx 4096,w4a16,tokens_per_s,5.5376505851745605,tokens/s,GENIE,https://huggingface.co/qualcomm/Intern3.5-VL-2B,official: Qualcomm AI Hub HF card; device chipset as stated 'Snapdragon® X Elite'; context length 4096; TTFT range 0.056067 - 1.794144 s
Qualcomm,Qualcomm® Dragonwing™ IQ-X7181,,Intern3.5-VL-2B,text-generation,ctx 4096,w4a16,tokens_per_s,5.5376505851745605,tokens/s,GENIE,https://huggingface.co/qualcomm/Intern3.5-VL-2B,official: Qualcomm AI Hub HF card; device chipset as stated 'Qualcomm® Dragonwing™ IQ-X7181'; context length 4096; TTFT range 0.056067 - 1.794144 s
Qualcomm,Qualcomm® Dragonwing™ Q-8750,,Intern3.5-VL-2B,text-generation,ctx 4096,w4a16,tokens_per_s,49.80575942993164,tokens/s,GENIE,https://huggingface.co/qualcomm/Intern3.5-VL-2B,official: Qualcomm AI Hub HF card; device chipset as stated 'Qualcomm® Dragonwing™ Q-8750'; context length 4096; TTFT range 0.029612 - 0.947584 s
Qualcomm,Snapdragon® 8 Elite Gen 5 For Galaxy Mobile,,Intern3.5-VL-2B,text-generation,ctx 512,w4a16,tokens_per_s,26.753671,tokens/s,GENIEX_QAIRT,https://huggingface.co/qualcomm/Intern3.5-VL-2B,official: Qualcomm AI Hub HF card; device chipset as stated 'Snapdragon® 8 Elite Gen 5 For Galaxy Mobile'; context length 512; TTFT range 0.044485 - 0.17794 s
Qualcomm,Snapdragon® 8 Elite Gen 5 For Galaxy Mobile,,Intern3.5-VL-2B,text-generation,ctx 1024,w4a16,tokens_per_s,26.51127,tokens/s,GENIEX_QAIRT,https://huggingface.co/qualcomm/Intern3.5-VL-2B,official: Qualcomm AI Hub HF card; device chipset as stated 'Snapdragon® 8 Elite Gen 5 For Galaxy Mobile'; context length 1024; TTFT range 0.054437 - 0.435496 s
Qualcomm,Snapdragon® 8 Elite Gen 5 For Galaxy Mobile,,Intern3.5-VL-2B,text-generation,ctx 2048,w4a16,tokens_per_s,25.690057,tokens/s,GENIEX_QAIRT,https://huggingface.co/qualcomm/Intern3.5-VL-2B,official: Qualcomm AI Hub HF card; device chipset as stated 'Snapdragon® 8 Elite Gen 5 For Galaxy Mobile'; context length 2048; TTFT range 0.054433 - 0.870928 s
Qualcomm,Snapdragon® 8 Elite Gen 5 For Galaxy Mobile,,Intern3.5-VL-2B,text-generation,ctx 4096,w4a16,tokens_per_s,27.351351,tokens/s,GENIEX_QAIRT,https://huggingface.co/qualcomm/Intern3.5-VL-2B,official: Qualcomm AI Hub HF card; device chipset as stated 'Snapdragon® 8 Elite Gen 5 For Galaxy Mobile'; context length 4096; TTFT range 0.058588999999999995 - 1.8748479999999998 s
Qualcomm,Snapdragon® 8 Elite For Galaxy Mobile,,Intern3.5-VL-2B,text-generation,ctx 512,w4a16,tokens_per_s,25.882201,tokens/s,GENIEX_QAIRT,https://huggingface.co/qualcomm/Intern3.5-VL-2B,official: Qualcomm AI Hub HF card; device chipset as stated 'Snapdragon® 8 Elite For Galaxy Mobile'; context length 512; TTFT range 0.04729 - 0.18916 s
Qualcomm,Snapdragon® 8 Elite For Galaxy Mobile,,Intern3.5-VL-2B,text-generation,ctx 1024,w4a16,tokens_per_s,25.299001,tokens/s,GENIEX_QAIRT,https://huggingface.co/qualcomm/Intern3.5-VL-2B,official: Qualcomm AI Hub HF card; device chipset as stated 'Snapdragon® 8 Elite For Galaxy Mobile'; context length 1024; TTFT range 0.053617 - 0.428936 s
Qualcomm,Snapdragon® 8 Elite For Galaxy Mobile,,Intern3.5-VL-2B,text-generation,ctx 2048,w4a16,tokens_per_s,25.527787,tokens/s,GENIEX_QAIRT,https://huggingface.co/qualcomm/Intern3.5-VL-2B,official: Qualcomm AI Hub HF card; device chipset as stated 'Snapdragon® 8 Elite For Galaxy Mobile'; context length 2048; TTFT range 0.058069 - 0.929104 s
Qualcomm,Snapdragon® 8 Elite For Galaxy Mobile,,Intern3.5-VL-2B,text-generation,ctx 4096,w4a16,tokens_per_s,25.27538,tokens/s,GENIEX_QAIRT,https://huggingface.co/qualcomm/Intern3.5-VL-2B,official: Qualcomm AI Hub HF card; device chipset as stated 'Snapdragon® 8 Elite For Galaxy Mobile'; context length 4096; TTFT range 0.05497 - 1.75904 s
Qualcomm,Snapdragon® X2 Elite,,Intern3.5-VL-2B,text-generation,ctx 4096,w4a16,tokens_per_s,62.014431,tokens/s,GENIEX_QAIRT,https://huggingface.co/qualcomm/Intern3.5-VL-2B,official: Qualcomm AI Hub HF card; device chipset as stated 'Snapdragon® X2 Elite'; context length 4096; TTFT range 0.029753 - 0.952096 s
Qualcomm,Snapdragon® X Elite,,Intern3.5-VL-2B,text-generation,ctx 4096,w4a16,tokens_per_s,39.562929,tokens/s,GENIEX_QAIRT,https://huggingface.co/qualcomm/Intern3.5-VL-2B,official: Qualcomm AI Hub HF card; device chipset as stated 'Snapdragon® X Elite'; context length 4096; TTFT range 0.052052999999999995 - 1.6656959999999998 s
Qualcomm,Qualcomm® Dragonwing™ IQ-8275,,Intern3.5-VL-2B,text-generation,ctx 4096,w4a16,tokens_per_s,31.278468,tokens/s,GENIEX_QAIRT,https://huggingface.co/qualcomm/Intern3.5-VL-2B,official: Qualcomm AI Hub HF card; device chipset as stated 'Qualcomm® Dragonwing™ IQ-8275'; context length 4096; TTFT range 0.05447 - 1.74304 s
Qualcomm,Qualcomm® Dragonwing™ Q-8750,,Intern3.5-VL-2B,text-generation,ctx 512,w4a16,tokens_per_s,25.882201,tokens/s,GENIEX_QAIRT,https://huggingface.co/qualcomm/Intern3.5-VL-2B,official: Qualcomm AI Hub HF card; device chipset as stated 'Qualcomm® Dragonwing™ Q-8750'; context length 512; TTFT range 0.04729 - 0.18916 s
Qualcomm,Qualcomm® Dragonwing™ Q-8750,,Intern3.5-VL-2B,text-generation,ctx 1024,w4a16,tokens_per_s,25.299001,tokens/s,GENIEX_QAIRT,https://huggingface.co/qualcomm/Intern3.5-VL-2B,official: Qualcomm AI Hub HF card; device chipset as stated 'Qualcomm® Dragonwing™ Q-8750'; context length 1024; TTFT range 0.053617 - 0.428936 s
Qualcomm,Qualcomm® Dragonwing™ Q-8750,,Intern3.5-VL-2B,text-generation,ctx 2048,w4a16,tokens_per_s,25.527787,tokens/s,GENIEX_QAIRT,https://huggingface.co/qualcomm/Intern3.5-VL-2B,official: Qualcomm AI Hub HF card; device chipset as stated 'Qualcomm® Dragonwing™ Q-8750'; context length 2048; TTFT range 0.058069 - 0.929104 s
Qualcomm,Qualcomm® Dragonwing™ IQ-9075,,Intern3.5-VL-2B,text-generation,ctx 4096,w4a16,tokens_per_s,32.123942,tokens/s,GENIEX_QAIRT,https://huggingface.co/qualcomm/Intern3.5-VL-2B,official: Qualcomm AI Hub HF card; device chipset as stated 'Qualcomm® Dragonwing™ IQ-9075'; context length 4096; TTFT range 0.054707 - 1.750624 s
Qualcomm,Qualcomm® Dragonwing™ IQ-X7181,,Intern3.5-VL-2B,text-generation,ctx 4096,w4a16,tokens_per_s,39.562929,tokens/s,GENIEX_QAIRT,https://huggingface.co/qualcomm/Intern3.5-VL-2B,official: Qualcomm AI Hub HF card; device chipset as stated 'Qualcomm® Dragonwing™ IQ-X7181'; context length 4096; TTFT range 0.052052999999999995 - 1.6656959999999998 s
Qualcomm,Qualcomm® Dragonwing™ Q-8750,,Intern3.5-VL-2B,text-generation,ctx 4096,w4a16,tokens_per_s,25.27538,tokens/s,GENIEX_QAIRT,https://huggingface.co/qualcomm/Intern3.5-VL-2B,official: Qualcomm AI Hub HF card; device chipset as stated 'Qualcomm® Dragonwing™ Q-8750'; context length 4096; TTFT range 0.05497 - 1.75904 s
Qualcomm,Snapdragon® 8 Elite Gen 5 For Galaxy Mobile,,Intern3.5-VL-4B,text-generation,ctx 512,w4a16,tokens_per_s,16.16788,tokens/s,GENIEX_QAIRT,https://huggingface.co/qualcomm/Intern3.5-VL-4B,official: Qualcomm AI Hub HF card; device chipset as stated 'Snapdragon® 8 Elite Gen 5 For Galaxy Mobile'; context length 512; TTFT range 0.094894 - 0.379576 s
Qualcomm,Snapdragon® 8 Elite Gen 5 For Galaxy Mobile,,Intern3.5-VL-4B,text-generation,ctx 1024,w4a16,tokens_per_s,16.833125,tokens/s,GENIEX_QAIRT,https://huggingface.co/qualcomm/Intern3.5-VL-4B,official: Qualcomm AI Hub HF card; device chipset as stated 'Snapdragon® 8 Elite Gen 5 For Galaxy Mobile'; context length 1024; TTFT range 0.089904 - 0.719232 s
Qualcomm,Snapdragon® 8 Elite Gen 5 For Galaxy Mobile,,Intern3.5-VL-4B,text-generation,ctx 2048,w4a16,tokens_per_s,16.129407,tokens/s,GENIEX_QAIRT,https://huggingface.co/qualcomm/Intern3.5-VL-4B,official: Qualcomm AI Hub HF card; device chipset as stated 'Snapdragon® 8 Elite Gen 5 For Galaxy Mobile'; context length 2048; TTFT range 0.088315 - 1.41304 s
Qualcomm,Snapdragon® 8 Elite Gen 5 For Galaxy Mobile,,Intern3.5-VL-4B,text-generation,ctx 4096,w4a16,tokens_per_s,15.85137,tokens/s,GENIEX_QAIRT,https://huggingface.co/qualcomm/Intern3.5-VL-4B,official: Qualcomm AI Hub HF card; device chipset as stated 'Snapdragon® 8 Elite Gen 5 For Galaxy Mobile'; context length 4096; TTFT range 0.093515 - 2.99248 s
Qualcomm,Snapdragon® 8 Elite For Galaxy Mobile,,Intern3.5-VL-4B,text-generation,ctx 512,w4a16,tokens_per_s,16.368874,tokens/s,GENIEX_QAIRT,https://huggingface.co/qualcomm/Intern3.5-VL-4B,official: Qualcomm AI Hub HF card; device chipset as stated 'Snapdragon® 8 Elite For Galaxy Mobile'; context length 512; TTFT range 0.090156 - 0.360624 s
Qualcomm,Snapdragon® 8 Elite For Galaxy Mobile,,Intern3.5-VL-4B,text-generation,ctx 1024,w4a16,tokens_per_s,16.195512,tokens/s,GENIEX_QAIRT,https://huggingface.co/qualcomm/Intern3.5-VL-4B,official: Qualcomm AI Hub HF card; device chipset as stated 'Snapdragon® 8 Elite For Galaxy Mobile'; context length 1024; TTFT range 0.084252 - 0.674016 s
Qualcomm,Snapdragon® 8 Elite For Galaxy Mobile,,Intern3.5-VL-4B,text-generation,ctx 2048,w4a16,tokens_per_s,15.670499,tokens/s,GENIEX_QAIRT,https://huggingface.co/qualcomm/Intern3.5-VL-4B,official: Qualcomm AI Hub HF card; device chipset as stated 'Snapdragon® 8 Elite For Galaxy Mobile'; context length 2048; TTFT range 0.085424 - 1.366784 s
Qualcomm,Snapdragon® 8 Elite For Galaxy Mobile,,Intern3.5-VL-4B,text-generation,ctx 4096,w4a16,tokens_per_s,16.044207,tokens/s,GENIEX_QAIRT,https://huggingface.co/qualcomm/Intern3.5-VL-4B,official: Qualcomm AI Hub HF card; device chipset as stated 'Snapdragon® 8 Elite For Galaxy Mobile'; context length 4096; TTFT range 0.08146099999999999 - 2.6067519999999997 s
Qualcomm,Snapdragon® X2 Elite,,Intern3.5-VL-4B,text-generation,ctx 4096,w4a16,tokens_per_s,37.188501,tokens/s,GENIEX_QAIRT,https://huggingface.co/qualcomm/Intern3.5-VL-4B,official: Qualcomm AI Hub HF card; device chipset as stated 'Snapdragon® X2 Elite'; context length 4096; TTFT range 0.050552 - 1.617664 s
Qualcomm,Snapdragon® X Elite,,Intern3.5-VL-4B,text-generation,ctx 4096,w4a16,tokens_per_s,20.489623,tokens/s,GENIEX_QAIRT,https://huggingface.co/qualcomm/Intern3.5-VL-4B,official: Qualcomm AI Hub HF card; device chipset as stated 'Snapdragon® X Elite'; context length 4096; TTFT range 0.099245 - 3.17584 s
Qualcomm,Qualcomm® Dragonwing™ IQ-8275,,Intern3.5-VL-4B,text-generation,ctx 512,w4a16,tokens_per_s,14.741431,tokens/s,GENIEX_QAIRT,https://huggingface.co/qualcomm/Intern3.5-VL-4B,official: Qualcomm AI Hub HF card; device chipset as stated 'Qualcomm® Dragonwing™ IQ-8275'; context length 512; TTFT range 0.11053 - 0.44212 s
Qualcomm,Qualcomm® Dragonwing™ IQ-8275,,Intern3.5-VL-4B,text-generation,ctx 1024,w4a16,tokens_per_s,14.728493,tokens/s,GENIEX_QAIRT,https://huggingface.co/qualcomm/Intern3.5-VL-4B,official: Qualcomm AI Hub HF card; device chipset as stated 'Qualcomm® Dragonwing™ IQ-8275'; context length 1024; TTFT range 0.110264 - 0.882112 s
Qualcomm,Qualcomm® Dragonwing™ IQ-8275,,Intern3.5-VL-4B,text-generation,ctx 2048,w4a16,tokens_per_s,15.130661,tokens/s,GENIEX_QAIRT,https://huggingface.co/qualcomm/Intern3.5-VL-4B,official: Qualcomm AI Hub HF card; device chipset as stated 'Qualcomm® Dragonwing™ IQ-8275'; context length 2048; TTFT range 0.108184 - 1.730944 s
Qualcomm,Qualcomm® Dragonwing™ IQ-8275,,Intern3.5-VL-4B,text-generation,ctx 4096,w4a16,tokens_per_s,15.11748,tokens/s,GENIEX_QAIRT,https://huggingface.co/qualcomm/Intern3.5-VL-4B,official: Qualcomm AI Hub HF card; device chipset as stated 'Qualcomm® Dragonwing™ IQ-8275'; context length 4096; TTFT range 0.108583 - 3.474656 s
Qualcomm,Qualcomm® Dragonwing™ IQ-9075,,Intern3.5-VL-4B,text-generation,ctx 512,w4a16,tokens_per_s,16.060281,tokens/s,GENIEX_QAIRT,https://huggingface.co/qualcomm/Intern3.5-VL-4B,official: Qualcomm AI Hub HF card; device chipset as stated 'Qualcomm® Dragonwing™ IQ-9075'; context length 512; TTFT range 0.09965 - 0.3986 s
Qualcomm,Qualcomm® Dragonwing™ Q-8750,,Intern3.5-VL-4B,text-generation,ctx 512,w4a16,tokens_per_s,16.368874,tokens/s,GENIEX_QAIRT,https://huggingface.co/qualcomm/Intern3.5-VL-4B,official: Qualcomm AI Hub HF card; device chipset as stated 'Qualcomm® Dragonwing™ Q-8750'; context length 512; TTFT range 0.090156 - 0.360624 s
Qualcomm,Qualcomm® Dragonwing™ IQ-9075,,Intern3.5-VL-4B,text-generation,ctx 1024,w4a16,tokens_per_s,15.520337,tokens/s,GENIEX_QAIRT,https://huggingface.co/qualcomm/Intern3.5-VL-4B,official: Qualcomm AI Hub HF card; device chipset as stated 'Qualcomm® Dragonwing™ IQ-9075'; context length 1024; TTFT range 0.107857 - 0.862856 s
Qualcomm,Qualcomm® Dragonwing™ Q-8750,,Intern3.5-VL-4B,text-generation,ctx 1024,w4a16,tokens_per_s,16.195512,tokens/s,GENIEX_QAIRT,https://huggingface.co/qualcomm/Intern3.5-VL-4B,official: Qualcomm AI Hub HF card; device chipset as stated 'Qualcomm® Dragonwing™ Q-8750'; context length 1024; TTFT range 0.084252 - 0.674016 s
Qualcomm,Qualcomm® Dragonwing™ IQ-9075,,Intern3.5-VL-4B,text-generation,ctx 2048,w4a16,tokens_per_s,14.99327,tokens/s,GENIEX_QAIRT,https://huggingface.co/qualcomm/Intern3.5-VL-4B,official: Qualcomm AI Hub HF card; device chipset as stated 'Qualcomm® Dragonwing™ IQ-9075'; context length 2048; TTFT range 0.107214 - 1.715424 s
Qualcomm,Qualcomm® Dragonwing™ Q-8750,,Intern3.5-VL-4B,text-generation,ctx 2048,w4a16,tokens_per_s,15.670499,tokens/s,GENIEX_QAIRT,https://huggingface.co/qualcomm/Intern3.5-VL-4B,official: Qualcomm AI Hub HF card; device chipset as stated 'Qualcomm® Dragonwing™ Q-8750'; context length 2048; TTFT range 0.085424 - 1.366784 s
Qualcomm,Qualcomm® Dragonwing™ IQ-9075,,Intern3.5-VL-4B,text-generation,ctx 4096,w4a16,tokens_per_s,15.173319,tokens/s,GENIEX_QAIRT,https://huggingface.co/qualcomm/Intern3.5-VL-4B,official: Qualcomm AI Hub HF card; device chipset as stated 'Qualcomm® Dragonwing™ IQ-9075'; context length 4096; TTFT range 0.105366 - 3.371712 s
Qualcomm,Qualcomm® Dragonwing™ IQ-X7181,,Intern3.5-VL-4B,text-generation,ctx 4096,w4a16,tokens_per_s,20.489623,tokens/s,GENIEX_QAIRT,https://huggingface.co/qualcomm/Intern3.5-VL-4B,official: Qualcomm AI Hub HF card; device chipset as stated 'Qualcomm® Dragonwing™ IQ-X7181'; context length 4096; TTFT range 0.099245 - 3.17584 s
Qualcomm,Qualcomm® Dragonwing™ Q-8750,,Intern3.5-VL-4B,text-generation,ctx 4096,w4a16,tokens_per_s,16.044207,tokens/s,GENIEX_QAIRT,https://huggingface.co/qualcomm/Intern3.5-VL-4B,official: Qualcomm AI Hub HF card; device chipset as stated 'Qualcomm® Dragonwing™ Q-8750'; context length 4096; TTFT range 0.08146099999999999 - 2.6067519999999997 s
Qualcomm,Qualcomm® Dragonwing™ Q-8750,,JAIS-6p7b-Chat,text-generation,ctx 4096,w4a16,tokens_per_s,13.33,tokens/s,QNN_CONTEXT_BINARY,https://huggingface.co/qualcomm/JAIS-6p7b-Chat,official: Qualcomm AI Hub HF card; device chipset as stated 'Qualcomm® Dragonwing™ Q-8750'; context length 4096; TTFT range 0.238231 - 3.811696 s
Qualcomm,Snapdragon® X2 Elite,,Llama-SEA-LION-v3.5-8B-R,text-generation,ctx 4096,w4a16,tokens_per_s,21.0,tokens/s,GENIE,https://huggingface.co/qualcomm/Llama-SEA-LION-v3.5-8B-R,official: Qualcomm AI Hub HF card; device chipset as stated 'Snapdragon® X2 Elite'; context length 4096; TTFT range 0.129952 - 4.158464 s
Qualcomm,Snapdragon® X Elite,,Llama-SEA-LION-v3.5-8B-R,text-generation,ctx 4096,w4a16,tokens_per_s,7.41,tokens/s,GENIE,https://huggingface.co/qualcomm/Llama-SEA-LION-v3.5-8B-R,official: Qualcomm AI Hub HF card; device chipset as stated 'Snapdragon® X Elite'; context length 4096; TTFT range 0.226932 - 7.261824 s
Qualcomm,Qualcomm® Dragonwing™ IQ-X7181,,Llama-SEA-LION-v3.5-8B-R,text-generation,ctx 4096,w4a16,tokens_per_s,7.41,tokens/s,GENIE,https://huggingface.co/qualcomm/Llama-SEA-LION-v3.5-8B-R,official: Qualcomm AI Hub HF card; device chipset as stated 'Qualcomm® Dragonwing™ IQ-X7181'; context length 4096; TTFT range 0.226932 - 7.261824 s
Qualcomm,Snapdragon® 8 Elite Gen 5 For Galaxy Mobile,,Llama-SEA-LION-v3.5-8B-R,text-generation,ctx 4096,w4a16,tokens_per_s,10.007421,tokens/s,GENIEX_QAIRT,https://huggingface.co/qualcomm/Llama-SEA-LION-v3.5-8B-R,official: Qualcomm AI Hub HF card; device chipset as stated 'Snapdragon® 8 Elite Gen 5 For Galaxy Mobile'; context length 4096; TTFT range 0.15176764516129032 - 4.85656464516129 s
Qualcomm,Snapdragon® 8 Elite For Galaxy Mobile,,Llama-SEA-LION-v3.5-8B-R,text-generation,ctx 4096,w4a16,tokens_per_s,10.102797,tokens/s,GENIEX_QAIRT,https://huggingface.co/qualcomm/Llama-SEA-LION-v3.5-8B-R,official: Qualcomm AI Hub HF card; device chipset as stated 'Snapdragon® 8 Elite For Galaxy Mobile'; context length 4096; TTFT range 0.1675307419354839 - 5.360983741935485 s
Qualcomm,Snapdragon® X2 Elite,,Llama-SEA-LION-v3.5-8B-R,text-generation,ctx 4096,w4a16,tokens_per_s,15.712119,tokens/s,GENIEX_QAIRT,https://huggingface.co/qualcomm/Llama-SEA-LION-v3.5-8B-R,official: Qualcomm AI Hub HF card; device chipset as stated 'Snapdragon® X2 Elite'; context length 4096; TTFT range 0.1202 - 3.8464 s
Qualcomm,Snapdragon® X Elite,,Llama-SEA-LION-v3.5-8B-R,text-generation,ctx 4096,w4a16,tokens_per_s,11.691041,tokens/s,GENIEX_QAIRT,https://huggingface.co/qualcomm/Llama-SEA-LION-v3.5-8B-R,official: Qualcomm AI Hub HF card; device chipset as stated 'Snapdragon® X Elite'; context length 4096; TTFT range 0.2117 - 6.7744 s
Qualcomm,Qualcomm® Dragonwing™ IQ-8275,,Llama-SEA-LION-v3.5-8B-R,text-generation,ctx 4096,w4a16,tokens_per_s,9.386412,tokens/s,GENIEX_QAIRT,https://huggingface.co/qualcomm/Llama-SEA-LION-v3.5-8B-R,official: Qualcomm AI Hub HF card; device chipset as stated 'Qualcomm® Dragonwing™ IQ-8275'; context length 4096; TTFT range 0.218272 - 6.984704 s
Qualcomm,Qualcomm® Dragonwing™ IQ-9075,,Llama-SEA-LION-v3.5-8B-R,text-generation,ctx 4096,w4a16,tokens_per_s,9.862273,tokens/s,GENIEX_QAIRT,https://huggingface.co/qualcomm/Llama-SEA-LION-v3.5-8B-R,official: Qualcomm AI Hub HF card; device chipset as stated 'Qualcomm® Dragonwing™ IQ-9075'; context length 4096; TTFT range 0.22240000000000001 - 7.1168000000000005 s
Qualcomm,Qualcomm® Dragonwing™ IQ-X7181,,Llama-SEA-LION-v3.5-8B-R,text-generation,ctx 4096,w4a16,tokens_per_s,11.691041,tokens/s,GENIEX_QAIRT,https://huggingface.co/qualcomm/Llama-SEA-LION-v3.5-8B-R,official: Qualcomm AI Hub HF card; device chipset as stated 'Qualcomm® Dragonwing™ IQ-X7181'; context length 4096; TTFT range 0.2117 - 6.7744 s
Qualcomm,Qualcomm® Dragonwing™ Q-8750,,Llama-SEA-LION-v3.5-8B-R,text-generation,ctx 4096,w4a16,tokens_per_s,10.102797,tokens/s,GENIEX_QAIRT,https://huggingface.co/qualcomm/Llama-SEA-LION-v3.5-8B-R,official: Qualcomm AI Hub HF card; device chipset as stated 'Qualcomm® Dragonwing™ Q-8750'; context length 4096; TTFT range 0.1675307419354839 - 5.360983741935485 s
Qualcomm,Snapdragon® 8 Elite Gen 5 For Galaxy Mobile,,Llama-v3-8B-Instruct,text-generation,ctx 4096,w4a16,tokens_per_s,15.081136703491211,tokens/s,GENIE,https://huggingface.co/qualcomm/Llama-v3-8B-Instruct,official: Qualcomm AI Hub HF card; device chipset as stated 'Snapdragon® 8 Elite Gen 5 For Galaxy Mobile'; context length 4096; TTFT range 0.102728 - 3.287296 s
Qualcomm,Snapdragon® 8 Elite For Galaxy Mobile,,Llama-v3-8B-Instruct,text-generation,ctx 4096,w4a16,tokens_per_s,13.722314834594727,tokens/s,GENIE,https://huggingface.co/qualcomm/Llama-v3-8B-Instruct,official: Qualcomm AI Hub HF card; device chipset as stated 'Snapdragon® 8 Elite For Galaxy Mobile'; context length 4096; TTFT range 0.129698 - 4.150336 s
Qualcomm,Snapdragon® X2 Elite,,Llama-v3-8B-Instruct,text-generation,ctx 4096,w4a16,tokens_per_s,22.19607925415039,tokens/s,GENIE,https://huggingface.co/qualcomm/Llama-v3-8B-Instruct,official: Qualcomm AI Hub HF card; device chipset as stated 'Snapdragon® X2 Elite'; context length 4096; TTFT range 0.13744900000000002 - 4.3983680000000005 s
Qualcomm,Snapdragon® X Elite,,Llama-v3-8B-Instruct,text-generation,ctx 4096,w4a16,tokens_per_s,4.413198947906494,tokens/s,GENIE,https://huggingface.co/qualcomm/Llama-v3-8B-Instruct,official: Qualcomm AI Hub HF card; device chipset as stated 'Snapdragon® X Elite'; context length 4096; TTFT range 0.207841 - 6.650912 s
Qualcomm,Qualcomm® Dragonwing™ IQ-8275,,Llama-v3-8B-Instruct,text-generation,ctx 4096,w4a16,tokens_per_s,9.479302406311035,tokens/s,GENIE,https://huggingface.co/qualcomm/Llama-v3-8B-Instruct,official: Qualcomm AI Hub HF card; device chipset as stated 'Qualcomm® Dragonwing™ IQ-8275'; context length 4096; TTFT range 0.27746699999999996 - 8.878943999999999 s
Qualcomm,Qualcomm® Dragonwing™ IQ-9075,,Llama-v3-8B-Instruct,text-generation,ctx 4096,w4a16,tokens_per_s,8.127570152282715,tokens/s,GENIE,https://huggingface.co/qualcomm/Llama-v3-8B-Instruct,official: Qualcomm AI Hub HF card; device chipset as stated 'Qualcomm® Dragonwing™ IQ-9075'; context length 4096; TTFT range 0.19664099999999998 - 6.292511999999999 s
Qualcomm,Qualcomm® Dragonwing™ IQ-X7181,,Llama-v3-8B-Instruct,text-generation,ctx 4096,w4a16,tokens_per_s,4.413198947906494,tokens/s,GENIE,https://huggingface.co/qualcomm/Llama-v3-8B-Instruct,official: Qualcomm AI Hub HF card; device chipset as stated 'Qualcomm® Dragonwing™ IQ-X7181'; context length 4096; TTFT range 0.207841 - 6.650912 s
Qualcomm,Qualcomm® Dragonwing™ Q-8750,,Llama-v3-8B-Instruct,text-generation,ctx 4096,w4a16,tokens_per_s,13.722314834594727,tokens/s,GENIE,https://huggingface.co/qualcomm/Llama-v3-8B-Instruct,official: Qualcomm AI Hub HF card; device chipset as stated 'Qualcomm® Dragonwing™ Q-8750'; context length 4096; TTFT range 0.129698 - 4.150336 s
Qualcomm,Snapdragon® 8 Elite Gen 5 For Galaxy Mobile,,Llama-v3-8B-Instruct,text-generation,ctx 4096,w4a16,tokens_per_s,9.653202,tokens/s,GENIEX_QAIRT,https://huggingface.co/qualcomm/Llama-v3-8B-Instruct,official: Qualcomm AI Hub HF card; device chipset as stated 'Snapdragon® 8 Elite Gen 5 For Galaxy Mobile'; context length 4096; TTFT range 0.176583 - 5.650656 s
Qualcomm,Snapdragon® 8 Elite For Galaxy Mobile,,Llama-v3-8B-Instruct,text-generation,ctx 4096,w4a16,tokens_per_s,9.940364,tokens/s,GENIEX_QAIRT,https://huggingface.co/qualcomm/Llama-v3-8B-Instruct,official: Qualcomm AI Hub HF card; device chipset as stated 'Snapdragon® 8 Elite For Galaxy Mobile'; context length 4096; TTFT range 0.18946806451612902 - 6.062978064516129 s
Qualcomm,Snapdragon® X2 Elite,,Llama-v3-8B-Instruct,text-generation,ctx 4096,w4a16,tokens_per_s,21.24863,tokens/s,GENIEX_QAIRT,https://huggingface.co/qualcomm/Llama-v3-8B-Instruct,official: Qualcomm AI Hub HF card; device chipset as stated 'Snapdragon® X2 Elite'; context length 4096; TTFT range 0.11502590322580644 - 3.680828903225806 s
Qualcomm,Snapdragon® X Elite,,Llama-v3-8B-Instruct,text-generation,ctx 4096,w4a16,tokens_per_s,11.330596,tokens/s,GENIEX_QAIRT,https://huggingface.co/qualcomm/Llama-v3-8B-Instruct,official: Qualcomm AI Hub HF card; device chipset as stated 'Snapdragon® X Elite'; context length 4096; TTFT range 0.22880099999999998 - 7.321631999999999 s
Qualcomm,Qualcomm® Dragonwing™ IQ-8275,,Llama-v3-8B-Instruct,text-generation,ctx 4096,w4a16,tokens_per_s,9.875264,tokens/s,GENIEX_QAIRT,https://huggingface.co/qualcomm/Llama-v3-8B-Instruct,official: Qualcomm AI Hub HF card; device chipset as stated 'Qualcomm® Dragonwing™ IQ-8275'; context length 4096; TTFT range 0.220166 - 7.045312 s
Qualcomm,Qualcomm® Dragonwing™ IQ-9075,,Llama-v3-8B-Instruct,text-generation,ctx 4096,w4a16,tokens_per_s,9.6774,tokens/s,GENIEX_QAIRT,https://huggingface.co/qualcomm/Llama-v3-8B-Instruct,official: Qualcomm AI Hub HF card; device chipset as stated 'Qualcomm® Dragonwing™ IQ-9075'; context length 4096; TTFT range 0.20317929032258064 - 6.5017372903225805 s
Qualcomm,Qualcomm® Dragonwing™ IQ-X7181,,Llama-v3-8B-Instruct,text-generation,ctx 4096,w4a16,tokens_per_s,11.330596,tokens/s,GENIEX_QAIRT,https://huggingface.co/qualcomm/Llama-v3-8B-Instruct,official: Qualcomm AI Hub HF card; device chipset as stated 'Qualcomm® Dragonwing™ IQ-X7181'; context length 4096; TTFT range 0.22880099999999998 - 7.321631999999999 s
Qualcomm,Qualcomm® Dragonwing™ Q-8750,,Llama-v3-8B-Instruct,text-generation,ctx 4096,w4a16,tokens_per_s,9.940364,tokens/s,GENIEX_QAIRT,https://huggingface.co/qualcomm/Llama-v3-8B-Instruct,official: Qualcomm AI Hub HF card; device chipset as stated 'Qualcomm® Dragonwing™ Q-8750'; context length 4096; TTFT range 0.18946806451612902 - 6.062978064516129 s
Qualcomm,Snapdragon® X2 Elite,,Llama-v3-ELYZA-JP-8B,text-generation,ctx 4096,w4a16,tokens_per_s,21.107885932922365,tokens/s,GENIE,https://huggingface.co/qualcomm/Llama-v3-ELYZA-JP-8B,official: Qualcomm AI Hub HF card; device chipset as stated 'Snapdragon® X2 Elite'; context length 4096; TTFT range 0.1135919 - 3.6349408 s
Qualcomm,Snapdragon® X Elite,,Llama-v3-ELYZA-JP-8B,text-generation,ctx 4096,w4a16,tokens_per_s,6.24535984992981,tokens/s,GENIE,https://huggingface.co/qualcomm/Llama-v3-ELYZA-JP-8B,official: Qualcomm AI Hub HF card; device chipset as stated 'Snapdragon® X Elite'; context length 4096; TTFT range 0.25008410000000003 - 8.002691200000001 s
Qualcomm,Qualcomm® Dragonwing™ IQ-9075,,Llama-v3-ELYZA-JP-8B,text-generation,ctx 4096,w4a16,tokens_per_s,9.908471870422364,tokens/s,GENIE,https://huggingface.co/qualcomm/Llama-v3-ELYZA-JP-8B,official: Qualcomm AI Hub HF card; device chipset as stated 'Qualcomm® Dragonwing™ IQ-9075'; context length 4096; TTFT range 0.185995 - 5.95184 s
Qualcomm,Qualcomm® Dragonwing™ IQ-X7181,,Llama-v3-ELYZA-JP-8B,text-generation,ctx 4096,w4a16,tokens_per_s,6.24535984992981,tokens/s,GENIE,https://huggingface.co/qualcomm/Llama-v3-ELYZA-JP-8B,official: Qualcomm AI Hub HF card; device chipset as stated 'Qualcomm® Dragonwing™ IQ-X7181'; context length 4096; TTFT range 0.25008410000000003 - 8.002691200000001 s
Qualcomm,Qualcomm® Dragonwing™ Q-8750,,Llama-v3-ELYZA-JP-8B,text-generation,ctx 4096,w4a16,tokens_per_s,14.625845432281494,tokens/s,GENIE,https://huggingface.co/qualcomm/Llama-v3-ELYZA-JP-8B,official: Qualcomm AI Hub HF card; device chipset as stated 'Qualcomm® Dragonwing™ Q-8750'; context length 4096; TTFT range 0.14534139999999998 - 4.650924799999999 s
Qualcomm,Snapdragon® X2 Elite,,Llama-v3-ELYZA-JP-8B,text-generation,ctx 4096,w4a16,tokens_per_s,21.392981,tokens/s,GENIEX_QAIRT,https://huggingface.co/qualcomm/Llama-v3-ELYZA-JP-8B,official: Qualcomm AI Hub HF card; device chipset as stated 'Snapdragon® X2 Elite'; context length 4096; TTFT range 0.1172 - 3.7504 s
Qualcomm,Snapdragon® X Elite,,Llama-v3-ELYZA-JP-8B,text-generation,ctx 4096,w4a16,tokens_per_s,10.237091,tokens/s,GENIEX_QAIRT,https://huggingface.co/qualcomm/Llama-v3-ELYZA-JP-8B,official: Qualcomm AI Hub HF card; device chipset as stated 'Snapdragon® X Elite'; context length 4096; TTFT range 0.2268 - 7.2576 s
Qualcomm,Qualcomm® Dragonwing™ IQ-8275,,Llama-v3-ELYZA-JP-8B,text-generation,ctx 4096,w4a16,tokens_per_s,7.861613,tokens/s,GENIEX_QAIRT,https://huggingface.co/qualcomm/Llama-v3-ELYZA-JP-8B,official: Qualcomm AI Hub HF card; device chipset as stated 'Qualcomm® Dragonwing™ IQ-8275'; context length 4096; TTFT range 0.226584 - 7.250688 s
Qualcomm,Qualcomm® Dragonwing™ IQ-9075,,Llama-v3-ELYZA-JP-8B,text-generation,ctx 4096,w4a16,tokens_per_s,9.327189,tokens/s,GENIEX_QAIRT,https://huggingface.co/qualcomm/Llama-v3-ELYZA-JP-8B,official: Qualcomm AI Hub HF card; device chipset as stated 'Qualcomm® Dragonwing™ IQ-9075'; context length 4096; TTFT range 0.2238 - 7.1616 s
Qualcomm,Qualcomm® Dragonwing™ IQ-X7181,,Llama-v3-ELYZA-JP-8B,text-generation,ctx 4096,w4a16,tokens_per_s,10.237091,tokens/s,GENIEX_QAIRT,https://huggingface.co/qualcomm/Llama-v3-ELYZA-JP-8B,official: Qualcomm AI Hub HF card; device chipset as stated 'Qualcomm® Dragonwing™ IQ-X7181'; context length 4096; TTFT range 0.2268 - 7.2576 s
Qualcomm,Snapdragon® 8 Elite Gen 5 For Galaxy Mobile,,Llama-v3.1-8B-Instruct,text-generation,ctx 4096,w4a16,tokens_per_s,13.041550636291504,tokens/s,GENIE,https://huggingface.co/qualcomm/Llama-v3.1-8B-Instruct,official: Qualcomm AI Hub HF card; device chipset as stated 'Snapdragon® 8 Elite Gen 5 For Galaxy Mobile'; context length 4096; TTFT range 0.116911 - 3.741152 s
Qualcomm,Snapdragon® 8 Elite For Galaxy Mobile,,Llama-v3.1-8B-Instruct,text-generation,ctx 4096,w4a16,tokens_per_s,13.053466796875,tokens/s,GENIE,https://huggingface.co/qualcomm/Llama-v3.1-8B-Instruct,official: Qualcomm AI Hub HF card; device chipset as stated 'Snapdragon® 8 Elite For Galaxy Mobile'; context length 4096; TTFT range 0.140276 - 4.488832 s
Qualcomm,Snapdragon® X2 Elite,,Llama-v3.1-8B-Instruct,text-generation,ctx 4096,w4a16,tokens_per_s,21.825960159301758,tokens/s,GENIE,https://huggingface.co/qualcomm/Llama-v3.1-8B-Instruct,official: Qualcomm AI Hub HF card; device chipset as stated 'Snapdragon® X2 Elite'; context length 4096; TTFT range 0.112925 - 3.6136 s
Qualcomm,Qualcomm® Dragonwing™ IQ-8275,,Llama-v3.1-8B-Instruct,text-generation,ctx 4096,w4a16,tokens_per_s,9.120010375976562,tokens/s,GENIE,https://huggingface.co/qualcomm/Llama-v3.1-8B-Instruct,official: Qualcomm AI Hub HF card; device chipset as stated 'Qualcomm® Dragonwing™ IQ-8275'; context length 4096; TTFT range 0.276881 - 8.860192 s
Qualcomm,Qualcomm® Dragonwing™ IQ-9075,,Llama-v3.1-8B-Instruct,text-generation,ctx 4096,w4a16,tokens_per_s,7.855151176452637,tokens/s,GENIE,https://huggingface.co/qualcomm/Llama-v3.1-8B-Instruct,official: Qualcomm AI Hub HF card; device chipset as stated 'Qualcomm® Dragonwing™ IQ-9075'; context length 4096; TTFT range 0.200741 - 6.423712 s
Qualcomm,Qualcomm® Dragonwing™ Q-8750,,Llama-v3.1-8B-Instruct,text-generation,ctx 4096,w4a16,tokens_per_s,13.053466796875,tokens/s,GENIE,https://huggingface.co/qualcomm/Llama-v3.1-8B-Instruct,official: Qualcomm AI Hub HF card; device chipset as stated 'Qualcomm® Dragonwing™ Q-8750'; context length 4096; TTFT range 0.140276 - 4.488832 s
Qualcomm,Snapdragon® 8 Elite Gen 5 For Galaxy Mobile,,Llama-v3.1-8B-Instruct,text-generation,ctx 4096,w4a16,tokens_per_s,8.840074,tokens/s,GENIEX_QAIRT,https://huggingface.co/qualcomm/Llama-v3.1-8B-Instruct,official: Qualcomm AI Hub HF card; device chipset as stated 'Snapdragon® 8 Elite Gen 5 For Galaxy Mobile'; context length 4096; TTFT range 0.17818116129032258 - 5.701797161290322 s
Qualcomm,Snapdragon® 8 Elite For Galaxy Mobile,,Llama-v3.1-8B-Instruct,text-generation,ctx 4096,w4a16,tokens_per_s,9.760224,tokens/s,GENIEX_QAIRT,https://huggingface.co/qualcomm/Llama-v3.1-8B-Instruct,official: Qualcomm AI Hub HF card; device chipset as stated 'Snapdragon® 8 Elite For Galaxy Mobile'; context length 4096; TTFT range 0.18917509677419356 - 6.053603096774194 s
Qualcomm,Snapdragon® X2 Elite,,Llama-v3.1-8B-Instruct,text-generation,ctx 4096,w4a16,tokens_per_s,22.424474,tokens/s,GENIEX_QAIRT,https://huggingface.co/qualcomm/Llama-v3.1-8B-Instruct,official: Qualcomm AI Hub HF card; device chipset as stated 'Snapdragon® X2 Elite'; context length 4096; TTFT range 0.11308700000000001 - 3.6187840000000002 s
Qualcomm,Snapdragon® X Elite,,Llama-v3.1-8B-Instruct,text-generation,ctx 4096,w4a16,tokens_per_s,10.723646,tokens/s,GENIEX_QAIRT,https://huggingface.co/qualcomm/Llama-v3.1-8B-Instruct,official: Qualcomm AI Hub HF card; device chipset as stated 'Snapdragon® X Elite'; context length 4096; TTFT range 0.23094599999999998 - 7.3902719999999995 s
Qualcomm,Qualcomm® Dragonwing™ IQ-8275,,Llama-v3.1-8B-Instruct,text-generation,ctx 4096,w4a16,tokens_per_s,9.307838,tokens/s,GENIEX_QAIRT,https://huggingface.co/qualcomm/Llama-v3.1-8B-Instruct,official: Qualcomm AI Hub HF card; device chipset as stated 'Qualcomm® Dragonwing™ IQ-8275'; context length 4096; TTFT range 0.227908 - 7.293056 s
Qualcomm,Qualcomm® Dragonwing™ IQ-9075,,Llama-v3.1-8B-Instruct,text-generation,ctx 4096,w4a16,tokens_per_s,9.800002,tokens/s,GENIEX_QAIRT,https://huggingface.co/qualcomm/Llama-v3.1-8B-Instruct,official: Qualcomm AI Hub HF card; device chipset as stated 'Qualcomm® Dragonwing™ IQ-9075'; context length 4096; TTFT range 0.229859 - 7.355488 s
Qualcomm,Qualcomm® Dragonwing™ IQ-X7181,,Llama-v3.1-8B-Instruct,text-generation,ctx 4096,w4a16,tokens_per_s,10.723646,tokens/s,GENIEX_QAIRT,https://huggingface.co/qualcomm/Llama-v3.1-8B-Instruct,official: Qualcomm AI Hub HF card; device chipset as stated 'Qualcomm® Dragonwing™ IQ-X7181'; context length 4096; TTFT range 0.23094599999999998 - 7.3902719999999995 s
Qualcomm,Qualcomm® Dragonwing™ Q-8750,,Llama-v3.1-8B-Instruct,text-generation,ctx 4096,w4a16,tokens_per_s,9.760224,tokens/s,GENIEX_QAIRT,https://huggingface.co/qualcomm/Llama-v3.1-8B-Instruct,official: Qualcomm AI Hub HF card; device chipset as stated 'Qualcomm® Dragonwing™ Q-8750'; context length 4096; TTFT range 0.18917509677419356 - 6.053603096774194 s
Qualcomm,Snapdragon® 8 Elite Gen 5 For Galaxy Mobile,,Llama-v3.2-1B-Instruct,text-generation,ctx 4096,w4,tokens_per_s,36.33720779418945,tokens/s,GENIE,https://huggingface.co/qualcomm/Llama-v3.2-1B-Instruct,official: Qualcomm AI Hub HF card; device chipset as stated 'Snapdragon® 8 Elite Gen 5 For Galaxy Mobile'; context length 4096; TTFT range 0.062048 - 1.985536 s
Qualcomm,Snapdragon® 8 Elite For Galaxy Mobile,,Llama-v3.2-1B-Instruct,text-generation,ctx 4096,w4,tokens_per_s,34.532772064208984,tokens/s,GENIE,https://huggingface.co/qualcomm/Llama-v3.2-1B-Instruct,official: Qualcomm AI Hub HF card; device chipset as stated 'Snapdragon® 8 Elite For Galaxy Mobile'; context length 4096; TTFT range 0.063293 - 2.025376 s
Qualcomm,Snapdragon® X2 Elite,,Llama-v3.2-1B-Instruct,text-generation,ctx 4096,w4,tokens_per_s,35.45219421386719,tokens/s,GENIE,https://huggingface.co/qualcomm/Llama-v3.2-1B-Instruct,official: Qualcomm AI Hub HF card; device chipset as stated 'Snapdragon® X2 Elite'; context length 4096; TTFT range 0.052402000000000004 - 1.6768640000000001 s
Qualcomm,Snapdragon® X Elite,,Llama-v3.2-1B-Instruct,text-generation,ctx 4096,w4,tokens_per_s,9.924277305603027,tokens/s,GENIE,https://huggingface.co/qualcomm/Llama-v3.2-1B-Instruct,official: Qualcomm AI Hub HF card; device chipset as stated 'Snapdragon® X Elite'; context length 4096; TTFT range 0.143123 - 4.579936 s
Qualcomm,Qualcomm® Dragonwing™ IQ-8275,,Llama-v3.2-1B-Instruct,text-generation,ctx 4096,w4,tokens_per_s,17.95815658569336,tokens/s,GENIE,https://huggingface.co/qualcomm/Llama-v3.2-1B-Instruct,official: Qualcomm AI Hub HF card; device chipset as stated 'Qualcomm® Dragonwing™ IQ-8275'; context length 4096; TTFT range 0.16422 - 5.25504 s
Qualcomm,Qualcomm® Dragonwing™ IQ-9075,,Llama-v3.2-1B-Instruct,text-generation,ctx 4096,w4,tokens_per_s,18.8284912109375,tokens/s,GENIE,https://huggingface.co/qualcomm/Llama-v3.2-1B-Instruct,official: Qualcomm AI Hub HF card; device chipset as stated 'Qualcomm® Dragonwing™ IQ-9075'; context length 4096; TTFT range 0.146154 - 4.676928 s
Qualcomm,Qualcomm® Dragonwing™ IQ-X7181,,Llama-v3.2-1B-Instruct,text-generation,ctx 4096,w4,tokens_per_s,9.924277305603027,tokens/s,GENIE,https://huggingface.co/qualcomm/Llama-v3.2-1B-Instruct,official: Qualcomm AI Hub HF card; device chipset as stated 'Qualcomm® Dragonwing™ IQ-X7181'; context length 4096; TTFT range 0.143123 - 4.579936 s
Qualcomm,Qualcomm® Dragonwing™ Q-8750,,Llama-v3.2-1B-Instruct,text-generation,ctx 4096,w4,tokens_per_s,34.532772064208984,tokens/s,GENIE,https://huggingface.co/qualcomm/Llama-v3.2-1B-Instruct,official: Qualcomm AI Hub HF card; device chipset as stated 'Qualcomm® Dragonwing™ Q-8750'; context length 4096; TTFT range 0.063293 - 2.025376 s
Qualcomm,Qualcomm® SA8295P,,Llama-v3.2-1B-Instruct,text-generation,ctx 4096,w4,tokens_per_s,11.0,tokens/s,GENIE,https://huggingface.co/qualcomm/Llama-v3.2-1B-Instruct,official: Qualcomm AI Hub HF card; device chipset as stated 'Qualcomm® SA8295P'; context length 4096; TTFT range 0.225 - 7.2 s
Qualcomm,Snapdragon® 8 Elite Gen 5 For Galaxy Mobile,,Llama-v3.2-1B-Instruct,text-generation,ctx 4096,w4a16,tokens_per_s,65.24008178710938,tokens/s,GENIE,https://huggingface.co/qualcomm/Llama-v3.2-1B-Instruct,official: Qualcomm AI Hub HF card; device chipset as stated 'Snapdragon® 8 Elite Gen 5 For Galaxy Mobile'; context length 4096; TTFT range 0.034485999999999996 - 1.1035519999999999 s
Qualcomm,Snapdragon® 8 Elite For Galaxy Mobile,,Llama-v3.2-1B-Instruct,text-generation,ctx 4096,w4a16,tokens_per_s,67.21784973144531,tokens/s,GENIE,https://huggingface.co/qualcomm/Llama-v3.2-1B-Instruct,official: Qualcomm AI Hub HF card; device chipset as stated 'Snapdragon® 8 Elite For Galaxy Mobile'; context length 4096; TTFT range 0.031467 - 1.006944 s
Qualcomm,Snapdragon® X2 Elite,,Llama-v3.2-1B-Instruct,text-generation,ctx 4096,w4a16,tokens_per_s,83.5631332397461,tokens/s,GENIE,https://huggingface.co/qualcomm/Llama-v3.2-1B-Instruct,official: Qualcomm AI Hub HF card; device chipset as stated 'Snapdragon® X2 Elite'; context length 4096; TTFT range 0.034478999999999996 - 1.1033279999999999 s
Qualcomm,Snapdragon® X Elite,,Llama-v3.2-1B-Instruct,text-generation,ctx 4096,w4a16,tokens_per_s,34.17634963989258,tokens/s,GENIE,https://huggingface.co/qualcomm/Llama-v3.2-1B-Instruct,official: Qualcomm AI Hub HF card; device chipset as stated 'Snapdragon® X Elite'; context length 4096; TTFT range 0.058183 - 1.861856 s
Qualcomm,Qualcomm® Dragonwing™ IQ-8275,,Llama-v3.2-1B-Instruct,text-generation,ctx 4096,w4a16,tokens_per_s,38.55495834350586,tokens/s,GENIE,https://huggingface.co/qualcomm/Llama-v3.2-1B-Instruct,official: Qualcomm AI Hub HF card; device chipset as stated 'Qualcomm® Dragonwing™ IQ-8275'; context length 4096; TTFT range 0.053002 - 1.696064 s
Qualcomm,Qualcomm® SA8775P,,Llama-v3.2-1B-Instruct,text-generation,ctx 4096,w4a16,tokens_per_s,32.61,tokens/s,GENIE,https://huggingface.co/qualcomm/Llama-v3.2-1B-Instruct,official: Qualcomm AI Hub HF card; device chipset as stated 'Qualcomm® SA8775P'; context length 4096; TTFT range 0.067938 - 2.174016 s
Qualcomm,Qualcomm® SA8650P,,Llama-v3.2-1B-Instruct,text-generation,ctx 4096,w4a16,tokens_per_s,32.61,tokens/s,GENIE,https://huggingface.co/qualcomm/Llama-v3.2-1B-Instruct,official: Qualcomm AI Hub HF card; device chipset as stated 'Qualcomm® SA8650P'; context length 4096; TTFT range 0.067938 - 2.174016 s
Qualcomm,Qualcomm® SA8255P,,Llama-v3.2-1B-Instruct,text-generation,ctx 4096,w4a16,tokens_per_s,32.61,tokens/s,GENIE,https://huggingface.co/qualcomm/Llama-v3.2-1B-Instruct,official: Qualcomm AI Hub HF card; device chipset as stated 'Qualcomm® SA8255P'; context length 4096; TTFT range 0.067938 - 2.174016 s
Qualcomm,Qualcomm® Dragonwing™ IQ-9075,,Llama-v3.2-1B-Instruct,text-generation,ctx 4096,w4a16,tokens_per_s,41.56794357299805,tokens/s,GENIE,https://huggingface.co/qualcomm/Llama-v3.2-1B-Instruct,official: Qualcomm AI Hub HF card; device chipset as stated 'Qualcomm® Dragonwing™ IQ-9075'; context length 4096; TTFT range 0.053308 - 1.705856 s
Qualcomm,Qualcomm® Dragonwing™ IQ-X7181,,Llama-v3.2-1B-Instruct,text-generation,ctx 4096,w4a16,tokens_per_s,34.17634963989258,tokens/s,GENIE,https://huggingface.co/qualcomm/Llama-v3.2-1B-Instruct,official: Qualcomm AI Hub HF card; device chipset as stated 'Qualcomm® Dragonwing™ IQ-X7181'; context length 4096; TTFT range 0.058183 - 1.861856 s
Qualcomm,Qualcomm® Dragonwing™ Q-8750,,Llama-v3.2-1B-Instruct,text-generation,ctx 4096,w4a16,tokens_per_s,67.21784973144531,tokens/s,GENIE,https://huggingface.co/qualcomm/Llama-v3.2-1B-Instruct,official: Qualcomm AI Hub HF card; device chipset as stated 'Qualcomm® Dragonwing™ Q-8750'; context length 4096; TTFT range 0.031467 - 1.006944 s
Qualcomm,Snapdragon® 8 Elite Gen 5 For Galaxy Mobile,,Llama-v3.2-1B-Instruct,text-generation,ctx 4096,w4,tokens_per_s,20.928055,tokens/s,GENIEX_QAIRT,https://huggingface.co/qualcomm/Llama-v3.2-1B-Instruct,official: Qualcomm AI Hub HF card; device chipset as stated 'Snapdragon® 8 Elite Gen 5 For Galaxy Mobile'; context length 4096; TTFT range 0.08435367741935484 - 2.699317677419355 s
Qualcomm,Snapdragon® 8 Elite For Galaxy Mobile,,Llama-v3.2-1B-Instruct,text-generation,ctx 4096,w4,tokens_per_s,20.755557,tokens/s,GENIEX_QAIRT,https://huggingface.co/qualcomm/Llama-v3.2-1B-Instruct,official: Qualcomm AI Hub HF card; device chipset as stated 'Snapdragon® 8 Elite For Galaxy Mobile'; context length 4096; TTFT range 0.1011091935483871 - 3.235494193548387 s
Qualcomm,Snapdragon® X2 Elite,,Llama-v3.2-1B-Instruct,text-generation,ctx 4096,w4,tokens_per_s,36.665777,tokens/s,GENIEX_QAIRT,https://huggingface.co/qualcomm/Llama-v3.2-1B-Instruct,official: Qualcomm AI Hub HF card; device chipset as stated 'Snapdragon® X2 Elite'; context length 4096; TTFT range 0.057497 - 1.839904 s
Qualcomm,Snapdragon® X Elite,,Llama-v3.2-1B-Instruct,text-generation,ctx 4096,w4,tokens_per_s,19.521718,tokens/s,GENIEX_QAIRT,https://huggingface.co/qualcomm/Llama-v3.2-1B-Instruct,official: Qualcomm AI Hub HF card; device chipset as stated 'Snapdragon® X Elite'; context length 4096; TTFT range 0.130986 - 4.191552 s
Qualcomm,Qualcomm® Dragonwing™ IQ-8275,,Llama-v3.2-1B-Instruct,text-generation,ctx 4096,w4,tokens_per_s,18.712888,tokens/s,GENIEX_QAIRT,https://huggingface.co/qualcomm/Llama-v3.2-1B-Instruct,official: Qualcomm AI Hub HF card; device chipset as stated 'Qualcomm® Dragonwing™ IQ-8275'; context length 4096; TTFT range 0.15729200000000002 - 5.0333440000000005 s
Qualcomm,Qualcomm® Dragonwing™ IQ-9075,,Llama-v3.2-1B-Instruct,text-generation,ctx 4096,w4,tokens_per_s,18.155601,tokens/s,GENIEX_QAIRT,https://huggingface.co/qualcomm/Llama-v3.2-1B-Instruct,official: Qualcomm AI Hub HF card; device chipset as stated 'Qualcomm® Dragonwing™ IQ-9075'; context length 4096; TTFT range 0.163653 - 5.236896 s
Qualcomm,Qualcomm® Dragonwing™ IQ-X7181,,Llama-v3.2-1B-Instruct,text-generation,ctx 4096,w4,tokens_per_s,19.521718,tokens/s,GENIEX_QAIRT,https://huggingface.co/qualcomm/Llama-v3.2-1B-Instruct,official: Qualcomm AI Hub HF card; device chipset as stated 'Qualcomm® Dragonwing™ IQ-X7181'; context length 4096; TTFT range 0.130986 - 4.191552 s
Qualcomm,Qualcomm® Dragonwing™ Q-8750,,Llama-v3.2-1B-Instruct,text-generation,ctx 4096,w4,tokens_per_s,20.755557,tokens/s,GENIEX_QAIRT,https://huggingface.co/qualcomm/Llama-v3.2-1B-Instruct,official: Qualcomm AI Hub HF card; device chipset as stated 'Qualcomm® Dragonwing™ Q-8750'; context length 4096; TTFT range 0.1011091935483871 - 3.235494193548387 s
Qualcomm,Snapdragon® 8 Elite Gen 5 For Galaxy Mobile,,Llama-v3.2-1B-Instruct,text-generation,ctx 4096,w4a16,tokens_per_s,33.977733,tokens/s,GENIEX_QAIRT,https://huggingface.co/qualcomm/Llama-v3.2-1B-Instruct,official: Qualcomm AI Hub HF card; device chipset as stated 'Snapdragon® 8 Elite Gen 5 For Galaxy Mobile'; context length 4096; TTFT range 0.05290145161290322 - 1.6928464516129031 s
Qualcomm,Snapdragon® 8 Elite For Galaxy Mobile,,Llama-v3.2-1B-Instruct,text-generation,ctx 4096,w4a16,tokens_per_s,33.529902,tokens/s,GENIEX_QAIRT,https://huggingface.co/qualcomm/Llama-v3.2-1B-Instruct,official: Qualcomm AI Hub HF card; device chipset as stated 'Snapdragon® 8 Elite For Galaxy Mobile'; context length 4096; TTFT range 0.06222803225806452 - 1.9912970322580645 s
Qualcomm,Snapdragon® X2 Elite,,Llama-v3.2-1B-Instruct,text-generation,ctx 4096,w4a16,tokens_per_s,90.553463,tokens/s,GENIEX_QAIRT,https://huggingface.co/qualcomm/Llama-v3.2-1B-Instruct,official: Qualcomm AI Hub HF card; device chipset as stated 'Snapdragon® X2 Elite'; context length 4096; TTFT range 0.027404 - 0.876928 s
Qualcomm,Snapdragon® X Elite,,Llama-v3.2-1B-Instruct,text-generation,ctx 4096,w4a16,tokens_per_s,43.477271,tokens/s,GENIEX_QAIRT,https://huggingface.co/qualcomm/Llama-v3.2-1B-Instruct,official: Qualcomm AI Hub HF card; device chipset as stated 'Snapdragon® X Elite'; context length 4096; TTFT range 0.061076 - 1.954432 s
Qualcomm,Qualcomm® Dragonwing™ IQ-8275,,Llama-v3.2-1B-Instruct,text-generation,ctx 4096,w4a16,tokens_per_s,39.495214,tokens/s,GENIEX_QAIRT,https://huggingface.co/qualcomm/Llama-v3.2-1B-Instruct,official: Qualcomm AI Hub HF card; device chipset as stated 'Qualcomm® Dragonwing™ IQ-8275'; context length 4096; TTFT range 0.058985 - 1.88752 s
Qualcomm,Qualcomm® Dragonwing™ IQ-9075,,Llama-v3.2-1B-Instruct,text-generation,ctx 4096,w4a16,tokens_per_s,39.168216,tokens/s,GENIEX_QAIRT,https://huggingface.co/qualcomm/Llama-v3.2-1B-Instruct,official: Qualcomm AI Hub HF card; device chipset as stated 'Qualcomm® Dragonwing™ IQ-9075'; context length 4096; TTFT range 0.061295999999999996 - 1.9614719999999999 s
Qualcomm,Qualcomm® Dragonwing™ IQ-X7181,,Llama-v3.2-1B-Instruct,text-generation,ctx 4096,w4a16,tokens_per_s,43.477271,tokens/s,GENIEX_QAIRT,https://huggingface.co/qualcomm/Llama-v3.2-1B-Instruct,official: Qualcomm AI Hub HF card; device chipset as stated 'Qualcomm® Dragonwing™ IQ-X7181'; context length 4096; TTFT range 0.061076 - 1.954432 s
Qualcomm,Qualcomm® Dragonwing™ Q-8750,,Llama-v3.2-1B-Instruct,text-generation,ctx 4096,w4a16,tokens_per_s,33.529902,tokens/s,GENIEX_QAIRT,https://huggingface.co/qualcomm/Llama-v3.2-1B-Instruct,official: Qualcomm AI Hub HF card; device chipset as stated 'Qualcomm® Dragonwing™ Q-8750'; context length 4096; TTFT range 0.06222803225806452 - 1.9912970322580645 s
Qualcomm,Snapdragon® 8 Elite Gen 5 For Galaxy Mobile,,Llama-v3.2-3B-Instruct-SSD,text-generation,ctx 4096,w4a16,tokens_per_s,55.22726058959961,tokens/s,GENIE,https://huggingface.co/qualcomm/Llama-v3.2-3B-Instruct-SSD,official: Qualcomm AI Hub HF card; device chipset as stated 'Snapdragon® 8 Elite Gen 5 For Galaxy Mobile'; context length 4096; TTFT range 0.057686 - 1.845952 s
Qualcomm,Snapdragon® 8 Elite For Galaxy Mobile,,Llama-v3.2-3B-Instruct-SSD,text-generation,ctx 4096,w4a16,tokens_per_s,46.106319427490234,tokens/s,GENIE,https://huggingface.co/qualcomm/Llama-v3.2-3B-Instruct-SSD,official: Qualcomm AI Hub HF card; device chipset as stated 'Snapdragon® 8 Elite For Galaxy Mobile'; context length 4096; TTFT range 0.06972400000000001 - 2.2311680000000003 s
Qualcomm,Snapdragon® X2 Elite,,Llama-v3.2-3B-Instruct-SSD,text-generation,ctx 4096,w4a16,tokens_per_s,87.5043716430664,tokens/s,GENIE,https://huggingface.co/qualcomm/Llama-v3.2-3B-Instruct-SSD,official: Qualcomm AI Hub HF card; device chipset as stated 'Snapdragon® X2 Elite'; context length 4096; TTFT range 0.04983 - 1.59456 s
Qualcomm,Snapdragon® X Elite,,Llama-v3.2-3B-Instruct-SSD,text-generation,ctx 4096,w4a16,tokens_per_s,38.86362838745117,tokens/s,GENIE,https://huggingface.co/qualcomm/Llama-v3.2-3B-Instruct-SSD,official: Qualcomm AI Hub HF card; device chipset as stated 'Snapdragon® X Elite'; context length 4096; TTFT range 0.11329 - 3.62528 s
Qualcomm,Qualcomm® Dragonwing™ IQ-8275,,Llama-v3.2-3B-Instruct-SSD,text-generation,ctx 4096,w4a16,tokens_per_s,32.29869842529297,tokens/s,GENIE,https://huggingface.co/qualcomm/Llama-v3.2-3B-Instruct-SSD,official: Qualcomm AI Hub HF card; device chipset as stated 'Qualcomm® Dragonwing™ IQ-8275'; context length 4096; TTFT range 0.113937 - 3.645984 s
Qualcomm,Qualcomm® SA8775P,,Llama-v3.2-3B-Instruct-SSD,text-generation,ctx 4096,w4a16,tokens_per_s,26.860780715942383,tokens/s,GENIE,https://huggingface.co/qualcomm/Llama-v3.2-3B-Instruct-SSD,official: Qualcomm AI Hub HF card; device chipset as stated 'Qualcomm® SA8775P'; context length 4096; TTFT range 0.10895300000000001 - 3.4864960000000003 s
Qualcomm,Qualcomm® SA8650P,,Llama-v3.2-3B-Instruct-SSD,text-generation,ctx 4096,w4a16,tokens_per_s,26.860780715942383,tokens/s,GENIE,https://huggingface.co/qualcomm/Llama-v3.2-3B-Instruct-SSD,official: Qualcomm AI Hub HF card; device chipset as stated 'Qualcomm® SA8650P'; context length 4096; TTFT range 0.10895300000000001 - 3.4864960000000003 s
Qualcomm,Qualcomm® SA8255P,,Llama-v3.2-3B-Instruct-SSD,text-generation,ctx 4096,w4a16,tokens_per_s,26.860780715942383,tokens/s,GENIE,https://huggingface.co/qualcomm/Llama-v3.2-3B-Instruct-SSD,official: Qualcomm AI Hub HF card; device chipset as stated 'Qualcomm® SA8255P'; context length 4096; TTFT range 0.10895300000000001 - 3.4864960000000003 s
Qualcomm,Qualcomm® Dragonwing™ IQ-9075,,Llama-v3.2-3B-Instruct-SSD,text-generation,ctx 4096,w4a16,tokens_per_s,31.232431411743164,tokens/s,GENIE,https://huggingface.co/qualcomm/Llama-v3.2-3B-Instruct-SSD,official: Qualcomm AI Hub HF card; device chipset as stated 'Qualcomm® Dragonwing™ IQ-9075'; context length 4096; TTFT range 0.116491 - 3.727712 s
Qualcomm,Qualcomm® Dragonwing™ IQ-X7181,,Llama-v3.2-3B-Instruct-SSD,text-generation,ctx 4096,w4a16,tokens_per_s,38.86362838745117,tokens/s,GENIE,https://huggingface.co/qualcomm/Llama-v3.2-3B-Instruct-SSD,official: Qualcomm AI Hub HF card; device chipset as stated 'Qualcomm® Dragonwing™ IQ-X7181'; context length 4096; TTFT range 0.11329 - 3.62528 s
Qualcomm,Qualcomm® Dragonwing™ Q-8750,,Llama-v3.2-3B-Instruct-SSD,text-generation,ctx 4096,w4a16,tokens_per_s,46.106319427490234,tokens/s,GENIE,https://huggingface.co/qualcomm/Llama-v3.2-3B-Instruct-SSD,official: Qualcomm AI Hub HF card; device chipset as stated 'Qualcomm® Dragonwing™ Q-8750'; context length 4096; TTFT range 0.06972400000000001 - 2.2311680000000003 s
Qualcomm,Snapdragon® 8 Elite Gen 5 For Galaxy Mobile,,Llama-v3.2-3B-Instruct-SSD,text-generation,ctx 4096,w4a16,tokens_per_s,14.73926,tokens/s,GENIEX_QAIRT,https://huggingface.co/qualcomm/Llama-v3.2-3B-Instruct-SSD,official: Qualcomm AI Hub HF card; device chipset as stated 'Snapdragon® 8 Elite Gen 5 For Galaxy Mobile'; context length 4096; TTFT range 0.1019152258064516 - 3.261287225806451 s
Qualcomm,Snapdragon® 8 Elite For Galaxy Mobile,,Llama-v3.2-3B-Instruct-SSD,text-generation,ctx 4096,w4a16,tokens_per_s,14.264689,tokens/s,GENIEX_QAIRT,https://huggingface.co/qualcomm/Llama-v3.2-3B-Instruct-SSD,official: Qualcomm AI Hub HF card; device chipset as stated 'Snapdragon® 8 Elite For Galaxy Mobile'; context length 4096; TTFT range 0.12058712903225806 - 3.858788129032258 s
Qualcomm,Snapdragon® X2 Elite,,Llama-v3.2-3B-Instruct-SSD,text-generation,ctx 4096,w4a16,tokens_per_s,77.465334,tokens/s,GENIEX_QAIRT,https://huggingface.co/qualcomm/Llama-v3.2-3B-Instruct-SSD,official: Qualcomm AI Hub HF card; device chipset as stated 'Snapdragon® X2 Elite'; context length 4096; TTFT range 0.06431006451612903 - 2.057922064516129 s
Qualcomm,Snapdragon® X Elite,,Llama-v3.2-3B-Instruct-SSD,text-generation,ctx 4096,w4a16,tokens_per_s,53.593869,tokens/s,GENIEX_QAIRT,https://huggingface.co/qualcomm/Llama-v3.2-3B-Instruct-SSD,official: Qualcomm AI Hub HF card; device chipset as stated 'Snapdragon® X Elite'; context length 4096; TTFT range 0.11071503225806452 - 3.5428810322580646 s
Qualcomm,Qualcomm® Dragonwing™ IQ-8275,,Llama-v3.2-3B-Instruct-SSD,text-generation,ctx 4096,w4a16,tokens_per_s,43.923491,tokens/s,GENIEX_QAIRT,https://huggingface.co/qualcomm/Llama-v3.2-3B-Instruct-SSD,official: Qualcomm AI Hub HF card; device chipset as stated 'Qualcomm® Dragonwing™ IQ-8275'; context length 4096; TTFT range 0.1166311935483871 - 3.732198193548387 s
Qualcomm,Qualcomm® Dragonwing™ IQ-9075,,Llama-v3.2-3B-Instruct-SSD,text-generation,ctx 4096,w4a16,tokens_per_s,45.589144,tokens/s,GENIEX_QAIRT,https://huggingface.co/qualcomm/Llama-v3.2-3B-Instruct-SSD,official: Qualcomm AI Hub HF card; device chipset as stated 'Qualcomm® Dragonwing™ IQ-9075'; context length 4096; TTFT range 0.1179946129032258 - 3.7758276129032255 s
Qualcomm,Qualcomm® Dragonwing™ IQ-X7181,,Llama-v3.2-3B-Instruct-SSD,text-generation,ctx 4096,w4a16,tokens_per_s,53.593869,tokens/s,GENIEX_QAIRT,https://huggingface.co/qualcomm/Llama-v3.2-3B-Instruct-SSD,official: Qualcomm AI Hub HF card; device chipset as stated 'Qualcomm® Dragonwing™ IQ-X7181'; context length 4096; TTFT range 0.11071503225806452 - 3.5428810322580646 s
Qualcomm,Qualcomm® Dragonwing™ Q-8750,,Llama-v3.2-3B-Instruct-SSD,text-generation,ctx 4096,w4a16,tokens_per_s,14.264689,tokens/s,GENIEX_QAIRT,https://huggingface.co/qualcomm/Llama-v3.2-3B-Instruct-SSD,official: Qualcomm AI Hub HF card; device chipset as stated 'Qualcomm® Dragonwing™ Q-8750'; context length 4096; TTFT range 0.12058712903225806 - 3.858788129032258 s
Qualcomm,Snapdragon® 8 Elite Gen 5 For Galaxy Mobile,,Llama-v3.2-3B-Instruct,text-generation,ctx 4096,w4,tokens_per_s,15.56686782836914,tokens/s,GENIE,https://huggingface.co/qualcomm/Llama-v3.2-3B-Instruct,official: Qualcomm AI Hub HF card; device chipset as stated 'Snapdragon® 8 Elite Gen 5 For Galaxy Mobile'; context length 4096; TTFT range 0.126388 - 4.044416 s
Qualcomm,Snapdragon® 8 Elite For Galaxy Mobile,,Llama-v3.2-3B-Instruct,text-generation,ctx 4096,w4,tokens_per_s,14.32213306427002,tokens/s,GENIE,https://huggingface.co/qualcomm/Llama-v3.2-3B-Instruct,official: Qualcomm AI Hub HF card; device chipset as stated 'Snapdragon® 8 Elite For Galaxy Mobile'; context length 4096; TTFT range 0.141308 - 4.521856 s
Qualcomm,Snapdragon® X2 Elite,,Llama-v3.2-3B-Instruct,text-generation,ctx 4096,w4,tokens_per_s,15.719315528869629,tokens/s,GENIE,https://huggingface.co/qualcomm/Llama-v3.2-3B-Instruct,official: Qualcomm AI Hub HF card; device chipset as stated 'Snapdragon® X2 Elite'; context length 4096; TTFT range 0.13342500000000002 - 4.2696000000000005 s
Qualcomm,Snapdragon® X Elite,,Llama-v3.2-3B-Instruct,text-generation,ctx 4096,w4,tokens_per_s,5.476031303405762,tokens/s,GENIE,https://huggingface.co/qualcomm/Llama-v3.2-3B-Instruct,official: Qualcomm AI Hub HF card; device chipset as stated 'Snapdragon® X Elite'; context length 4096; TTFT range 0.257699 - 8.246368 s
Qualcomm,Qualcomm® Dragonwing™ IQ-8275,,Llama-v3.2-3B-Instruct,text-generation,ctx 4096,w4,tokens_per_s,7.600459098815918,tokens/s,GENIE,https://huggingface.co/qualcomm/Llama-v3.2-3B-Instruct,official: Qualcomm AI Hub HF card; device chipset as stated 'Qualcomm® Dragonwing™ IQ-8275'; context length 4096; TTFT range 0.397159 - 12.709088 s
Qualcomm,Qualcomm® SA8295P,,Llama-v3.2-3B-Instruct,text-generation,ctx 1024,w4,tokens_per_s,3.523,tokens/s,GENIE,https://huggingface.co/qualcomm/Llama-v3.2-3B-Instruct,official: Qualcomm AI Hub HF card; device chipset as stated 'Qualcomm® SA8295P'; context length 1024; TTFT range 0.37311700000000003 - 2.9849360000000003 s
Qualcomm,Qualcomm® Dragonwing™ IQ-9075,,Llama-v3.2-3B-Instruct,text-generation,ctx 4096,w4,tokens_per_s,8.157272338867188,tokens/s,GENIE,https://huggingface.co/qualcomm/Llama-v3.2-3B-Instruct,official: Qualcomm AI Hub HF card; device chipset as stated 'Qualcomm® Dragonwing™ IQ-9075'; context length 4096; TTFT range 0.311378 - 9.964096 s
Qualcomm,Qualcomm® Dragonwing™ IQ-X7181,,Llama-v3.2-3B-Instruct,text-generation,ctx 4096,w4,tokens_per_s,5.476031303405762,tokens/s,GENIE,https://huggingface.co/qualcomm/Llama-v3.2-3B-Instruct,official: Qualcomm AI Hub HF card; device chipset as stated 'Qualcomm® Dragonwing™ IQ-X7181'; context length 4096; TTFT range 0.257699 - 8.246368 s
Qualcomm,Qualcomm® Dragonwing™ Q-8750,,Llama-v3.2-3B-Instruct,text-generation,ctx 4096,w4,tokens_per_s,14.32213306427002,tokens/s,GENIE,https://huggingface.co/qualcomm/Llama-v3.2-3B-Instruct,official: Qualcomm AI Hub HF card; device chipset as stated 'Qualcomm® Dragonwing™ Q-8750'; context length 4096; TTFT range 0.141308 - 4.521856 s
Qualcomm,Snapdragon® 8 Elite Gen 5 For Galaxy Mobile,,Llama-v3.2-3B-Instruct,text-generation,ctx 4096,w4a16,tokens_per_s,28.16663360595703,tokens/s,GENIE,https://huggingface.co/qualcomm/Llama-v3.2-3B-Instruct,official: Qualcomm AI Hub HF card; device chipset as stated 'Snapdragon® 8 Elite Gen 5 For Galaxy Mobile'; context length 4096; TTFT range 0.072227 - 2.311264 s
Qualcomm,Snapdragon® 8 Elite For Galaxy Mobile,,Llama-v3.2-3B-Instruct,text-generation,ctx 4096,w4a16,tokens_per_s,26.502702713012695,tokens/s,GENIE,https://huggingface.co/qualcomm/Llama-v3.2-3B-Instruct,official: Qualcomm AI Hub HF card; device chipset as stated 'Snapdragon® 8 Elite For Galaxy Mobile'; context length 4096; TTFT range 0.07698 - 2.46336 s
Qualcomm,Snapdragon® X2 Elite,,Llama-v3.2-3B-Instruct,text-generation,ctx 4096,w4a16,tokens_per_s,39.84222412109375,tokens/s,GENIE,https://huggingface.co/qualcomm/Llama-v3.2-3B-Instruct,official: Qualcomm AI Hub HF card; device chipset as stated 'Snapdragon® X2 Elite'; context length 4096; TTFT range 0.099425 - 3.1816 s
Qualcomm,Snapdragon® X Elite,,Llama-v3.2-3B-Instruct,text-generation,ctx 4096,w4a16,tokens_per_s,12.248597145080566,tokens/s,GENIE,https://huggingface.co/qualcomm/Llama-v3.2-3B-Instruct,official: Qualcomm AI Hub HF card; device chipset as stated 'Snapdragon® X Elite'; context length 4096; TTFT range 0.11766599999999999 - 3.7653119999999998 s
Qualcomm,Qualcomm® Dragonwing™ IQ-8275,,Llama-v3.2-3B-Instruct,text-generation,ctx 4096,w4a16,tokens_per_s,16.66777801513672,tokens/s,GENIE,https://huggingface.co/qualcomm/Llama-v3.2-3B-Instruct,official: Qualcomm AI Hub HF card; device chipset as stated 'Qualcomm® Dragonwing™ IQ-8275'; context length 4096; TTFT range 0.242084 - 7.746688 s
Qualcomm,Qualcomm® SA8775P,,Llama-v3.2-3B-Instruct,text-generation,ctx 4096,w4a16,tokens_per_s,17.47,tokens/s,GENIE,https://huggingface.co/qualcomm/Llama-v3.2-3B-Instruct,official: Qualcomm AI Hub HF card; device chipset as stated 'Qualcomm® SA8775P'; context length 4096; TTFT range 0.109614 - 3.507648 s
Qualcomm,Qualcomm® SA8650P,,Llama-v3.2-3B-Instruct,text-generation,ctx 4096,w4a16,tokens_per_s,17.47,tokens/s,GENIE,https://huggingface.co/qualcomm/Llama-v3.2-3B-Instruct,official: Qualcomm AI Hub HF card; device chipset as stated 'Qualcomm® SA8650P'; context length 4096; TTFT range 0.109614 - 3.507648 s
Qualcomm,Qualcomm® SA8255P,,Llama-v3.2-3B-Instruct,text-generation,ctx 4096,w4a16,tokens_per_s,17.47,tokens/s,GENIE,https://huggingface.co/qualcomm/Llama-v3.2-3B-Instruct,official: Qualcomm AI Hub HF card; device chipset as stated 'Qualcomm® SA8255P'; context length 4096; TTFT range 0.109614 - 3.507648 s
Qualcomm,Qualcomm® Dragonwing™ IQ-9075,,Llama-v3.2-3B-Instruct,text-generation,ctx 4096,w4a16,tokens_per_s,16.845792770385742,tokens/s,GENIE,https://huggingface.co/qualcomm/Llama-v3.2-3B-Instruct,official: Qualcomm AI Hub HF card; device chipset as stated 'Qualcomm® Dragonwing™ IQ-9075'; context length 4096; TTFT range 0.10630500000000001 - 3.4017600000000003 s
Qualcomm,Qualcomm® Dragonwing™ IQ-X7181,,Llama-v3.2-3B-Instruct,text-generation,ctx 4096,w4a16,tokens_per_s,12.248597145080566,tokens/s,GENIE,https://huggingface.co/qualcomm/Llama-v3.2-3B-Instruct,official: Qualcomm AI Hub HF card; device chipset as stated 'Qualcomm® Dragonwing™ IQ-X7181'; context length 4096; TTFT range 0.11766599999999999 - 3.7653119999999998 s
Qualcomm,Qualcomm® Dragonwing™ Q-8750,,Llama-v3.2-3B-Instruct,text-generation,ctx 4096,w4a16,tokens_per_s,26.502702713012695,tokens/s,GENIE,https://huggingface.co/qualcomm/Llama-v3.2-3B-Instruct,official: Qualcomm AI Hub HF card; device chipset as stated 'Qualcomm® Dragonwing™ Q-8750'; context length 4096; TTFT range 0.07698 - 2.46336 s
Qualcomm,Snapdragon® 8 Elite Gen 5 For Galaxy Mobile,,Llama-v3.2-3B-Instruct,text-generation,ctx 4096,w4,tokens_per_s,11.294431,tokens/s,GENIEX_QAIRT,https://huggingface.co/qualcomm/Llama-v3.2-3B-Instruct,official: Qualcomm AI Hub HF card; device chipset as stated 'Snapdragon® 8 Elite Gen 5 For Galaxy Mobile'; context length 4096; TTFT range 0.18138509677419357 - 5.804323096774194 s
Qualcomm,Snapdragon® 8 Elite For Galaxy Mobile,,Llama-v3.2-3B-Instruct,text-generation,ctx 4096,w4,tokens_per_s,10.561446,tokens/s,GENIEX_QAIRT,https://huggingface.co/qualcomm/Llama-v3.2-3B-Instruct,official: Qualcomm AI Hub HF card; device chipset as stated 'Snapdragon® 8 Elite For Galaxy Mobile'; context length 4096; TTFT range 0.18271293548387096 - 5.846813935483871 s
Qualcomm,Snapdragon® X2 Elite,,Llama-v3.2-3B-Instruct,text-generation,ctx 4096,w4,tokens_per_s,16.409295,tokens/s,GENIEX_QAIRT,https://huggingface.co/qualcomm/Llama-v3.2-3B-Instruct,official: Qualcomm AI Hub HF card; device chipset as stated 'Snapdragon® X2 Elite'; context length 4096; TTFT range 0.16508099999999998 - 5.282591999999999 s
Qualcomm,Snapdragon® X Elite,,Llama-v3.2-3B-Instruct,text-generation,ctx 4096,w4,tokens_per_s,8.794368,tokens/s,GENIEX_QAIRT,https://huggingface.co/qualcomm/Llama-v3.2-3B-Instruct,official: Qualcomm AI Hub HF card; device chipset as stated 'Snapdragon® X Elite'; context length 4096; TTFT range 0.274154 - 8.772928 s
Qualcomm,Qualcomm® Dragonwing™ IQ-8275,,Llama-v3.2-3B-Instruct,text-generation,ctx 4096,w4,tokens_per_s,8.431866,tokens/s,GENIEX_QAIRT,https://huggingface.co/qualcomm/Llama-v3.2-3B-Instruct,official: Qualcomm AI Hub HF card; device chipset as stated 'Qualcomm® Dragonwing™ IQ-8275'; context length 4096; TTFT range 0.344866 - 11.035712 s
Qualcomm,Qualcomm® Dragonwing™ IQ-9075,,Llama-v3.2-3B-Instruct,text-generation,ctx 4096,w4,tokens_per_s,8.445666,tokens/s,GENIEX_QAIRT,https://huggingface.co/qualcomm/Llama-v3.2-3B-Instruct,official: Qualcomm AI Hub HF card; device chipset as stated 'Qualcomm® Dragonwing™ IQ-9075'; context length 4096; TTFT range 0.345638 - 11.060416 s
Qualcomm,Qualcomm® Dragonwing™ IQ-X7181,,Llama-v3.2-3B-Instruct,text-generation,ctx 4096,w4,tokens_per_s,8.794368,tokens/s,GENIEX_QAIRT,https://huggingface.co/qualcomm/Llama-v3.2-3B-Instruct,official: Qualcomm AI Hub HF card; device chipset as stated 'Qualcomm® Dragonwing™ IQ-X7181'; context length 4096; TTFT range 0.274154 - 8.772928 s
Qualcomm,Qualcomm® Dragonwing™ Q-8750,,Llama-v3.2-3B-Instruct,text-generation,ctx 4096,w4,tokens_per_s,10.561446,tokens/s,GENIEX_QAIRT,https://huggingface.co/qualcomm/Llama-v3.2-3B-Instruct,official: Qualcomm AI Hub HF card; device chipset as stated 'Qualcomm® Dragonwing™ Q-8750'; context length 4096; TTFT range 0.18271293548387096 - 5.846813935483871 s
Qualcomm,Snapdragon® 8 Elite Gen 5 For Galaxy Mobile,,Llama-v3.2-3B-Instruct,text-generation,ctx 4096,w4a16,tokens_per_s,16.330482,tokens/s,GENIEX_QAIRT,https://huggingface.co/qualcomm/Llama-v3.2-3B-Instruct,official: Qualcomm AI Hub HF card; device chipset as stated 'Snapdragon® 8 Elite Gen 5 For Galaxy Mobile'; context length 4096; TTFT range 0.09608203225806451 - 3.0746250322580644 s
Qualcomm,Snapdragon® 8 Elite For Galaxy Mobile,,Llama-v3.2-3B-Instruct,text-generation,ctx 4096,w4a16,tokens_per_s,17.197912,tokens/s,GENIEX_QAIRT,https://huggingface.co/qualcomm/Llama-v3.2-3B-Instruct,official: Qualcomm AI Hub HF card; device chipset as stated 'Snapdragon® 8 Elite For Galaxy Mobile'; context length 4096; TTFT range 0.09500419354838709 - 3.0401341935483868 s
Qualcomm,Snapdragon® X2 Elite,,Llama-v3.2-3B-Instruct,text-generation,ctx 4096,w4a16,tokens_per_s,42.751892,tokens/s,GENIEX_QAIRT,https://huggingface.co/qualcomm/Llama-v3.2-3B-Instruct,official: Qualcomm AI Hub HF card; device chipset as stated 'Snapdragon® X2 Elite'; context length 4096; TTFT range 0.061876 - 1.980032 s
Qualcomm,Snapdragon® X Elite,,Llama-v3.2-3B-Instruct,text-generation,ctx 4096,w4a16,tokens_per_s,19.824873,tokens/s,GENIEX_QAIRT,https://huggingface.co/qualcomm/Llama-v3.2-3B-Instruct,official: Qualcomm AI Hub HF card; device chipset as stated 'Snapdragon® X Elite'; context length 4096; TTFT range 0.129435 - 4.14192 s
Qualcomm,Qualcomm® Dragonwing™ IQ-8275,,Llama-v3.2-3B-Instruct,text-generation,ctx 4096,w4a16,tokens_per_s,16.759964,tokens/s,GENIEX_QAIRT,https://huggingface.co/qualcomm/Llama-v3.2-3B-Instruct,official: Qualcomm AI Hub HF card; device chipset as stated 'Qualcomm® Dragonwing™ IQ-8275'; context length 4096; TTFT range 0.12714 - 4.06848 s
Qualcomm,Qualcomm® Dragonwing™ IQ-9075,,Llama-v3.2-3B-Instruct,text-generation,ctx 4096,w4a16,tokens_per_s,18.385306,tokens/s,GENIEX_QAIRT,https://huggingface.co/qualcomm/Llama-v3.2-3B-Instruct,official: Qualcomm AI Hub HF card; device chipset as stated 'Qualcomm® Dragonwing™ IQ-9075'; context length 4096; TTFT range 0.12773 - 4.08736 s
Qualcomm,Qualcomm® Dragonwing™ IQ-X7181,,Llama-v3.2-3B-Instruct,text-generation,ctx 4096,w4a16,tokens_per_s,19.824873,tokens/s,GENIEX_QAIRT,https://huggingface.co/qualcomm/Llama-v3.2-3B-Instruct,official: Qualcomm AI Hub HF card; device chipset as stated 'Qualcomm® Dragonwing™ IQ-X7181'; context length 4096; TTFT range 0.129435 - 4.14192 s
Qualcomm,Qualcomm® Dragonwing™ Q-8750,,Llama-v3.2-3B-Instruct,text-generation,ctx 4096,w4a16,tokens_per_s,17.197912,tokens/s,GENIEX_QAIRT,https://huggingface.co/qualcomm/Llama-v3.2-3B-Instruct,official: Qualcomm AI Hub HF card; device chipset as stated 'Qualcomm® Dragonwing™ Q-8750'; context length 4096; TTFT range 0.09500419354838709 - 3.0401341935483868 s
Qualcomm,Snapdragon® X2 Elite,,Llama3-TAIDE-LX-8B-Chat-Alpha1,text-generation,ctx 4096,w4a16,tokens_per_s,22.244472312927247,tokens/s,GENIE,https://huggingface.co/qualcomm/Llama3-TAIDE-LX-8B-Chat-Alpha1,official: Qualcomm AI Hub HF card; device chipset as stated 'Snapdragon® X2 Elite'; context length 4096; TTFT range 0.1362849 - 4.3611168 s
Qualcomm,Snapdragon® X Elite,,Llama3-TAIDE-LX-8B-Chat-Alpha1,text-generation,ctx 4096,w4a16,tokens_per_s,7.201948595046997,tokens/s,GENIE,https://huggingface.co/qualcomm/Llama3-TAIDE-LX-8B-Chat-Alpha1,official: Qualcomm AI Hub HF card; device chipset as stated 'Snapdragon® X Elite'; context length 4096; TTFT range 0.22299370000000002 - 7.1357984000000005 s
Qualcomm,Qualcomm® Dragonwing™ IQ-9075,,Llama3-TAIDE-LX-8B-Chat-Alpha1,text-generation,ctx 4096,w4a16,tokens_per_s,11.305743980407716,tokens/s,GENIE,https://huggingface.co/qualcomm/Llama3-TAIDE-LX-8B-Chat-Alpha1,official: Qualcomm AI Hub HF card; device chipset as stated 'Qualcomm® Dragonwing™ IQ-9075'; context length 4096; TTFT range 0.1831854 - 5.8619328 s
Qualcomm,Qualcomm® Dragonwing™ IQ-X7181,,Llama3-TAIDE-LX-8B-Chat-Alpha1,text-generation,ctx 4096,w4a16,tokens_per_s,7.201948595046997,tokens/s,GENIE,https://huggingface.co/qualcomm/Llama3-TAIDE-LX-8B-Chat-Alpha1,official: Qualcomm AI Hub HF card; device chipset as stated 'Qualcomm® Dragonwing™ IQ-X7181'; context length 4096; TTFT range 0.22299370000000002 - 7.1357984000000005 s
Qualcomm,Qualcomm® Dragonwing™ Q-8750,,Llama3-TAIDE-LX-8B-Chat-Alpha1,text-generation,ctx 4096,w4a16,tokens_per_s,15.232870101928711,tokens/s,GENIE,https://huggingface.co/qualcomm/Llama3-TAIDE-LX-8B-Chat-Alpha1,official: Qualcomm AI Hub HF card; device chipset as stated 'Qualcomm® Dragonwing™ Q-8750'; context length 4096; TTFT range 0.12542460000000002 - 4.013587200000001 s
Qualcomm,Snapdragon® 8 Elite Gen 5 For Galaxy Mobile,,Llama3-TAIDE-LX-8B-Chat-Alpha1,text-generation,ctx 4096,w4a16,tokens_per_s,8.611783,tokens/s,GENIEX_QAIRT,https://huggingface.co/qualcomm/Llama3-TAIDE-LX-8B-Chat-Alpha1,official: Qualcomm AI Hub HF card; device chipset as stated 'Snapdragon® 8 Elite Gen 5 For Galaxy Mobile'; context length 4096; TTFT range 0.16978032258064513 - 5.432970322580644 s
Qualcomm,Snapdragon® 8 Elite For Galaxy Mobile,,Llama3-TAIDE-LX-8B-Chat-Alpha1,text-generation,ctx 4096,w4a16,tokens_per_s,10.029249,tokens/s,GENIEX_QAIRT,https://huggingface.co/qualcomm/Llama3-TAIDE-LX-8B-Chat-Alpha1,official: Qualcomm AI Hub HF card; device chipset as stated 'Snapdragon® 8 Elite For Galaxy Mobile'; context length 4096; TTFT range 0.1674080322580645 - 5.357057032258064 s
Qualcomm,Snapdragon® X2 Elite,,Llama3-TAIDE-LX-8B-Chat-Alpha1,text-generation,ctx 4096,w4a16,tokens_per_s,22.931794,tokens/s,GENIEX_QAIRT,https://huggingface.co/qualcomm/Llama3-TAIDE-LX-8B-Chat-Alpha1,official: Qualcomm AI Hub HF card; device chipset as stated 'Snapdragon® X2 Elite'; context length 4096; TTFT range 0.0978 - 3.1296 s
Qualcomm,Snapdragon® X Elite,,Llama3-TAIDE-LX-8B-Chat-Alpha1,text-generation,ctx 4096,w4a16,tokens_per_s,11.604306,tokens/s,GENIEX_QAIRT,https://huggingface.co/qualcomm/Llama3-TAIDE-LX-8B-Chat-Alpha1,official: Qualcomm AI Hub HF card; device chipset as stated 'Snapdragon® X Elite'; context length 4096; TTFT range 0.21669999999999998 - 6.934399999999999 s
Qualcomm,Qualcomm® Dragonwing™ IQ-8275,,Llama3-TAIDE-LX-8B-Chat-Alpha1,text-generation,ctx 4096,w4a16,tokens_per_s,9.681806,tokens/s,GENIEX_QAIRT,https://huggingface.co/qualcomm/Llama3-TAIDE-LX-8B-Chat-Alpha1,official: Qualcomm AI Hub HF card; device chipset as stated 'Qualcomm® Dragonwing™ IQ-8275'; context length 4096; TTFT range 0.214178 - 6.853696 s
Qualcomm,Qualcomm® Dragonwing™ IQ-9075,,Llama3-TAIDE-LX-8B-Chat-Alpha1,text-generation,ctx 4096,w4a16,tokens_per_s,10.311971,tokens/s,GENIEX_QAIRT,https://huggingface.co/qualcomm/Llama3-TAIDE-LX-8B-Chat-Alpha1,official: Qualcomm AI Hub HF card; device chipset as stated 'Qualcomm® Dragonwing™ IQ-9075'; context length 4096; TTFT range 0.2072 - 6.6304 s
Qualcomm,Qualcomm® Dragonwing™ IQ-X7181,,Llama3-TAIDE-LX-8B-Chat-Alpha1,text-generation,ctx 4096,w4a16,tokens_per_s,11.604306,tokens/s,GENIEX_QAIRT,https://huggingface.co/qualcomm/Llama3-TAIDE-LX-8B-Chat-Alpha1,official: Qualcomm AI Hub HF card; device chipset as stated 'Qualcomm® Dragonwing™ IQ-X7181'; context length 4096; TTFT range 0.21669999999999998 - 6.934399999999999 s
Qualcomm,Qualcomm® Dragonwing™ Q-8750,,Llama3-TAIDE-LX-8B-Chat-Alpha1,text-generation,ctx 4096,w4a16,tokens_per_s,10.029249,tokens/s,GENIEX_QAIRT,https://huggingface.co/qualcomm/Llama3-TAIDE-LX-8B-Chat-Alpha1,official: Qualcomm AI Hub HF card; device chipset as stated 'Qualcomm® Dragonwing™ Q-8750'; context length 4096; TTFT range 0.1674080322580645 - 5.357057032258064 s
Qualcomm,Snapdragon® 8 Elite Gen 5 For Galaxy Mobile,,MediaPipe-Face-Detection,object-detection,256x256,float,latency_ms,0.349,ms,ONNX,https://huggingface.co/qualcomm/MediaPipe-Face-Detection,official: Qualcomm AI Hub HF card; device chipset as stated 'Snapdragon® 8 Elite Gen 5 For Galaxy Mobile'; peak memory 0 - 35 MB; compute unit NPU
Qualcomm,Snapdragon® 8 Elite For Galaxy Mobile,,MediaPipe-Face-Detection,object-detection,256x256,float,latency_ms,0.407,ms,ONNX,https://huggingface.co/qualcomm/MediaPipe-Face-Detection,official: Qualcomm AI Hub HF card; device chipset as stated 'Snapdragon® 8 Elite For Galaxy Mobile'; peak memory 0 - 38 MB; compute unit NPU
Qualcomm,Snapdragon® X2 Elite,,MediaPipe-Face-Detection,object-detection,256x256,float,latency_ms,0.514,ms,ONNX,https://huggingface.co/qualcomm/MediaPipe-Face-Detection,official: Qualcomm AI Hub HF card; device chipset as stated 'Snapdragon® X2 Elite'; peak memory 2 - 2 MB; compute unit NPU
Qualcomm,Snapdragon® X Elite,,MediaPipe-Face-Detection,object-detection,256x256,float,latency_ms,0.685,ms,ONNX,https://huggingface.co/qualcomm/MediaPipe-Face-Detection,official: Qualcomm AI Hub HF card; device chipset as stated 'Snapdragon® X Elite'; peak memory 2 - 2 MB; compute unit NPU
Qualcomm,Snapdragon® 8 Gen 3 Mobile,,MediaPipe-Face-Detection,object-detection,256x256,float,latency_ms,0.496,ms,ONNX,https://huggingface.co/qualcomm/MediaPipe-Face-Detection,official: Qualcomm AI Hub HF card; device chipset as stated 'Snapdragon® 8 Gen 3 Mobile'; peak memory 0 - 47 MB; compute unit NPU
Qualcomm,Snapdragon® 8 Elite Gen 5 For Galaxy Mobile,,MediaPipe-Face-Detection,object-detection,256x256,w8a8,latency_ms,0.149,ms,ONNX,https://huggingface.co/qualcomm/MediaPipe-Face-Detection,official: Qualcomm AI Hub HF card; device chipset as stated 'Snapdragon® 8 Elite Gen 5 For Galaxy Mobile'; peak memory 0 - 38 MB; compute unit NPU
Qualcomm,Snapdragon® 8 Elite For Galaxy Mobile,,MediaPipe-Face-Detection,object-detection,256x256,w8a8,latency_ms,0.164,ms,ONNX,https://huggingface.co/qualcomm/MediaPipe-Face-Detection,official: Qualcomm AI Hub HF card; device chipset as stated 'Snapdragon® 8 Elite For Galaxy Mobile'; peak memory 0 - 38 MB; compute unit NPU
Qualcomm,Snapdragon® X2 Elite,,MediaPipe-Face-Detection,object-detection,256x256,w8a8,latency_ms,0.136,ms,ONNX,https://huggingface.co/qualcomm/MediaPipe-Face-Detection,official: Qualcomm AI Hub HF card; device chipset as stated 'Snapdragon® X2 Elite'; peak memory 1 - 1 MB; compute unit NPU
Qualcomm,Snapdragon® X Elite,,MediaPipe-Face-Detection,object-detection,256x256,w8a8,latency_ms,0.257,ms,ONNX,https://huggingface.co/qualcomm/MediaPipe-Face-Detection,official: Qualcomm AI Hub HF card; device chipset as stated 'Snapdragon® X Elite'; peak memory 1 - 1 MB; compute unit NPU
Qualcomm,Snapdragon® 8 Gen 3 Mobile,,MediaPipe-Face-Detection,object-detection,256x256,w8a8,latency_ms,0.195,ms,ONNX,https://huggingface.co/qualcomm/MediaPipe-Face-Detection,official: Qualcomm AI Hub HF card; device chipset as stated 'Snapdragon® 8 Gen 3 Mobile'; peak memory 0 - 48 MB; compute unit NPU
Qualcomm,Snapdragon® 8 Elite Gen 5 For Galaxy Mobile,,MediaPipe-Face-Detection,object-detection,256x256,float,latency_ms,0.284,ms,QNN_DLC,https://huggingface.co/qualcomm/MediaPipe-Face-Detection,official: Qualcomm AI Hub HF card; device chipset as stated 'Snapdragon® 8 Elite Gen 5 For Galaxy Mobile'; peak memory 0 - 32 MB; compute unit NPU
Qualcomm,Snapdragon® 8 Elite For Galaxy Mobile,,MediaPipe-Face-Detection,object-detection,256x256,float,latency_ms,0.334,ms,QNN_DLC,https://huggingface.co/qualcomm/MediaPipe-Face-Detection,official: Qualcomm AI Hub HF card; device chipset as stated 'Snapdragon® 8 Elite For Galaxy Mobile'; peak memory 0 - 35 MB; compute unit NPU
Qualcomm,Snapdragon® X2 Elite,,MediaPipe-Face-Detection,object-detection,256x256,float,latency_ms,0.529,ms,QNN_DLC,https://huggingface.co/qualcomm/MediaPipe-Face-Detection,official: Qualcomm AI Hub HF card; device chipset as stated 'Snapdragon® X2 Elite'; peak memory 1 - 1 MB; compute unit NPU
Qualcomm,Snapdragon® X Elite,,MediaPipe-Face-Detection,object-detection,256x256,float,latency_ms,0.675,ms,QNN_DLC,https://huggingface.co/qualcomm/MediaPipe-Face-Detection,official: Qualcomm AI Hub HF card; device chipset as stated 'Snapdragon® X Elite'; peak memory 1 - 1 MB; compute unit NPU
Qualcomm,Snapdragon® 8 Gen 3 Mobile,,MediaPipe-Face-Detection,object-detection,256x256,float,latency_ms,0.395,ms,QNN_DLC,https://huggingface.co/qualcomm/MediaPipe-Face-Detection,official: Qualcomm AI Hub HF card; device chipset as stated 'Snapdragon® 8 Gen 3 Mobile'; peak memory 0 - 43 MB; compute unit NPU
Qualcomm,Snapdragon® 8 Elite Gen 5 For Galaxy Mobile,,MediaPipe-Face-Detection,object-detection,256x256,w8a8,latency_ms,0.134,ms,QNN_DLC,https://huggingface.co/qualcomm/MediaPipe-Face-Detection,official: Qualcomm AI Hub HF card; device chipset as stated 'Snapdragon® 8 Elite Gen 5 For Galaxy Mobile'; peak memory 0 - 33 MB; compute unit NPU
Qualcomm,Snapdragon® 8 Elite For Galaxy Mobile,,MediaPipe-Face-Detection,object-detection,256x256,w8a8,latency_ms,0.139,ms,QNN_DLC,https://huggingface.co/qualcomm/MediaPipe-Face-Detection,official: Qualcomm AI Hub HF card; device chipset as stated 'Snapdragon® 8 Elite For Galaxy Mobile'; peak memory 0 - 31 MB; compute unit NPU
Qualcomm,Snapdragon® X2 Elite,,MediaPipe-Face-Detection,object-detection,256x256,w8a8,latency_ms,0.228,ms,QNN_DLC,https://huggingface.co/qualcomm/MediaPipe-Face-Detection,official: Qualcomm AI Hub HF card; device chipset as stated 'Snapdragon® X2 Elite'; peak memory 0 - 0 MB; compute unit NPU
Qualcomm,Snapdragon® X Elite,,MediaPipe-Face-Detection,object-detection,256x256,w8a8,latency_ms,0.328,ms,QNN_DLC,https://huggingface.co/qualcomm/MediaPipe-Face-Detection,official: Qualcomm AI Hub HF card; device chipset as stated 'Snapdragon® X Elite'; peak memory 0 - 0 MB; compute unit NPU
Qualcomm,Snapdragon® 8 Gen 3 Mobile,,MediaPipe-Face-Detection,object-detection,256x256,w8a8,latency_ms,0.165,ms,QNN_DLC,https://huggingface.co/qualcomm/MediaPipe-Face-Detection,official: Qualcomm AI Hub HF card; device chipset as stated 'Snapdragon® 8 Gen 3 Mobile'; peak memory 0 - 42 MB; compute unit NPU
Qualcomm,Snapdragon® 8 Elite Gen 5 For Galaxy Mobile,,MediaPipe-Face-Detection,object-detection,256x256,float,latency_ms,0.287,ms,TFLITE,https://huggingface.co/qualcomm/MediaPipe-Face-Detection,official: Qualcomm AI Hub HF card; device chipset as stated 'Snapdragon® 8 Elite Gen 5 For Galaxy Mobile'; peak memory 0 - 32 MB; compute unit NPU
Qualcomm,Snapdragon® 8 Elite For Galaxy Mobile,,MediaPipe-Face-Detection,object-detection,256x256,float,latency_ms,0.34,ms,TFLITE,https://huggingface.co/qualcomm/MediaPipe-Face-Detection,official: Qualcomm AI Hub HF card; device chipset as stated 'Snapdragon® 8 Elite For Galaxy Mobile'; peak memory 0 - 35 MB; compute unit NPU
Qualcomm,Snapdragon® 8 Gen 3 Mobile,,MediaPipe-Face-Detection,object-detection,256x256,float,latency_ms,0.394,ms,TFLITE,https://huggingface.co/qualcomm/MediaPipe-Face-Detection,official: Qualcomm AI Hub HF card; device chipset as stated 'Snapdragon® 8 Gen 3 Mobile'; peak memory 0 - 43 MB; compute unit NPU
Qualcomm,Snapdragon® 8 Elite Gen 5 For Galaxy Mobile,,MediaPipe-Face-Detection,object-detection,256x256,w8a8,latency_ms,0.133,ms,TFLITE,https://huggingface.co/qualcomm/MediaPipe-Face-Detection,official: Qualcomm AI Hub HF card; device chipset as stated 'Snapdragon® 8 Elite Gen 5 For Galaxy Mobile'; peak memory 0 - 31 MB; compute unit NPU
Qualcomm,Snapdragon® 8 Elite For Galaxy Mobile,,MediaPipe-Face-Detection,object-detection,256x256,w8a8,latency_ms,0.142,ms,TFLITE,https://huggingface.co/qualcomm/MediaPipe-Face-Detection,official: Qualcomm AI Hub HF card; device chipset as stated 'Snapdragon® 8 Elite For Galaxy Mobile'; peak memory 0 - 29 MB; compute unit NPU
Qualcomm,Snapdragon® 8 Gen 3 Mobile,,MediaPipe-Face-Detection,object-detection,256x256,w8a8,latency_ms,0.163,ms,TFLITE,https://huggingface.co/qualcomm/MediaPipe-Face-Detection,official: Qualcomm AI Hub HF card; device chipset as stated 'Snapdragon® 8 Gen 3 Mobile'; peak memory 0 - 41 MB; compute unit NPU
Qualcomm,Snapdragon® 8 Elite Gen 5 For Galaxy Mobile,,MediaPipe-Face-Detection,object-detection,256x256,float,latency_ms,0.164,ms,ONNX,https://huggingface.co/qualcomm/MediaPipe-Face-Detection,official: Qualcomm AI Hub HF card; device chipset as stated 'Snapdragon® 8 Elite Gen 5 For Galaxy Mobile'; peak memory 0 - 28 MB; compute unit NPU
Qualcomm,Snapdragon® 8 Elite For Galaxy Mobile,,MediaPipe-Face-Detection,object-detection,256x256,float,latency_ms,0.178,ms,ONNX,https://huggingface.co/qualcomm/MediaPipe-Face-Detection,official: Qualcomm AI Hub HF card; device chipset as stated 'Snapdragon® 8 Elite For Galaxy Mobile'; peak memory 0 - 32 MB; compute unit NPU
Qualcomm,Snapdragon® X2 Elite,,MediaPipe-Face-Detection,object-detection,256x256,float,latency_ms,0.153,ms,ONNX,https://huggingface.co/qualcomm/MediaPipe-Face-Detection,official: Qualcomm AI Hub HF card; device chipset as stated 'Snapdragon® X2 Elite'; peak memory 1 - 1 MB; compute unit NPU
Qualcomm,Snapdragon® X Elite,,MediaPipe-Face-Detection,object-detection,256x256,float,latency_ms,0.265,ms,ONNX,https://huggingface.co/qualcomm/MediaPipe-Face-Detection,official: Qualcomm AI Hub HF card; device chipset as stated 'Snapdragon® X Elite'; peak memory 0 - 0 MB; compute unit NPU
Qualcomm,Snapdragon® 8 Gen 3 Mobile,,MediaPipe-Face-Detection,object-detection,256x256,float,latency_ms,0.211,ms,ONNX,https://huggingface.co/qualcomm/MediaPipe-Face-Detection,official: Qualcomm AI Hub HF card; device chipset as stated 'Snapdragon® 8 Gen 3 Mobile'; peak memory 0 - 39 MB; compute unit NPU
Qualcomm,Snapdragon® 8 Elite Gen 5 For Galaxy Mobile,,MediaPipe-Face-Detection,object-detection,256x256,w8a8,latency_ms,0.126,ms,ONNX,https://huggingface.co/qualcomm/MediaPipe-Face-Detection,official: Qualcomm AI Hub HF card; device chipset as stated 'Snapdragon® 8 Elite Gen 5 For Galaxy Mobile'; peak memory 0 - 31 MB; compute unit NPU
Qualcomm,Snapdragon® 8 Elite For Galaxy Mobile,,MediaPipe-Face-Detection,object-detection,256x256,w8a8,latency_ms,0.132,ms,ONNX,https://huggingface.co/qualcomm/MediaPipe-Face-Detection,official: Qualcomm AI Hub HF card; device chipset as stated 'Snapdragon® 8 Elite For Galaxy Mobile'; peak memory 0 - 36 MB; compute unit NPU
Qualcomm,Snapdragon® X2 Elite,,MediaPipe-Face-Detection,object-detection,256x256,w8a8,latency_ms,0.108,ms,ONNX,https://huggingface.co/qualcomm/MediaPipe-Face-Detection,official: Qualcomm AI Hub HF card; device chipset as stated 'Snapdragon® X2 Elite'; peak memory 1 - 1 MB; compute unit NPU
Qualcomm,Snapdragon® X Elite,,MediaPipe-Face-Detection,object-detection,256x256,w8a8,latency_ms,0.179,ms,ONNX,https://huggingface.co/qualcomm/MediaPipe-Face-Detection,official: Qualcomm AI Hub HF card; device chipset as stated 'Snapdragon® X Elite'; peak memory 0 - 0 MB; compute unit NPU
Qualcomm,Snapdragon® 8 Gen 3 Mobile,,MediaPipe-Face-Detection,object-detection,256x256,w8a8,latency_ms,0.15,ms,ONNX,https://huggingface.co/qualcomm/MediaPipe-Face-Detection,official: Qualcomm AI Hub HF card; device chipset as stated 'Snapdragon® 8 Gen 3 Mobile'; peak memory 0 - 44 MB; compute unit NPU
Qualcomm,Snapdragon® 8 Elite Gen 5 For Galaxy Mobile,,MediaPipe-Face-Detection,object-detection,256x256,float,latency_ms,0.112,ms,QNN_DLC,https://huggingface.co/qualcomm/MediaPipe-Face-Detection,official: Qualcomm AI Hub HF card; device chipset as stated 'Snapdragon® 8 Elite Gen 5 For Galaxy Mobile'; peak memory 0 - 27 MB; compute unit NPU
Qualcomm,Snapdragon® 8 Elite For Galaxy Mobile,,MediaPipe-Face-Detection,object-detection,256x256,float,latency_ms,0.134,ms,QNN_DLC,https://huggingface.co/qualcomm/MediaPipe-Face-Detection,official: Qualcomm AI Hub HF card; device chipset as stated 'Snapdragon® 8 Elite For Galaxy Mobile'; peak memory 0 - 26 MB; compute unit NPU
Qualcomm,Snapdragon® X2 Elite,,MediaPipe-Face-Detection,object-detection,256x256,float,latency_ms,0.197,ms,QNN_DLC,https://huggingface.co/qualcomm/MediaPipe-Face-Detection,official: Qualcomm AI Hub HF card; device chipset as stated 'Snapdragon® X2 Elite'; peak memory 0 - 0 MB; compute unit NPU
Qualcomm,Snapdragon® X Elite,,MediaPipe-Face-Detection,object-detection,256x256,float,latency_ms,0.279,ms,QNN_DLC,https://huggingface.co/qualcomm/MediaPipe-Face-Detection,official: Qualcomm AI Hub HF card; device chipset as stated 'Snapdragon® X Elite'; peak memory 0 - 0 MB; compute unit NPU
Qualcomm,Snapdragon® 8 Gen 3 Mobile,,MediaPipe-Face-Detection,object-detection,256x256,float,latency_ms,0.146,ms,QNN_DLC,https://huggingface.co/qualcomm/MediaPipe-Face-Detection,official: Qualcomm AI Hub HF card; device chipset as stated 'Snapdragon® 8 Gen 3 Mobile'; peak memory 0 - 37 MB; compute unit NPU
Qualcomm,Snapdragon® 8 Elite Gen 5 For Galaxy Mobile,,MediaPipe-Face-Detection,object-detection,256x256,w8a8,latency_ms,0.099,ms,QNN_DLC,https://huggingface.co/qualcomm/MediaPipe-Face-Detection,official: Qualcomm AI Hub HF card; device chipset as stated 'Snapdragon® 8 Elite Gen 5 For Galaxy Mobile'; peak memory 0 - 28 MB; compute unit NPU
Qualcomm,Snapdragon® 8 Elite For Galaxy Mobile,,MediaPipe-Face-Detection,object-detection,256x256,w8a8,latency_ms,0.097,ms,QNN_DLC,https://huggingface.co/qualcomm/MediaPipe-Face-Detection,official: Qualcomm AI Hub HF card; device chipset as stated 'Snapdragon® 8 Elite For Galaxy Mobile'; peak memory 0 - 27 MB; compute unit NPU
Qualcomm,Snapdragon® X2 Elite,,MediaPipe-Face-Detection,object-detection,256x256,w8a8,latency_ms,0.178,ms,QNN_DLC,https://huggingface.co/qualcomm/MediaPipe-Face-Detection,official: Qualcomm AI Hub HF card; device chipset as stated 'Snapdragon® X2 Elite'; peak memory 0 - 0 MB; compute unit NPU
Qualcomm,Snapdragon® X Elite,,MediaPipe-Face-Detection,object-detection,256x256,w8a8,latency_ms,0.245,ms,QNN_DLC,https://huggingface.co/qualcomm/MediaPipe-Face-Detection,official: Qualcomm AI Hub HF card; device chipset as stated 'Snapdragon® X Elite'; peak memory 0 - 0 MB; compute unit NPU
Qualcomm,Snapdragon® 8 Gen 3 Mobile,,MediaPipe-Face-Detection,object-detection,256x256,w8a8,latency_ms,0.109,ms,QNN_DLC,https://huggingface.co/qualcomm/MediaPipe-Face-Detection,official: Qualcomm AI Hub HF card; device chipset as stated 'Snapdragon® 8 Gen 3 Mobile'; peak memory 0 - 37 MB; compute unit NPU
Qualcomm,Snapdragon® 8 Elite Gen 5 For Galaxy Mobile,,MediaPipe-Face-Detection,object-detection,256x256,float,latency_ms,0.119,ms,TFLITE,https://huggingface.co/qualcomm/MediaPipe-Face-Detection,official: Qualcomm AI Hub HF card; device chipset as stated 'Snapdragon® 8 Elite Gen 5 For Galaxy Mobile'; peak memory 0 - 26 MB; compute unit NPU
Qualcomm,Snapdragon® 8 Elite For Galaxy Mobile,,MediaPipe-Face-Detection,object-detection,256x256,float,latency_ms,0.144,ms,TFLITE,https://huggingface.co/qualcomm/MediaPipe-Face-Detection,official: Qualcomm AI Hub HF card; device chipset as stated 'Snapdragon® 8 Elite For Galaxy Mobile'; peak memory 0 - 30 MB; compute unit NPU
Qualcomm,Snapdragon® 8 Gen 3 Mobile,,MediaPipe-Face-Detection,object-detection,256x256,float,latency_ms,0.154,ms,TFLITE,https://huggingface.co/qualcomm/MediaPipe-Face-Detection,official: Qualcomm AI Hub HF card; device chipset as stated 'Snapdragon® 8 Gen 3 Mobile'; peak memory 0 - 37 MB; compute unit NPU
Qualcomm,Snapdragon® 8 Elite Gen 5 For Galaxy Mobile,,MediaPipe-Face-Detection,object-detection,256x256,w8a8,latency_ms,0.099,ms,TFLITE,https://huggingface.co/qualcomm/MediaPipe-Face-Detection,official: Qualcomm AI Hub HF card; device chipset as stated 'Snapdragon® 8 Elite Gen 5 For Galaxy Mobile'; peak memory 0 - 26 MB; compute unit NPU
Qualcomm,Snapdragon® 8 Elite For Galaxy Mobile,,MediaPipe-Face-Detection,object-detection,256x256,w8a8,latency_ms,0.103,ms,TFLITE,https://huggingface.co/qualcomm/MediaPipe-Face-Detection,official: Qualcomm AI Hub HF card; device chipset as stated 'Snapdragon® 8 Elite For Galaxy Mobile'; peak memory 0 - 27 MB; compute unit NPU
Qualcomm,Snapdragon® 8 Gen 3 Mobile,,MediaPipe-Face-Detection,object-detection,256x256,w8a8,latency_ms,0.113,ms,TFLITE,https://huggingface.co/qualcomm/MediaPipe-Face-Detection,official: Qualcomm AI Hub HF card; device chipset as stated 'Snapdragon® 8 Gen 3 Mobile'; peak memory 0 - 36 MB; compute unit NPU
Qualcomm,Snapdragon® 8 Elite Gen 5 For Galaxy Mobile,,MediaPipe-Hand-Detection,object-detection,256x256,float,latency_ms,0.427,ms,ONNX,https://huggingface.co/qualcomm/MediaPipe-Hand-Detection,official: Qualcomm AI Hub HF card; device chipset as stated 'Snapdragon® 8 Elite Gen 5 For Galaxy Mobile'; peak memory 0 - 46 MB; compute unit NPU
Qualcomm,Snapdragon® 8 Elite For Galaxy Mobile,,MediaPipe-Hand-Detection,object-detection,256x256,float,latency_ms,0.49,ms,ONNX,https://huggingface.co/qualcomm/MediaPipe-Hand-Detection,official: Qualcomm AI Hub HF card; device chipset as stated 'Snapdragon® 8 Elite For Galaxy Mobile'; peak memory 0 - 49 MB; compute unit NPU
Qualcomm,Snapdragon® X2 Elite,,MediaPipe-Hand-Detection,object-detection,256x256,float,latency_ms,0.476,ms,ONNX,https://huggingface.co/qualcomm/MediaPipe-Hand-Detection,official: Qualcomm AI Hub HF card; device chipset as stated 'Snapdragon® X2 Elite'; peak memory 2 - 2 MB; compute unit NPU
Qualcomm,Snapdragon® X Elite,,MediaPipe-Hand-Detection,object-detection,256x256,float,latency_ms,0.842,ms,ONNX,https://huggingface.co/qualcomm/MediaPipe-Hand-Detection,official: Qualcomm AI Hub HF card; device chipset as stated 'Snapdragon® X Elite'; peak memory 0 - 0 MB; compute unit NPU
Qualcomm,Snapdragon® 8 Gen 3 Mobile,,MediaPipe-Hand-Detection,object-detection,256x256,float,latency_ms,0.59,ms,ONNX,https://huggingface.co/qualcomm/MediaPipe-Hand-Detection,official: Qualcomm AI Hub HF card; device chipset as stated 'Snapdragon® 8 Gen 3 Mobile'; peak memory 0 - 69 MB; compute unit NPU
Qualcomm,Snapdragon® 8 Elite Gen 5 For Galaxy Mobile,,MediaPipe-Hand-Detection,object-detection,256x256,float,latency_ms,0.384,ms,QNN_DLC,https://huggingface.co/qualcomm/MediaPipe-Hand-Detection,official: Qualcomm AI Hub HF card; device chipset as stated 'Snapdragon® 8 Elite Gen 5 For Galaxy Mobile'; peak memory 1 - 44 MB; compute unit NPU
Qualcomm,Snapdragon® 8 Elite For Galaxy Mobile,,MediaPipe-Hand-Detection,object-detection,256x256,float,latency_ms,0.436,ms,QNN_DLC,https://huggingface.co/qualcomm/MediaPipe-Hand-Detection,official: Qualcomm AI Hub HF card; device chipset as stated 'Snapdragon® 8 Elite For Galaxy Mobile'; peak memory 0 - 41 MB; compute unit NPU
Qualcomm,Snapdragon® X2 Elite,,MediaPipe-Hand-Detection,object-detection,256x256,float,latency_ms,0.617,ms,QNN_DLC,https://huggingface.co/qualcomm/MediaPipe-Hand-Detection,official: Qualcomm AI Hub HF card; device chipset as stated 'Snapdragon® X2 Elite'; peak memory 1 - 1 MB; compute unit NPU
Qualcomm,Snapdragon® X Elite,,MediaPipe-Hand-Detection,object-detection,256x256,float,latency_ms,0.899,ms,QNN_DLC,https://huggingface.co/qualcomm/MediaPipe-Hand-Detection,official: Qualcomm AI Hub HF card; device chipset as stated 'Snapdragon® X Elite'; peak memory 1 - 1 MB; compute unit NPU
Qualcomm,Snapdragon® 8 Gen 3 Mobile,,MediaPipe-Hand-Detection,object-detection,256x256,float,latency_ms,0.526,ms,QNN_DLC,https://huggingface.co/qualcomm/MediaPipe-Hand-Detection,official: Qualcomm AI Hub HF card; device chipset as stated 'Snapdragon® 8 Gen 3 Mobile'; peak memory 0 - 62 MB; compute unit NPU
Qualcomm,Snapdragon® 8 Elite Gen 5 For Galaxy Mobile,,MediaPipe-Hand-Detection,object-detection,256x256,float,latency_ms,0.388,ms,TFLITE,https://huggingface.co/qualcomm/MediaPipe-Hand-Detection,official: Qualcomm AI Hub HF card; device chipset as stated 'Snapdragon® 8 Elite Gen 5 For Galaxy Mobile'; peak memory 0 - 40 MB; compute unit NPU
Qualcomm,Snapdragon® 8 Elite For Galaxy Mobile,,MediaPipe-Hand-Detection,object-detection,256x256,float,latency_ms,0.448,ms,TFLITE,https://huggingface.co/qualcomm/MediaPipe-Hand-Detection,official: Qualcomm AI Hub HF card; device chipset as stated 'Snapdragon® 8 Elite For Galaxy Mobile'; peak memory 0 - 39 MB; compute unit NPU
Qualcomm,Snapdragon® 8 Gen 3 Mobile,,MediaPipe-Hand-Detection,object-detection,256x256,float,latency_ms,0.533,ms,TFLITE,https://huggingface.co/qualcomm/MediaPipe-Hand-Detection,official: Qualcomm AI Hub HF card; device chipset as stated 'Snapdragon® 8 Gen 3 Mobile'; peak memory 0 - 59 MB; compute unit NPU
Qualcomm,Snapdragon® 8 Elite Gen 5 For Galaxy Mobile,,MediaPipe-Hand-Detection,object-detection,256x256,float,latency_ms,0.53,ms,ONNX,https://huggingface.co/qualcomm/MediaPipe-Hand-Detection,official: Qualcomm AI Hub HF card; device chipset as stated 'Snapdragon® 8 Elite Gen 5 For Galaxy Mobile'; peak memory 0 - 42 MB; compute unit NPU
Qualcomm,Snapdragon® 8 Elite For Galaxy Mobile,,MediaPipe-Hand-Detection,object-detection,256x256,float,latency_ms,0.619,ms,ONNX,https://huggingface.co/qualcomm/MediaPipe-Hand-Detection,official: Qualcomm AI Hub HF card; device chipset as stated 'Snapdragon® 8 Elite For Galaxy Mobile'; peak memory 0 - 46 MB; compute unit NPU
Qualcomm,Snapdragon® X2 Elite,,MediaPipe-Hand-Detection,object-detection,256x256,float,latency_ms,0.684,ms,ONNX,https://huggingface.co/qualcomm/MediaPipe-Hand-Detection,official: Qualcomm AI Hub HF card; device chipset as stated 'Snapdragon® X2 Elite'; peak memory 2 - 2 MB; compute unit NPU
Qualcomm,Snapdragon® X Elite,,MediaPipe-Hand-Detection,object-detection,256x256,float,latency_ms,1.106,ms,ONNX,https://huggingface.co/qualcomm/MediaPipe-Hand-Detection,official: Qualcomm AI Hub HF card; device chipset as stated 'Snapdragon® X Elite'; peak memory 6 - 6 MB; compute unit NPU
Qualcomm,Snapdragon® 8 Gen 3 Mobile,,MediaPipe-Hand-Detection,object-detection,256x256,float,latency_ms,0.798,ms,ONNX,https://huggingface.co/qualcomm/MediaPipe-Hand-Detection,official: Qualcomm AI Hub HF card; device chipset as stated 'Snapdragon® 8 Gen 3 Mobile'; peak memory 0 - 64 MB; compute unit NPU
Qualcomm,Snapdragon® 8 Elite Gen 5 For Galaxy Mobile,,MediaPipe-Hand-Detection,object-detection,256x256,float,latency_ms,0.495,ms,QNN_DLC,https://huggingface.co/qualcomm/MediaPipe-Hand-Detection,official: Qualcomm AI Hub HF card; device chipset as stated 'Snapdragon® 8 Elite Gen 5 For Galaxy Mobile'; peak memory 0 - 39 MB; compute unit NPU
Qualcomm,Snapdragon® 8 Elite For Galaxy Mobile,,MediaPipe-Hand-Detection,object-detection,256x256,float,latency_ms,0.571,ms,QNN_DLC,https://huggingface.co/qualcomm/MediaPipe-Hand-Detection,official: Qualcomm AI Hub HF card; device chipset as stated 'Snapdragon® 8 Elite For Galaxy Mobile'; peak memory 0 - 37 MB; compute unit NPU
Qualcomm,Snapdragon® X2 Elite,,MediaPipe-Hand-Detection,object-detection,256x256,float,latency_ms,0.818,ms,QNN_DLC,https://huggingface.co/qualcomm/MediaPipe-Hand-Detection,official: Qualcomm AI Hub HF card; device chipset as stated 'Snapdragon® X2 Elite'; peak memory 1 - 1 MB; compute unit NPU
Qualcomm,Snapdragon® X Elite,,MediaPipe-Hand-Detection,object-detection,256x256,float,latency_ms,1.242,ms,QNN_DLC,https://huggingface.co/qualcomm/MediaPipe-Hand-Detection,official: Qualcomm AI Hub HF card; device chipset as stated 'Snapdragon® X Elite'; peak memory 1 - 1 MB; compute unit NPU
Qualcomm,Snapdragon® 8 Gen 3 Mobile,,MediaPipe-Hand-Detection,object-detection,256x256,float,latency_ms,0.731,ms,QNN_DLC,https://huggingface.co/qualcomm/MediaPipe-Hand-Detection,official: Qualcomm AI Hub HF card; device chipset as stated 'Snapdragon® 8 Gen 3 Mobile'; peak memory 12 - 72 MB; compute unit NPU
Qualcomm,Snapdragon® 8 Elite Gen 5 For Galaxy Mobile,,MediaPipe-Hand-Detection,object-detection,256x256,float,latency_ms,0.495,ms,TFLITE,https://huggingface.co/qualcomm/MediaPipe-Hand-Detection,official: Qualcomm AI Hub HF card; device chipset as stated 'Snapdragon® 8 Elite Gen 5 For Galaxy Mobile'; peak memory 0 - 43 MB; compute unit NPU
Qualcomm,Snapdragon® 8 Elite For Galaxy Mobile,,MediaPipe-Hand-Detection,object-detection,256x256,float,latency_ms,0.579,ms,TFLITE,https://huggingface.co/qualcomm/MediaPipe-Hand-Detection,official: Qualcomm AI Hub HF card; device chipset as stated 'Snapdragon® 8 Elite For Galaxy Mobile'; peak memory 0 - 40 MB; compute unit NPU
Qualcomm,Snapdragon® 8 Gen 3 Mobile,,MediaPipe-Hand-Detection,object-detection,256x256,float,latency_ms,0.707,ms,TFLITE,https://huggingface.co/qualcomm/MediaPipe-Hand-Detection,official: Qualcomm AI Hub HF card; device chipset as stated 'Snapdragon® 8 Gen 3 Mobile'; peak memory 0 - 61 MB; compute unit NPU
Qualcomm,Snapdragon® 8 Elite Gen 5 For Galaxy Mobile,,MediaPipe-Hand-Gesture-Recognition,object-detection,256x256,float,latency_ms,0.06,ms,ONNX,https://huggingface.co/qualcomm/MediaPipe-Hand-Gesture-Recognition,official: Qualcomm AI Hub HF card; device chipset as stated 'Snapdragon® 8 Elite Gen 5 For Galaxy Mobile'; peak memory 0 - 23 MB; compute unit NPU
Qualcomm,Snapdragon® 8 Elite For Galaxy Mobile,,MediaPipe-Hand-Gesture-Recognition,object-detection,256x256,float,latency_ms,0.054,ms,ONNX,https://huggingface.co/qualcomm/MediaPipe-Hand-Gesture-Recognition,official: Qualcomm AI Hub HF card; device chipset as stated 'Snapdragon® 8 Elite For Galaxy Mobile'; peak memory 0 - 22 MB; compute unit NPU
Qualcomm,Snapdragon® X2 Elite,,MediaPipe-Hand-Gesture-Recognition,object-detection,256x256,float,latency_ms,0.042,ms,ONNX,https://huggingface.co/qualcomm/MediaPipe-Hand-Gesture-Recognition,official: Qualcomm AI Hub HF card; device chipset as stated 'Snapdragon® X2 Elite'; peak memory 1 - 1 MB; compute unit NPU
Qualcomm,Snapdragon® X Elite,,MediaPipe-Hand-Gesture-Recognition,object-detection,256x256,float,latency_ms,0.055,ms,ONNX,https://huggingface.co/qualcomm/MediaPipe-Hand-Gesture-Recognition,official: Qualcomm AI Hub HF card; device chipset as stated 'Snapdragon® X Elite'; peak memory 1 - 1 MB; compute unit NPU
Qualcomm,Snapdragon® 8 Gen 3 Mobile,,MediaPipe-Hand-Gesture-Recognition,object-detection,256x256,float,latency_ms,0.069,ms,ONNX,https://huggingface.co/qualcomm/MediaPipe-Hand-Gesture-Recognition,official: Qualcomm AI Hub HF card; device chipset as stated 'Snapdragon® 8 Gen 3 Mobile'; peak memory 0 - 32 MB; compute unit NPU
Qualcomm,Snapdragon® 8 Elite Gen 5 For Galaxy Mobile,,MediaPipe-Hand-Gesture-Recognition,object-detection,256x256,w8a8,latency_ms,0.058,ms,ONNX,https://huggingface.co/qualcomm/MediaPipe-Hand-Gesture-Recognition,official: Qualcomm AI Hub HF card; device chipset as stated 'Snapdragon® 8 Elite Gen 5 For Galaxy Mobile'; peak memory 0 - 26 MB; compute unit NPU
Qualcomm,Snapdragon® 8 Elite For Galaxy Mobile,,MediaPipe-Hand-Gesture-Recognition,object-detection,256x256,w8a8,latency_ms,0.052,ms,ONNX,https://huggingface.co/qualcomm/MediaPipe-Hand-Gesture-Recognition,official: Qualcomm AI Hub HF card; device chipset as stated 'Snapdragon® 8 Elite For Galaxy Mobile'; peak memory 0 - 25 MB; compute unit NPU
Qualcomm,Snapdragon® X2 Elite,,MediaPipe-Hand-Gesture-Recognition,object-detection,256x256,w8a8,latency_ms,0.038,ms,ONNX,https://huggingface.co/qualcomm/MediaPipe-Hand-Gesture-Recognition,official: Qualcomm AI Hub HF card; device chipset as stated 'Snapdragon® X2 Elite'; peak memory 1 - 1 MB; compute unit NPU
Qualcomm,Snapdragon® X Elite,,MediaPipe-Hand-Gesture-Recognition,object-detection,256x256,w8a8,latency_ms,0.05,ms,ONNX,https://huggingface.co/qualcomm/MediaPipe-Hand-Gesture-Recognition,official: Qualcomm AI Hub HF card; device chipset as stated 'Snapdragon® X Elite'; peak memory 1 - 1 MB; compute unit NPU
Qualcomm,Snapdragon® 8 Gen 3 Mobile,,MediaPipe-Hand-Gesture-Recognition,object-detection,256x256,w8a8,latency_ms,0.066,ms,ONNX,https://huggingface.co/qualcomm/MediaPipe-Hand-Gesture-Recognition,official: Qualcomm AI Hub HF card; device chipset as stated 'Snapdragon® 8 Gen 3 Mobile'; peak memory 0 - 35 MB; compute unit NPU
Qualcomm,Snapdragon® 8 Elite Gen 5 For Galaxy Mobile,,MediaPipe-Hand-Gesture-Recognition,object-detection,256x256,float,latency_ms,0.054,ms,QNN_DLC,https://huggingface.co/qualcomm/MediaPipe-Hand-Gesture-Recognition,official: Qualcomm AI Hub HF card; device chipset as stated 'Snapdragon® 8 Elite Gen 5 For Galaxy Mobile'; peak memory 0 - 22 MB; compute unit NPU
Qualcomm,Snapdragon® 8 Elite For Galaxy Mobile,,MediaPipe-Hand-Gesture-Recognition,object-detection,256x256,float,latency_ms,0.048,ms,QNN_DLC,https://huggingface.co/qualcomm/MediaPipe-Hand-Gesture-Recognition,official: Qualcomm AI Hub HF card; device chipset as stated 'Snapdragon® 8 Elite For Galaxy Mobile'; peak memory 0 - 22 MB; compute unit NPU
Qualcomm,Snapdragon® X2 Elite,,MediaPipe-Hand-Gesture-Recognition,object-detection,256x256,float,latency_ms,0.144,ms,QNN_DLC,https://huggingface.co/qualcomm/MediaPipe-Hand-Gesture-Recognition,official: Qualcomm AI Hub HF card; device chipset as stated 'Snapdragon® X2 Elite'; peak memory 0 - 0 MB; compute unit NPU
Qualcomm,Snapdragon® X Elite,,MediaPipe-Hand-Gesture-Recognition,object-detection,256x256,float,latency_ms,0.151,ms,QNN_DLC,https://huggingface.co/qualcomm/MediaPipe-Hand-Gesture-Recognition,official: Qualcomm AI Hub HF card; device chipset as stated 'Snapdragon® X Elite'; peak memory 1 - 1 MB; compute unit NPU
Qualcomm,Snapdragon® 8 Gen 3 Mobile,,MediaPipe-Hand-Gesture-Recognition,object-detection,256x256,float,latency_ms,0.066,ms,QNN_DLC,https://huggingface.co/qualcomm/MediaPipe-Hand-Gesture-Recognition,official: Qualcomm AI Hub HF card; device chipset as stated 'Snapdragon® 8 Gen 3 Mobile'; peak memory 0 - 30 MB; compute unit NPU
Qualcomm,Snapdragon® 8 Elite Gen 5 For Galaxy Mobile,,MediaPipe-Hand-Gesture-Recognition,object-detection,256x256,w8a8,latency_ms,0.054,ms,QNN_DLC,https://huggingface.co/qualcomm/MediaPipe-Hand-Gesture-Recognition,official: Qualcomm AI Hub HF card; device chipset as stated 'Snapdragon® 8 Elite Gen 5 For Galaxy Mobile'; peak memory 0 - 22 MB; compute unit NPU
Qualcomm,Snapdragon® 8 Elite For Galaxy Mobile,,MediaPipe-Hand-Gesture-Recognition,object-detection,256x256,w8a8,latency_ms,0.046,ms,QNN_DLC,https://huggingface.co/qualcomm/MediaPipe-Hand-Gesture-Recognition,official: Qualcomm AI Hub HF card; device chipset as stated 'Snapdragon® 8 Elite For Galaxy Mobile'; peak memory 0 - 22 MB; compute unit NPU
Qualcomm,Snapdragon® X2 Elite,,MediaPipe-Hand-Gesture-Recognition,object-detection,256x256,w8a8,latency_ms,0.128,ms,QNN_DLC,https://huggingface.co/qualcomm/MediaPipe-Hand-Gesture-Recognition,official: Qualcomm AI Hub HF card; device chipset as stated 'Snapdragon® X2 Elite'; peak memory 0 - 0 MB; compute unit NPU
Qualcomm,Snapdragon® X Elite,,MediaPipe-Hand-Gesture-Recognition,object-detection,256x256,w8a8,latency_ms,0.158,ms,QNN_DLC,https://huggingface.co/qualcomm/MediaPipe-Hand-Gesture-Recognition,official: Qualcomm AI Hub HF card; device chipset as stated 'Snapdragon® X Elite'; peak memory 1 - 1 MB; compute unit NPU
Qualcomm,Snapdragon® 8 Gen 3 Mobile,,MediaPipe-Hand-Gesture-Recognition,object-detection,256x256,w8a8,latency_ms,0.059,ms,QNN_DLC,https://huggingface.co/qualcomm/MediaPipe-Hand-Gesture-Recognition,official: Qualcomm AI Hub HF card; device chipset as stated 'Snapdragon® 8 Gen 3 Mobile'; peak memory 0 - 30 MB; compute unit NPU
Qualcomm,Snapdragon® 8 Elite Gen 5 For Galaxy Mobile,,MediaPipe-Hand-Gesture-Recognition,object-detection,256x256,float,latency_ms,0.06,ms,TFLITE,https://huggingface.co/qualcomm/MediaPipe-Hand-Gesture-Recognition,official: Qualcomm AI Hub HF card; device chipset as stated 'Snapdragon® 8 Elite Gen 5 For Galaxy Mobile'; peak memory 0 - 22 MB; compute unit NPU
Qualcomm,Snapdragon® 8 Elite For Galaxy Mobile,,MediaPipe-Hand-Gesture-Recognition,object-detection,256x256,float,latency_ms,0.054,ms,TFLITE,https://huggingface.co/qualcomm/MediaPipe-Hand-Gesture-Recognition,official: Qualcomm AI Hub HF card; device chipset as stated 'Snapdragon® 8 Elite For Galaxy Mobile'; peak memory 0 - 22 MB; compute unit NPU
Qualcomm,Snapdragon® 8 Gen 3 Mobile,,MediaPipe-Hand-Gesture-Recognition,object-detection,256x256,float,latency_ms,0.06,ms,TFLITE,https://huggingface.co/qualcomm/MediaPipe-Hand-Gesture-Recognition,official: Qualcomm AI Hub HF card; device chipset as stated 'Snapdragon® 8 Gen 3 Mobile'; peak memory 0 - 31 MB; compute unit NPU
Qualcomm,Snapdragon® 8 Elite Gen 5 For Galaxy Mobile,,MediaPipe-Hand-Gesture-Recognition,object-detection,256x256,w8a8,latency_ms,0.059,ms,TFLITE,https://huggingface.co/qualcomm/MediaPipe-Hand-Gesture-Recognition,official: Qualcomm AI Hub HF card; device chipset as stated 'Snapdragon® 8 Elite Gen 5 For Galaxy Mobile'; peak memory 0 - 22 MB; compute unit NPU
Qualcomm,Snapdragon® 8 Elite For Galaxy Mobile,,MediaPipe-Hand-Gesture-Recognition,object-detection,256x256,w8a8,latency_ms,0.054,ms,TFLITE,https://huggingface.co/qualcomm/MediaPipe-Hand-Gesture-Recognition,official: Qualcomm AI Hub HF card; device chipset as stated 'Snapdragon® 8 Elite For Galaxy Mobile'; peak memory 0 - 21 MB; compute unit NPU
Qualcomm,Snapdragon® 8 Gen 3 Mobile,,MediaPipe-Hand-Gesture-Recognition,object-detection,256x256,w8a8,latency_ms,0.065,ms,TFLITE,https://huggingface.co/qualcomm/MediaPipe-Hand-Gesture-Recognition,official: Qualcomm AI Hub HF card; device chipset as stated 'Snapdragon® 8 Gen 3 Mobile'; peak memory 0 - 29 MB; compute unit NPU
Qualcomm,Snapdragon® 8 Elite Gen 5 For Galaxy Mobile,,MediaPipe-Hand-Gesture-Recognition,object-detection,256x256,float,latency_ms,0.263,ms,ONNX,https://huggingface.co/qualcomm/MediaPipe-Hand-Gesture-Recognition,official: Qualcomm AI Hub HF card; device chipset as stated 'Snapdragon® 8 Elite Gen 5 For Galaxy Mobile'; peak memory 0 - 33 MB; compute unit NPU
Qualcomm,Snapdragon® 8 Elite For Galaxy Mobile,,MediaPipe-Hand-Gesture-Recognition,object-detection,256x256,float,latency_ms,0.335,ms,ONNX,https://huggingface.co/qualcomm/MediaPipe-Hand-Gesture-Recognition,official: Qualcomm AI Hub HF card; device chipset as stated 'Snapdragon® 8 Elite For Galaxy Mobile'; peak memory 0 - 31 MB; compute unit NPU
Qualcomm,Snapdragon® X2 Elite,,MediaPipe-Hand-Gesture-Recognition,object-detection,256x256,float,latency_ms,0.314,ms,ONNX,https://huggingface.co/qualcomm/MediaPipe-Hand-Gesture-Recognition,official: Qualcomm AI Hub HF card; device chipset as stated 'Snapdragon® X2 Elite'; peak memory 2 - 2 MB; compute unit NPU
Qualcomm,Snapdragon® X Elite,,MediaPipe-Hand-Gesture-Recognition,object-detection,256x256,float,latency_ms,0.55,ms,ONNX,https://huggingface.co/qualcomm/MediaPipe-Hand-Gesture-Recognition,official: Qualcomm AI Hub HF card; device chipset as stated 'Snapdragon® X Elite'; peak memory 7 - 7 MB; compute unit NPU
Qualcomm,Snapdragon® 8 Gen 3 Mobile,,MediaPipe-Hand-Gesture-Recognition,object-detection,256x256,float,latency_ms,0.399,ms,ONNX,https://huggingface.co/qualcomm/MediaPipe-Hand-Gesture-Recognition,official: Qualcomm AI Hub HF card; device chipset as stated 'Snapdragon® 8 Gen 3 Mobile'; peak memory 0 - 51 MB; compute unit NPU
Qualcomm,Snapdragon® 8 Elite Gen 5 For Galaxy Mobile,,MediaPipe-Hand-Gesture-Recognition,object-detection,256x256,w8a8,latency_ms,0.154,ms,ONNX,https://huggingface.co/qualcomm/MediaPipe-Hand-Gesture-Recognition,official: Qualcomm AI Hub HF card; device chipset as stated 'Snapdragon® 8 Elite Gen 5 For Galaxy Mobile'; peak memory 0 - 40 MB; compute unit NPU
Qualcomm,Snapdragon® 8 Elite For Galaxy Mobile,,MediaPipe-Hand-Gesture-Recognition,object-detection,256x256,w8a8,latency_ms,0.177,ms,ONNX,https://huggingface.co/qualcomm/MediaPipe-Hand-Gesture-Recognition,official: Qualcomm AI Hub HF card; device chipset as stated 'Snapdragon® 8 Elite For Galaxy Mobile'; peak memory 0 - 44 MB; compute unit NPU
Qualcomm,Snapdragon® X2 Elite,,MediaPipe-Hand-Gesture-Recognition,object-detection,256x256,w8a8,latency_ms,0.148,ms,ONNX,https://huggingface.co/qualcomm/MediaPipe-Hand-Gesture-Recognition,official: Qualcomm AI Hub HF card; device chipset as stated 'Snapdragon® X2 Elite'; peak memory 1 - 1 MB; compute unit NPU
Qualcomm,Snapdragon® X Elite,,MediaPipe-Hand-Gesture-Recognition,object-detection,256x256,w8a8,latency_ms,0.265,ms,ONNX,https://huggingface.co/qualcomm/MediaPipe-Hand-Gesture-Recognition,official: Qualcomm AI Hub HF card; device chipset as stated 'Snapdragon® X Elite'; peak memory 0 - 0 MB; compute unit NPU
Qualcomm,Snapdragon® 8 Gen 3 Mobile,,MediaPipe-Hand-Gesture-Recognition,object-detection,256x256,w8a8,latency_ms,0.2,ms,ONNX,https://huggingface.co/qualcomm/MediaPipe-Hand-Gesture-Recognition,official: Qualcomm AI Hub HF card; device chipset as stated 'Snapdragon® 8 Gen 3 Mobile'; peak memory 0 - 58 MB; compute unit NPU
Qualcomm,Snapdragon® 8 Elite Gen 5 For Galaxy Mobile,,MediaPipe-Hand-Gesture-Recognition,object-detection,256x256,float,latency_ms,0.234,ms,QNN_DLC,https://huggingface.co/qualcomm/MediaPipe-Hand-Gesture-Recognition,official: Qualcomm AI Hub HF card; device chipset as stated 'Snapdragon® 8 Elite Gen 5 For Galaxy Mobile'; peak memory 1 - 31 MB; compute unit NPU
Qualcomm,Snapdragon® 8 Elite For Galaxy Mobile,,MediaPipe-Hand-Gesture-Recognition,object-detection,256x256,float,latency_ms,0.292,ms,QNN_DLC,https://huggingface.co/qualcomm/MediaPipe-Hand-Gesture-Recognition,official: Qualcomm AI Hub HF card; device chipset as stated 'Snapdragon® 8 Elite For Galaxy Mobile'; peak memory 0 - 29 MB; compute unit NPU
Qualcomm,Snapdragon® X2 Elite,,MediaPipe-Hand-Gesture-Recognition,object-detection,256x256,float,latency_ms,0.376,ms,QNN_DLC,https://huggingface.co/qualcomm/MediaPipe-Hand-Gesture-Recognition,official: Qualcomm AI Hub HF card; device chipset as stated 'Snapdragon® X2 Elite'; peak memory 1 - 1 MB; compute unit NPU
Qualcomm,Snapdragon® X Elite,,MediaPipe-Hand-Gesture-Recognition,object-detection,256x256,float,latency_ms,0.58,ms,QNN_DLC,https://huggingface.co/qualcomm/MediaPipe-Hand-Gesture-Recognition,official: Qualcomm AI Hub HF card; device chipset as stated 'Snapdragon® X Elite'; peak memory 1 - 1 MB; compute unit NPU
Qualcomm,Snapdragon® 8 Gen 3 Mobile,,MediaPipe-Hand-Gesture-Recognition,object-detection,256x256,float,latency_ms,0.351,ms,QNN_DLC,https://huggingface.co/qualcomm/MediaPipe-Hand-Gesture-Recognition,official: Qualcomm AI Hub HF card; device chipset as stated 'Snapdragon® 8 Gen 3 Mobile'; peak memory 0 - 47 MB; compute unit NPU
Qualcomm,Snapdragon® 8 Elite Gen 5 For Galaxy Mobile,,MediaPipe-Hand-Gesture-Recognition,object-detection,256x256,w8a8,latency_ms,0.11,ms,QNN_DLC,https://huggingface.co/qualcomm/MediaPipe-Hand-Gesture-Recognition,official: Qualcomm AI Hub HF card; device chipset as stated 'Snapdragon® 8 Elite Gen 5 For Galaxy Mobile'; peak memory 0 - 34 MB; compute unit NPU
Qualcomm,Snapdragon® 8 Elite For Galaxy Mobile,,MediaPipe-Hand-Gesture-Recognition,object-detection,256x256,w8a8,latency_ms,0.135,ms,QNN_DLC,https://huggingface.co/qualcomm/MediaPipe-Hand-Gesture-Recognition,official: Qualcomm AI Hub HF card; device chipset as stated 'Snapdragon® 8 Elite For Galaxy Mobile'; peak memory 0 - 33 MB; compute unit NPU
Qualcomm,Snapdragon® X2 Elite,,MediaPipe-Hand-Gesture-Recognition,object-detection,256x256,w8a8,latency_ms,0.202,ms,QNN_DLC,https://huggingface.co/qualcomm/MediaPipe-Hand-Gesture-Recognition,official: Qualcomm AI Hub HF card; device chipset as stated 'Snapdragon® X2 Elite'; peak memory 0 - 0 MB; compute unit NPU
Qualcomm,Snapdragon® X Elite,,MediaPipe-Hand-Gesture-Recognition,object-detection,256x256,w8a8,latency_ms,0.291,ms,QNN_DLC,https://huggingface.co/qualcomm/MediaPipe-Hand-Gesture-Recognition,official: Qualcomm AI Hub HF card; device chipset as stated 'Snapdragon® X Elite'; peak memory 0 - 0 MB; compute unit NPU
Qualcomm,Snapdragon® 8 Gen 3 Mobile,,MediaPipe-Hand-Gesture-Recognition,object-detection,256x256,w8a8,latency_ms,0.153,ms,QNN_DLC,https://huggingface.co/qualcomm/MediaPipe-Hand-Gesture-Recognition,official: Qualcomm AI Hub HF card; device chipset as stated 'Snapdragon® 8 Gen 3 Mobile'; peak memory 0 - 50 MB; compute unit NPU
Qualcomm,Snapdragon® 8 Elite Gen 5 For Galaxy Mobile,,MediaPipe-Hand-Gesture-Recognition,object-detection,256x256,float,latency_ms,0.241,ms,TFLITE,https://huggingface.co/qualcomm/MediaPipe-Hand-Gesture-Recognition,official: Qualcomm AI Hub HF card; device chipset as stated 'Snapdragon® 8 Elite Gen 5 For Galaxy Mobile'; peak memory 0 - 31 MB; compute unit NPU
Qualcomm,Snapdragon® 8 Elite For Galaxy Mobile,,MediaPipe-Hand-Gesture-Recognition,object-detection,256x256,float,latency_ms,0.298,ms,TFLITE,https://huggingface.co/qualcomm/MediaPipe-Hand-Gesture-Recognition,official: Qualcomm AI Hub HF card; device chipset as stated 'Snapdragon® 8 Elite For Galaxy Mobile'; peak memory 0 - 37 MB; compute unit NPU
Qualcomm,Snapdragon® 8 Gen 3 Mobile,,MediaPipe-Hand-Gesture-Recognition,object-detection,256x256,float,latency_ms,0.346,ms,TFLITE,https://huggingface.co/qualcomm/MediaPipe-Hand-Gesture-Recognition,official: Qualcomm AI Hub HF card; device chipset as stated 'Snapdragon® 8 Gen 3 Mobile'; peak memory 0 - 51 MB; compute unit NPU
Qualcomm,Snapdragon® 8 Elite Gen 5 For Galaxy Mobile,,MediaPipe-Hand-Gesture-Recognition,object-detection,256x256,w8a8,latency_ms,0.116,ms,TFLITE,https://huggingface.co/qualcomm/MediaPipe-Hand-Gesture-Recognition,official: Qualcomm AI Hub HF card; device chipset as stated 'Snapdragon® 8 Elite Gen 5 For Galaxy Mobile'; peak memory 0 - 33 MB; compute unit NPU
Qualcomm,Snapdragon® 8 Elite For Galaxy Mobile,,MediaPipe-Hand-Gesture-Recognition,object-detection,256x256,w8a8,latency_ms,0.139,ms,TFLITE,https://huggingface.co/qualcomm/MediaPipe-Hand-Gesture-Recognition,official: Qualcomm AI Hub HF card; device chipset as stated 'Snapdragon® 8 Elite For Galaxy Mobile'; peak memory 0 - 32 MB; compute unit NPU
Qualcomm,Snapdragon® 8 Gen 3 Mobile,,MediaPipe-Hand-Gesture-Recognition,object-detection,256x256,w8a8,latency_ms,0.146,ms,TFLITE,https://huggingface.co/qualcomm/MediaPipe-Hand-Gesture-Recognition,official: Qualcomm AI Hub HF card; device chipset as stated 'Snapdragon® 8 Gen 3 Mobile'; peak memory 0 - 49 MB; compute unit NPU
Qualcomm,Snapdragon® 8 Elite Gen 5 For Galaxy Mobile,,MediaPipe-Hand-Gesture-Recognition,object-detection,256x256,float,latency_ms,0.674,ms,ONNX,https://huggingface.co/qualcomm/MediaPipe-Hand-Gesture-Recognition,official: Qualcomm AI Hub HF card; device chipset as stated 'Snapdragon® 8 Elite Gen 5 For Galaxy Mobile'; peak memory 0 - 52 MB; compute unit NPU
Qualcomm,Snapdragon® 8 Elite For Galaxy Mobile,,MediaPipe-Hand-Gesture-Recognition,object-detection,256x256,float,latency_ms,0.772,ms,ONNX,https://huggingface.co/qualcomm/MediaPipe-Hand-Gesture-Recognition,official: Qualcomm AI Hub HF card; device chipset as stated 'Snapdragon® 8 Elite For Galaxy Mobile'; peak memory 0 - 50 MB; compute unit NPU
Qualcomm,Snapdragon® X2 Elite,,MediaPipe-Hand-Gesture-Recognition,object-detection,256x256,float,latency_ms,0.756,ms,ONNX,https://huggingface.co/qualcomm/MediaPipe-Hand-Gesture-Recognition,official: Qualcomm AI Hub HF card; device chipset as stated 'Snapdragon® X2 Elite'; peak memory 2 - 2 MB; compute unit NPU
Qualcomm,Snapdragon® X Elite,,MediaPipe-Hand-Gesture-Recognition,object-detection,256x256,float,latency_ms,1.421,ms,ONNX,https://huggingface.co/qualcomm/MediaPipe-Hand-Gesture-Recognition,official: Qualcomm AI Hub HF card; device chipset as stated 'Snapdragon® X Elite'; peak memory 0 - 0 MB; compute unit NPU
Qualcomm,Snapdragon® 8 Gen 3 Mobile,,MediaPipe-Hand-Gesture-Recognition,object-detection,256x256,float,latency_ms,0.982,ms,ONNX,https://huggingface.co/qualcomm/MediaPipe-Hand-Gesture-Recognition,official: Qualcomm AI Hub HF card; device chipset as stated 'Snapdragon® 8 Gen 3 Mobile'; peak memory 0 - 75 MB; compute unit NPU
Qualcomm,Snapdragon® 8 Elite Gen 5 For Galaxy Mobile,,MediaPipe-Hand-Gesture-Recognition,object-detection,256x256,w8a8,latency_ms,0.271,ms,ONNX,https://huggingface.co/qualcomm/MediaPipe-Hand-Gesture-Recognition,official: Qualcomm AI Hub HF card; device chipset as stated 'Snapdragon® 8 Elite Gen 5 For Galaxy Mobile'; peak memory 0 - 51 MB; compute unit NPU
Qualcomm,Snapdragon® 8 Elite For Galaxy Mobile,,MediaPipe-Hand-Gesture-Recognition,object-detection,256x256,w8a8,latency_ms,0.285,ms,ONNX,https://huggingface.co/qualcomm/MediaPipe-Hand-Gesture-Recognition,official: Qualcomm AI Hub HF card; device chipset as stated 'Snapdragon® 8 Elite For Galaxy Mobile'; peak memory 0 - 54 MB; compute unit NPU
Qualcomm,Snapdragon® X2 Elite,,MediaPipe-Hand-Gesture-Recognition,object-detection,256x256,w8a8,latency_ms,0.264,ms,ONNX,https://huggingface.co/qualcomm/MediaPipe-Hand-Gesture-Recognition,official: Qualcomm AI Hub HF card; device chipset as stated 'Snapdragon® X2 Elite'; peak memory 1 - 1 MB; compute unit NPU
Qualcomm,Snapdragon® X Elite,,MediaPipe-Hand-Gesture-Recognition,object-detection,256x256,w8a8,latency_ms,0.494,ms,ONNX,https://huggingface.co/qualcomm/MediaPipe-Hand-Gesture-Recognition,official: Qualcomm AI Hub HF card; device chipset as stated 'Snapdragon® X Elite'; peak memory 0 - 0 MB; compute unit NPU
Qualcomm,Snapdragon® 8 Gen 3 Mobile,,MediaPipe-Hand-Gesture-Recognition,object-detection,256x256,w8a8,latency_ms,0.334,ms,ONNX,https://huggingface.co/qualcomm/MediaPipe-Hand-Gesture-Recognition,official: Qualcomm AI Hub HF card; device chipset as stated 'Snapdragon® 8 Gen 3 Mobile'; peak memory 0 - 65 MB; compute unit NPU
Qualcomm,Snapdragon® 8 Elite Gen 5 For Galaxy Mobile,,MediaPipe-Hand-Gesture-Recognition,object-detection,256x256,float,latency_ms,0.632,ms,QNN_DLC,https://huggingface.co/qualcomm/MediaPipe-Hand-Gesture-Recognition,official: Qualcomm AI Hub HF card; device chipset as stated 'Snapdragon® 8 Elite Gen 5 For Galaxy Mobile'; peak memory 1 - 48 MB; compute unit NPU
Qualcomm,Snapdragon® 8 Elite For Galaxy Mobile,,MediaPipe-Hand-Gesture-Recognition,object-detection,256x256,float,latency_ms,0.714,ms,QNN_DLC,https://huggingface.co/qualcomm/MediaPipe-Hand-Gesture-Recognition,official: Qualcomm AI Hub HF card; device chipset as stated 'Snapdragon® 8 Elite For Galaxy Mobile'; peak memory 0 - 46 MB; compute unit NPU
Qualcomm,Snapdragon® X2 Elite,,MediaPipe-Hand-Gesture-Recognition,object-detection,256x256,float,latency_ms,1.0,ms,QNN_DLC,https://huggingface.co/qualcomm/MediaPipe-Hand-Gesture-Recognition,official: Qualcomm AI Hub HF card; device chipset as stated 'Snapdragon® X2 Elite'; peak memory 1 - 1 MB; compute unit NPU
Qualcomm,Snapdragon® X Elite,,MediaPipe-Hand-Gesture-Recognition,object-detection,256x256,float,latency_ms,1.547,ms,QNN_DLC,https://huggingface.co/qualcomm/MediaPipe-Hand-Gesture-Recognition,official: Qualcomm AI Hub HF card; device chipset as stated 'Snapdragon® X Elite'; peak memory 1 - 1 MB; compute unit NPU
Qualcomm,Snapdragon® 8 Gen 3 Mobile,,MediaPipe-Hand-Gesture-Recognition,object-detection,256x256,float,latency_ms,0.912,ms,QNN_DLC,https://huggingface.co/qualcomm/MediaPipe-Hand-Gesture-Recognition,official: Qualcomm AI Hub HF card; device chipset as stated 'Snapdragon® 8 Gen 3 Mobile'; peak memory 0 - 68 MB; compute unit NPU
Qualcomm,Snapdragon® 8 Elite Gen 5 For Galaxy Mobile,,MediaPipe-Hand-Gesture-Recognition,object-detection,256x256,w8a8,latency_ms,0.257,ms,QNN_DLC,https://huggingface.co/qualcomm/MediaPipe-Hand-Gesture-Recognition,official: Qualcomm AI Hub HF card; device chipset as stated 'Snapdragon® 8 Elite Gen 5 For Galaxy Mobile'; peak memory 0 - 42 MB; compute unit NPU
Qualcomm,Snapdragon® 8 Elite For Galaxy Mobile,,MediaPipe-Hand-Gesture-Recognition,object-detection,256x256,w8a8,latency_ms,0.267,ms,QNN_DLC,https://huggingface.co/qualcomm/MediaPipe-Hand-Gesture-Recognition,official: Qualcomm AI Hub HF card; device chipset as stated 'Snapdragon® 8 Elite For Galaxy Mobile'; peak memory 0 - 40 MB; compute unit NPU
Qualcomm,Snapdragon® X2 Elite,,MediaPipe-Hand-Gesture-Recognition,object-detection,256x256,w8a8,latency_ms,0.379,ms,QNN_DLC,https://huggingface.co/qualcomm/MediaPipe-Hand-Gesture-Recognition,official: Qualcomm AI Hub HF card; device chipset as stated 'Snapdragon® X2 Elite'; peak memory 0 - 0 MB; compute unit NPU
Qualcomm,Snapdragon® X Elite,,MediaPipe-Hand-Gesture-Recognition,object-detection,256x256,w8a8,latency_ms,0.577,ms,QNN_DLC,https://huggingface.co/qualcomm/MediaPipe-Hand-Gesture-Recognition,official: Qualcomm AI Hub HF card; device chipset as stated 'Snapdragon® X Elite'; peak memory 0 - 0 MB; compute unit NPU
Qualcomm,Snapdragon® 8 Gen 3 Mobile,,MediaPipe-Hand-Gesture-Recognition,object-detection,256x256,w8a8,latency_ms,0.305,ms,QNN_DLC,https://huggingface.co/qualcomm/MediaPipe-Hand-Gesture-Recognition,official: Qualcomm AI Hub HF card; device chipset as stated 'Snapdragon® 8 Gen 3 Mobile'; peak memory 0 - 56 MB; compute unit NPU
Qualcomm,Snapdragon® 8 Elite Gen 5 For Galaxy Mobile,,MediaPipe-Hand-Gesture-Recognition,object-detection,256x256,float,latency_ms,0.646,ms,TFLITE,https://huggingface.co/qualcomm/MediaPipe-Hand-Gesture-Recognition,official: Qualcomm AI Hub HF card; device chipset as stated 'Snapdragon® 8 Elite Gen 5 For Galaxy Mobile'; peak memory 0 - 47 MB; compute unit NPU
Qualcomm,Snapdragon® 8 Elite For Galaxy Mobile,,MediaPipe-Hand-Gesture-Recognition,object-detection,256x256,float,latency_ms,0.755,ms,TFLITE,https://huggingface.co/qualcomm/MediaPipe-Hand-Gesture-Recognition,official: Qualcomm AI Hub HF card; device chipset as stated 'Snapdragon® 8 Elite For Galaxy Mobile'; peak memory 0 - 50 MB; compute unit NPU
Qualcomm,Snapdragon® 8 Gen 3 Mobile,,MediaPipe-Hand-Gesture-Recognition,object-detection,256x256,float,latency_ms,0.951,ms,TFLITE,https://huggingface.co/qualcomm/MediaPipe-Hand-Gesture-Recognition,official: Qualcomm AI Hub HF card; device chipset as stated 'Snapdragon® 8 Gen 3 Mobile'; peak memory 0 - 65 MB; compute unit NPU
Qualcomm,Snapdragon® 8 Elite Gen 5 For Galaxy Mobile,,MediaPipe-Hand-Gesture-Recognition,object-detection,256x256,w8a8,latency_ms,0.261,ms,TFLITE,https://huggingface.co/qualcomm/MediaPipe-Hand-Gesture-Recognition,official: Qualcomm AI Hub HF card; device chipset as stated 'Snapdragon® 8 Elite Gen 5 For Galaxy Mobile'; peak memory 0 - 40 MB; compute unit NPU
Qualcomm,Snapdragon® 8 Elite For Galaxy Mobile,,MediaPipe-Hand-Gesture-Recognition,object-detection,256x256,w8a8,latency_ms,0.266,ms,TFLITE,https://huggingface.co/qualcomm/MediaPipe-Hand-Gesture-Recognition,official: Qualcomm AI Hub HF card; device chipset as stated 'Snapdragon® 8 Elite For Galaxy Mobile'; peak memory 0 - 40 MB; compute unit NPU
Qualcomm,Snapdragon® 8 Gen 3 Mobile,,MediaPipe-Hand-Gesture-Recognition,object-detection,256x256,w8a8,latency_ms,0.311,ms,TFLITE,https://huggingface.co/qualcomm/MediaPipe-Hand-Gesture-Recognition,official: Qualcomm AI Hub HF card; device chipset as stated 'Snapdragon® 8 Gen 3 Mobile'; peak memory 0 - 54 MB; compute unit NPU
Qualcomm,Snapdragon® 8 Elite Gen 5 For Galaxy Mobile,,MediaPipe-Pose-Estimation,keypoint-detection,256x256,float,latency_ms,0.416,ms,PRECOMPILED_QNN_ONNX,https://huggingface.co/qualcomm/MediaPipe-Pose-Estimation,official: Qualcomm AI Hub HF card; device chipset as stated 'Snapdragon® 8 Elite Gen 5 For Galaxy Mobile'; peak memory 0 - 7 MB; compute unit NPU
Qualcomm,Snapdragon® 8 Elite For Galaxy Mobile,,MediaPipe-Pose-Estimation,keypoint-detection,256x256,float,latency_ms,0.513,ms,PRECOMPILED_QNN_ONNX,https://huggingface.co/qualcomm/MediaPipe-Pose-Estimation,official: Qualcomm AI Hub HF card; device chipset as stated 'Snapdragon® 8 Elite For Galaxy Mobile'; peak memory 0 - 7 MB; compute unit NPU
Qualcomm,Snapdragon® X2 Elite,,MediaPipe-Pose-Estimation,keypoint-detection,256x256,float,latency_ms,0.492,ms,PRECOMPILED_QNN_ONNX,https://huggingface.co/qualcomm/MediaPipe-Pose-Estimation,official: Qualcomm AI Hub HF card; device chipset as stated 'Snapdragon® X2 Elite'; peak memory 1 - 1 MB; compute unit NPU
Qualcomm,Snapdragon® X Elite,,MediaPipe-Pose-Estimation,keypoint-detection,256x256,float,latency_ms,0.892,ms,PRECOMPILED_QNN_ONNX,https://huggingface.co/qualcomm/MediaPipe-Pose-Estimation,official: Qualcomm AI Hub HF card; device chipset as stated 'Snapdragon® X Elite'; peak memory 0 - 0 MB; compute unit NPU
Qualcomm,Snapdragon® 8 Gen 3 Mobile,,MediaPipe-Pose-Estimation,keypoint-detection,256x256,float,latency_ms,0.629,ms,PRECOMPILED_QNN_ONNX,https://huggingface.co/qualcomm/MediaPipe-Pose-Estimation,official: Qualcomm AI Hub HF card; device chipset as stated 'Snapdragon® 8 Gen 3 Mobile'; peak memory 0 - 7 MB; compute unit NPU
Qualcomm,Snapdragon® 8 Elite Gen 5 For Galaxy Mobile,,MediaPipe-Pose-Estimation,keypoint-detection,256x256,w8a8,latency_ms,0.167,ms,PRECOMPILED_QNN_ONNX,https://huggingface.co/qualcomm/MediaPipe-Pose-Estimation,official: Qualcomm AI Hub HF card; device chipset as stated 'Snapdragon® 8 Elite Gen 5 For Galaxy Mobile'; peak memory 0 - 9 MB; compute unit NPU
Qualcomm,Snapdragon® 8 Elite For Galaxy Mobile,,MediaPipe-Pose-Estimation,keypoint-detection,256x256,w8a8,latency_ms,0.202,ms,PRECOMPILED_QNN_ONNX,https://huggingface.co/qualcomm/MediaPipe-Pose-Estimation,official: Qualcomm AI Hub HF card; device chipset as stated 'Snapdragon® 8 Elite For Galaxy Mobile'; peak memory 0 - 6 MB; compute unit NPU
Qualcomm,Snapdragon® X2 Elite,,MediaPipe-Pose-Estimation,keypoint-detection,256x256,w8a8,latency_ms,0.177,ms,PRECOMPILED_QNN_ONNX,https://huggingface.co/qualcomm/MediaPipe-Pose-Estimation,official: Qualcomm AI Hub HF card; device chipset as stated 'Snapdragon® X2 Elite'; peak memory 1 - 1 MB; compute unit NPU
Qualcomm,Snapdragon® X Elite,,MediaPipe-Pose-Estimation,keypoint-detection,256x256,w8a8,latency_ms,0.308,ms,PRECOMPILED_QNN_ONNX,https://huggingface.co/qualcomm/MediaPipe-Pose-Estimation,official: Qualcomm AI Hub HF card; device chipset as stated 'Snapdragon® X Elite'; peak memory 0 - 0 MB; compute unit NPU
Qualcomm,Snapdragon® 8 Gen 3 Mobile,,MediaPipe-Pose-Estimation,keypoint-detection,256x256,w8a8,latency_ms,0.221,ms,PRECOMPILED_QNN_ONNX,https://huggingface.co/qualcomm/MediaPipe-Pose-Estimation,official: Qualcomm AI Hub HF card; device chipset as stated 'Snapdragon® 8 Gen 3 Mobile'; peak memory 0 - 8 MB; compute unit NPU
Qualcomm,Snapdragon® 8 Elite Gen 5 For Galaxy Mobile,,MediaPipe-Pose-Estimation,keypoint-detection,256x256,float,latency_ms,0.413,ms,QNN_CONTEXT_BINARY,https://huggingface.co/qualcomm/MediaPipe-Pose-Estimation,official: Qualcomm AI Hub HF card; device chipset as stated 'Snapdragon® 8 Elite Gen 5 For Galaxy Mobile'; peak memory 0 - 7 MB; compute unit NPU
Qualcomm,Snapdragon® 8 Elite For Galaxy Mobile,,MediaPipe-Pose-Estimation,keypoint-detection,256x256,float,latency_ms,0.512,ms,QNN_CONTEXT_BINARY,https://huggingface.co/qualcomm/MediaPipe-Pose-Estimation,official: Qualcomm AI Hub HF card; device chipset as stated 'Snapdragon® 8 Elite For Galaxy Mobile'; peak memory 0 - 7 MB; compute unit NPU
Qualcomm,Snapdragon® X2 Elite,,MediaPipe-Pose-Estimation,keypoint-detection,256x256,float,latency_ms,0.638,ms,QNN_CONTEXT_BINARY,https://huggingface.co/qualcomm/MediaPipe-Pose-Estimation,official: Qualcomm AI Hub HF card; device chipset as stated 'Snapdragon® X2 Elite'; peak memory 0 - 0 MB; compute unit NPU
Qualcomm,Snapdragon® X Elite,,MediaPipe-Pose-Estimation,keypoint-detection,256x256,float,latency_ms,1.005,ms,QNN_CONTEXT_BINARY,https://huggingface.co/qualcomm/MediaPipe-Pose-Estimation,official: Qualcomm AI Hub HF card; device chipset as stated 'Snapdragon® X Elite'; peak memory 0 - 0 MB; compute unit NPU
Qualcomm,Snapdragon® 8 Gen 3 Mobile,,MediaPipe-Pose-Estimation,keypoint-detection,256x256,float,latency_ms,0.623,ms,QNN_CONTEXT_BINARY,https://huggingface.co/qualcomm/MediaPipe-Pose-Estimation,official: Qualcomm AI Hub HF card; device chipset as stated 'Snapdragon® 8 Gen 3 Mobile'; peak memory 0 - 7 MB; compute unit NPU
Qualcomm,Snapdragon® 8 Elite Gen 5 For Galaxy Mobile,,MediaPipe-Pose-Estimation,keypoint-detection,256x256,w8a8,latency_ms,0.161,ms,QNN_CONTEXT_BINARY,https://huggingface.co/qualcomm/MediaPipe-Pose-Estimation,official: Qualcomm AI Hub HF card; device chipset as stated 'Snapdragon® 8 Elite Gen 5 For Galaxy Mobile'; peak memory 0 - 7 MB; compute unit NPU
Qualcomm,Snapdragon® 8 Elite For Galaxy Mobile,,MediaPipe-Pose-Estimation,keypoint-detection,256x256,w8a8,latency_ms,0.184,ms,QNN_CONTEXT_BINARY,https://huggingface.co/qualcomm/MediaPipe-Pose-Estimation,official: Qualcomm AI Hub HF card; device chipset as stated 'Snapdragon® 8 Elite For Galaxy Mobile'; peak memory 0 - 12 MB; compute unit NPU
Qualcomm,Snapdragon® X2 Elite,,MediaPipe-Pose-Estimation,keypoint-detection,256x256,w8a8,latency_ms,0.271,ms,QNN_CONTEXT_BINARY,https://huggingface.co/qualcomm/MediaPipe-Pose-Estimation,official: Qualcomm AI Hub HF card; device chipset as stated 'Snapdragon® X2 Elite'; peak memory 0 - 0 MB; compute unit NPU
Qualcomm,Snapdragon® X Elite,,MediaPipe-Pose-Estimation,keypoint-detection,256x256,w8a8,latency_ms,0.423,ms,QNN_CONTEXT_BINARY,https://huggingface.co/qualcomm/MediaPipe-Pose-Estimation,official: Qualcomm AI Hub HF card; device chipset as stated 'Snapdragon® X Elite'; peak memory 1 - 1 MB; compute unit NPU
Qualcomm,Snapdragon® 8 Gen 3 Mobile,,MediaPipe-Pose-Estimation,keypoint-detection,256x256,w8a8,latency_ms,0.222,ms,QNN_CONTEXT_BINARY,https://huggingface.co/qualcomm/MediaPipe-Pose-Estimation,official: Qualcomm AI Hub HF card; device chipset as stated 'Snapdragon® 8 Gen 3 Mobile'; peak memory 0 - 8 MB; compute unit NPU
Qualcomm,Snapdragon® 8 Elite Gen 5 For Galaxy Mobile,,MediaPipe-Pose-Estimation,keypoint-detection,256x256,float,latency_ms,0.394,ms,PRECOMPILED_QNN_ONNX,https://huggingface.co/qualcomm/MediaPipe-Pose-Estimation,official: Qualcomm AI Hub HF card; device chipset as stated 'Snapdragon® 8 Elite Gen 5 For Galaxy Mobile'; peak memory 0 - 7 MB; compute unit NPU
Qualcomm,Snapdragon® 8 Elite For Galaxy Mobile,,MediaPipe-Pose-Estimation,keypoint-detection,256x256,float,latency_ms,0.449,ms,PRECOMPILED_QNN_ONNX,https://huggingface.co/qualcomm/MediaPipe-Pose-Estimation,official: Qualcomm AI Hub HF card; device chipset as stated 'Snapdragon® 8 Elite For Galaxy Mobile'; peak memory 0 - 7 MB; compute unit NPU
Qualcomm,Snapdragon® X2 Elite,,MediaPipe-Pose-Estimation,keypoint-detection,256x256,float,latency_ms,0.49,ms,PRECOMPILED_QNN_ONNX,https://huggingface.co/qualcomm/MediaPipe-Pose-Estimation,official: Qualcomm AI Hub HF card; device chipset as stated 'Snapdragon® X2 Elite'; peak memory 2 - 2 MB; compute unit NPU
Qualcomm,Snapdragon® X Elite,,MediaPipe-Pose-Estimation,keypoint-detection,256x256,float,latency_ms,0.792,ms,PRECOMPILED_QNN_ONNX,https://huggingface.co/qualcomm/MediaPipe-Pose-Estimation,official: Qualcomm AI Hub HF card; device chipset as stated 'Snapdragon® X Elite'; peak memory 7 - 7 MB; compute unit NPU
Qualcomm,Snapdragon® 8 Gen 3 Mobile,,MediaPipe-Pose-Estimation,keypoint-detection,256x256,float,latency_ms,0.576,ms,PRECOMPILED_QNN_ONNX,https://huggingface.co/qualcomm/MediaPipe-Pose-Estimation,official: Qualcomm AI Hub HF card; device chipset as stated 'Snapdragon® 8 Gen 3 Mobile'; peak memory 0 - 7 MB; compute unit NPU
Qualcomm,Snapdragon® 8 Elite Gen 5 For Galaxy Mobile,,MediaPipe-Pose-Estimation,keypoint-detection,256x256,w8a8,latency_ms,0.167,ms,PRECOMPILED_QNN_ONNX,https://huggingface.co/qualcomm/MediaPipe-Pose-Estimation,official: Qualcomm AI Hub HF card; device chipset as stated 'Snapdragon® 8 Elite Gen 5 For Galaxy Mobile'; peak memory 0 - 7 MB; compute unit NPU
Qualcomm,Snapdragon® 8 Elite For Galaxy Mobile,,MediaPipe-Pose-Estimation,keypoint-detection,256x256,w8a8,latency_ms,0.188,ms,PRECOMPILED_QNN_ONNX,https://huggingface.co/qualcomm/MediaPipe-Pose-Estimation,official: Qualcomm AI Hub HF card; device chipset as stated 'Snapdragon® 8 Elite For Galaxy Mobile'; peak memory 0 - 7 MB; compute unit NPU
Qualcomm,Snapdragon® X2 Elite,,MediaPipe-Pose-Estimation,keypoint-detection,256x256,w8a8,latency_ms,0.161,ms,PRECOMPILED_QNN_ONNX,https://huggingface.co/qualcomm/MediaPipe-Pose-Estimation,official: Qualcomm AI Hub HF card; device chipset as stated 'Snapdragon® X2 Elite'; peak memory 1 - 1 MB; compute unit NPU
Qualcomm,Snapdragon® X Elite,,MediaPipe-Pose-Estimation,keypoint-detection,256x256,w8a8,latency_ms,0.295,ms,PRECOMPILED_QNN_ONNX,https://huggingface.co/qualcomm/MediaPipe-Pose-Estimation,official: Qualcomm AI Hub HF card; device chipset as stated 'Snapdragon® X Elite'; peak memory 0 - 0 MB; compute unit NPU
Qualcomm,Snapdragon® 8 Gen 3 Mobile,,MediaPipe-Pose-Estimation,keypoint-detection,256x256,w8a8,latency_ms,0.206,ms,PRECOMPILED_QNN_ONNX,https://huggingface.co/qualcomm/MediaPipe-Pose-Estimation,official: Qualcomm AI Hub HF card; device chipset as stated 'Snapdragon® 8 Gen 3 Mobile'; peak memory 0 - 8 MB; compute unit NPU
Qualcomm,Snapdragon® 8 Elite Gen 5 For Galaxy Mobile,,MediaPipe-Pose-Estimation,keypoint-detection,256x256,float,latency_ms,0.403,ms,QNN_CONTEXT_BINARY,https://huggingface.co/qualcomm/MediaPipe-Pose-Estimation,official: Qualcomm AI Hub HF card; device chipset as stated 'Snapdragon® 8 Elite Gen 5 For Galaxy Mobile'; peak memory 1 - 9 MB; compute unit NPU
Qualcomm,Snapdragon® 8 Elite For Galaxy Mobile,,MediaPipe-Pose-Estimation,keypoint-detection,256x256,float,latency_ms,0.45,ms,QNN_CONTEXT_BINARY,https://huggingface.co/qualcomm/MediaPipe-Pose-Estimation,official: Qualcomm AI Hub HF card; device chipset as stated 'Snapdragon® 8 Elite For Galaxy Mobile'; peak memory 0 - 8 MB; compute unit NPU
Qualcomm,Snapdragon® X2 Elite,,MediaPipe-Pose-Estimation,keypoint-detection,256x256,float,latency_ms,0.696,ms,QNN_CONTEXT_BINARY,https://huggingface.co/qualcomm/MediaPipe-Pose-Estimation,official: Qualcomm AI Hub HF card; device chipset as stated 'Snapdragon® X2 Elite'; peak memory 1 - 1 MB; compute unit NPU
Qualcomm,Snapdragon® X Elite,,MediaPipe-Pose-Estimation,keypoint-detection,256x256,float,latency_ms,1.001,ms,QNN_CONTEXT_BINARY,https://huggingface.co/qualcomm/MediaPipe-Pose-Estimation,official: Qualcomm AI Hub HF card; device chipset as stated 'Snapdragon® X Elite'; peak memory 1 - 1 MB; compute unit NPU
Qualcomm,Snapdragon® 8 Gen 3 Mobile,,MediaPipe-Pose-Estimation,keypoint-detection,256x256,float,latency_ms,0.575,ms,QNN_CONTEXT_BINARY,https://huggingface.co/qualcomm/MediaPipe-Pose-Estimation,official: Qualcomm AI Hub HF card; device chipset as stated 'Snapdragon® 8 Gen 3 Mobile'; peak memory 1 - 8 MB; compute unit NPU
Qualcomm,Snapdragon® 8 Elite Gen 5 For Galaxy Mobile,,MediaPipe-Pose-Estimation,keypoint-detection,256x256,w8a8,latency_ms,0.167,ms,QNN_CONTEXT_BINARY,https://huggingface.co/qualcomm/MediaPipe-Pose-Estimation,official: Qualcomm AI Hub HF card; device chipset as stated 'Snapdragon® 8 Elite Gen 5 For Galaxy Mobile'; peak memory 0 - 8 MB; compute unit NPU
Qualcomm,Snapdragon® 8 Elite For Galaxy Mobile,,MediaPipe-Pose-Estimation,keypoint-detection,256x256,w8a8,latency_ms,0.186,ms,QNN_CONTEXT_BINARY,https://huggingface.co/qualcomm/MediaPipe-Pose-Estimation,official: Qualcomm AI Hub HF card; device chipset as stated 'Snapdragon® 8 Elite For Galaxy Mobile'; peak memory 0 - 8 MB; compute unit NPU
Qualcomm,Snapdragon® X2 Elite,,MediaPipe-Pose-Estimation,keypoint-detection,256x256,w8a8,latency_ms,0.276,ms,QNN_CONTEXT_BINARY,https://huggingface.co/qualcomm/MediaPipe-Pose-Estimation,official: Qualcomm AI Hub HF card; device chipset as stated 'Snapdragon® X2 Elite'; peak memory 0 - 0 MB; compute unit NPU
Qualcomm,Snapdragon® X Elite,,MediaPipe-Pose-Estimation,keypoint-detection,256x256,w8a8,latency_ms,0.418,ms,QNN_CONTEXT_BINARY,https://huggingface.co/qualcomm/MediaPipe-Pose-Estimation,official: Qualcomm AI Hub HF card; device chipset as stated 'Snapdragon® X Elite'; peak memory 0 - 0 MB; compute unit NPU
Qualcomm,Snapdragon® 8 Gen 3 Mobile,,MediaPipe-Pose-Estimation,keypoint-detection,256x256,w8a8,latency_ms,0.198,ms,QNN_CONTEXT_BINARY,https://huggingface.co/qualcomm/MediaPipe-Pose-Estimation,official: Qualcomm AI Hub HF card; device chipset as stated 'Snapdragon® 8 Gen 3 Mobile'; peak memory 0 - 7 MB; compute unit NPU
Qualcomm,Snapdragon® 8 Elite Gen 5 For Galaxy Mobile,,MediaPipe-Selfie-Segmentation,image-segmentation,,float,latency_ms,0.342,ms,ONNX,https://huggingface.co/qualcomm/MediaPipe-Selfie-Segmentation,official: Qualcomm AI Hub HF card; device chipset as stated 'Snapdragon® 8 Elite Gen 5 For Galaxy Mobile'; peak memory 0 - 31 MB; compute unit NPU
Qualcomm,Snapdragon® 8 Elite For Galaxy Mobile,,MediaPipe-Selfie-Segmentation,image-segmentation,,float,latency_ms,0.372,ms,ONNX,https://huggingface.co/qualcomm/MediaPipe-Selfie-Segmentation,official: Qualcomm AI Hub HF card; device chipset as stated 'Snapdragon® 8 Elite For Galaxy Mobile'; peak memory 0 - 30 MB; compute unit NPU
Qualcomm,Snapdragon® X2 Elite,,MediaPipe-Selfie-Segmentation,image-segmentation,,float,latency_ms,0.365,ms,ONNX,https://huggingface.co/qualcomm/MediaPipe-Selfie-Segmentation,official: Qualcomm AI Hub HF card; device chipset as stated 'Snapdragon® X2 Elite'; peak memory 2 - 2 MB; compute unit NPU
Qualcomm,Snapdragon® X Elite,,MediaPipe-Selfie-Segmentation,image-segmentation,,float,latency_ms,0.701,ms,ONNX,https://huggingface.co/qualcomm/MediaPipe-Selfie-Segmentation,official: Qualcomm AI Hub HF card; device chipset as stated 'Snapdragon® X Elite'; peak memory 2 - 2 MB; compute unit NPU
Qualcomm,Snapdragon® 8 Gen 3 Mobile,,MediaPipe-Selfie-Segmentation,image-segmentation,,float,latency_ms,0.459,ms,ONNX,https://huggingface.co/qualcomm/MediaPipe-Selfie-Segmentation,official: Qualcomm AI Hub HF card; device chipset as stated 'Snapdragon® 8 Gen 3 Mobile'; peak memory 0 - 42 MB; compute unit NPU
Qualcomm,Snapdragon® 8 Elite Gen 5 For Galaxy Mobile,,MediaPipe-Selfie-Segmentation,image-segmentation,,w8a16,latency_ms,0.381,ms,ONNX,https://huggingface.co/qualcomm/MediaPipe-Selfie-Segmentation,official: Qualcomm AI Hub HF card; device chipset as stated 'Snapdragon® 8 Elite Gen 5 For Galaxy Mobile'; peak memory 0 - 40 MB; compute unit NPU
Qualcomm,Snapdragon® 8 Elite For Galaxy Mobile,,MediaPipe-Selfie-Segmentation,image-segmentation,,w8a16,latency_ms,0.442,ms,ONNX,https://huggingface.co/qualcomm/MediaPipe-Selfie-Segmentation,official: Qualcomm AI Hub HF card; device chipset as stated 'Snapdragon® 8 Elite For Galaxy Mobile'; peak memory 0 - 42 MB; compute unit NPU
Qualcomm,Snapdragon® X2 Elite,,MediaPipe-Selfie-Segmentation,image-segmentation,,w8a16,latency_ms,0.383,ms,ONNX,https://huggingface.co/qualcomm/MediaPipe-Selfie-Segmentation,official: Qualcomm AI Hub HF card; device chipset as stated 'Snapdragon® X2 Elite'; peak memory 1 - 1 MB; compute unit NPU
Qualcomm,Snapdragon® X Elite,,MediaPipe-Selfie-Segmentation,image-segmentation,,w8a16,latency_ms,0.855,ms,ONNX,https://huggingface.co/qualcomm/MediaPipe-Selfie-Segmentation,official: Qualcomm AI Hub HF card; device chipset as stated 'Snapdragon® X Elite'; peak memory 1 - 1 MB; compute unit NPU
Qualcomm,Snapdragon® 8 Gen 3 Mobile,,MediaPipe-Selfie-Segmentation,image-segmentation,,w8a16,latency_ms,0.545,ms,ONNX,https://huggingface.co/qualcomm/MediaPipe-Selfie-Segmentation,official: Qualcomm AI Hub HF card; device chipset as stated 'Snapdragon® 8 Gen 3 Mobile'; peak memory 0 - 46 MB; compute unit NPU
Qualcomm,Snapdragon® 8 Elite Gen 5 For Galaxy Mobile,,MediaPipe-Selfie-Segmentation,image-segmentation,,w8a8,latency_ms,0.148,ms,ONNX,https://huggingface.co/qualcomm/MediaPipe-Selfie-Segmentation,official: Qualcomm AI Hub HF card; device chipset as stated 'Snapdragon® 8 Elite Gen 5 For Galaxy Mobile'; peak memory 0 - 35 MB; compute unit NPU
Qualcomm,Snapdragon® 8 Elite For Galaxy Mobile,,MediaPipe-Selfie-Segmentation,image-segmentation,,w8a8,latency_ms,0.155,ms,ONNX,https://huggingface.co/qualcomm/MediaPipe-Selfie-Segmentation,official: Qualcomm AI Hub HF card; device chipset as stated 'Snapdragon® 8 Elite For Galaxy Mobile'; peak memory 0 - 36 MB; compute unit NPU
Qualcomm,Snapdragon® X2 Elite,,MediaPipe-Selfie-Segmentation,image-segmentation,,w8a8,latency_ms,0.132,ms,ONNX,https://huggingface.co/qualcomm/MediaPipe-Selfie-Segmentation,official: Qualcomm AI Hub HF card; device chipset as stated 'Snapdragon® X2 Elite'; peak memory 1 - 1 MB; compute unit NPU
Qualcomm,Snapdragon® X Elite,,MediaPipe-Selfie-Segmentation,image-segmentation,,w8a8,latency_ms,0.265,ms,ONNX,https://huggingface.co/qualcomm/MediaPipe-Selfie-Segmentation,official: Qualcomm AI Hub HF card; device chipset as stated 'Snapdragon® X Elite'; peak memory 1 - 1 MB; compute unit NPU
Qualcomm,Snapdragon® 8 Gen 3 Mobile,,MediaPipe-Selfie-Segmentation,image-segmentation,,w8a8,latency_ms,0.193,ms,ONNX,https://huggingface.co/qualcomm/MediaPipe-Selfie-Segmentation,official: Qualcomm AI Hub HF card; device chipset as stated 'Snapdragon® 8 Gen 3 Mobile'; peak memory 0 - 44 MB; compute unit NPU
Qualcomm,Snapdragon® 8 Elite Gen 5 For Galaxy Mobile,,MediaPipe-Selfie-Segmentation,image-segmentation,,float,latency_ms,0.293,ms,QNN_DLC,https://huggingface.co/qualcomm/MediaPipe-Selfie-Segmentation,official: Qualcomm AI Hub HF card; device chipset as stated 'Snapdragon® 8 Elite Gen 5 For Galaxy Mobile'; peak memory 1 - 30 MB; compute unit NPU
Qualcomm,Snapdragon® 8 Elite For Galaxy Mobile,,MediaPipe-Selfie-Segmentation,image-segmentation,,float,latency_ms,0.317,ms,QNN_DLC,https://huggingface.co/qualcomm/MediaPipe-Selfie-Segmentation,official: Qualcomm AI Hub HF card; device chipset as stated 'Snapdragon® 8 Elite For Galaxy Mobile'; peak memory 1 - 33 MB; compute unit NPU
Qualcomm,Snapdragon® X2 Elite,,MediaPipe-Selfie-Segmentation,image-segmentation,,float,latency_ms,0.417,ms,QNN_DLC,https://huggingface.co/qualcomm/MediaPipe-Selfie-Segmentation,official: Qualcomm AI Hub HF card; device chipset as stated 'Snapdragon® X2 Elite'; peak memory 1 - 1 MB; compute unit NPU
Qualcomm,Snapdragon® X Elite,,MediaPipe-Selfie-Segmentation,image-segmentation,,float,latency_ms,0.711,ms,QNN_DLC,https://huggingface.co/qualcomm/MediaPipe-Selfie-Segmentation,official: Qualcomm AI Hub HF card; device chipset as stated 'Snapdragon® X Elite'; peak memory 1 - 1 MB; compute unit NPU
Qualcomm,Snapdragon® 8 Gen 3 Mobile,,MediaPipe-Selfie-Segmentation,image-segmentation,,float,latency_ms,0.393,ms,QNN_DLC,https://huggingface.co/qualcomm/MediaPipe-Selfie-Segmentation,official: Qualcomm AI Hub HF card; device chipset as stated 'Snapdragon® 8 Gen 3 Mobile'; peak memory 0 - 40 MB; compute unit NPU
Qualcomm,Snapdragon® 8 Elite Gen 5 For Galaxy Mobile,,MediaPipe-Selfie-Segmentation,image-segmentation,,w8a16,latency_ms,0.268,ms,QNN_DLC,https://huggingface.co/qualcomm/MediaPipe-Selfie-Segmentation,official: Qualcomm AI Hub HF card; device chipset as stated 'Snapdragon® 8 Elite Gen 5 For Galaxy Mobile'; peak memory 0 - 35 MB; compute unit NPU
Qualcomm,Snapdragon® 8 Elite For Galaxy Mobile,,MediaPipe-Selfie-Segmentation,image-segmentation,,w8a16,latency_ms,0.33,ms,QNN_DLC,https://huggingface.co/qualcomm/MediaPipe-Selfie-Segmentation,official: Qualcomm AI Hub HF card; device chipset as stated 'Snapdragon® 8 Elite For Galaxy Mobile'; peak memory 0 - 31 MB; compute unit NPU
Qualcomm,Snapdragon® X2 Elite,,MediaPipe-Selfie-Segmentation,image-segmentation,,w8a16,latency_ms,0.404,ms,QNN_DLC,https://huggingface.co/qualcomm/MediaPipe-Selfie-Segmentation,official: Qualcomm AI Hub HF card; device chipset as stated 'Snapdragon® X2 Elite'; peak memory 0 - 0 MB; compute unit NPU
Qualcomm,Snapdragon® X Elite,,MediaPipe-Selfie-Segmentation,image-segmentation,,w8a16,latency_ms,0.747,ms,QNN_DLC,https://huggingface.co/qualcomm/MediaPipe-Selfie-Segmentation,official: Qualcomm AI Hub HF card; device chipset as stated 'Snapdragon® X Elite'; peak memory 0 - 0 MB; compute unit NPU
Qualcomm,Snapdragon® 8 Gen 3 Mobile,,MediaPipe-Selfie-Segmentation,image-segmentation,,w8a16,latency_ms,0.421,ms,QNN_DLC,https://huggingface.co/qualcomm/MediaPipe-Selfie-Segmentation,official: Qualcomm AI Hub HF card; device chipset as stated 'Snapdragon® 8 Gen 3 Mobile'; peak memory 0 - 39 MB; compute unit NPU
Qualcomm,Snapdragon® 8 Elite Gen 5 For Galaxy Mobile,,MediaPipe-Selfie-Segmentation,image-segmentation,,w8a8,latency_ms,0.133,ms,QNN_DLC,https://huggingface.co/qualcomm/MediaPipe-Selfie-Segmentation,official: Qualcomm AI Hub HF card; device chipset as stated 'Snapdragon® 8 Elite Gen 5 For Galaxy Mobile'; peak memory 0 - 29 MB; compute unit NPU
Qualcomm,Snapdragon® 8 Elite For Galaxy Mobile,,MediaPipe-Selfie-Segmentation,image-segmentation,,w8a8,latency_ms,0.135,ms,QNN_DLC,https://huggingface.co/qualcomm/MediaPipe-Selfie-Segmentation,official: Qualcomm AI Hub HF card; device chipset as stated 'Snapdragon® 8 Elite For Galaxy Mobile'; peak memory 0 - 27 MB; compute unit NPU
Qualcomm,Snapdragon® X2 Elite,,MediaPipe-Selfie-Segmentation,image-segmentation,,w8a8,latency_ms,0.214,ms,QNN_DLC,https://huggingface.co/qualcomm/MediaPipe-Selfie-Segmentation,official: Qualcomm AI Hub HF card; device chipset as stated 'Snapdragon® X2 Elite'; peak memory 0 - 0 MB; compute unit NPU
Qualcomm,Snapdragon® X Elite,,MediaPipe-Selfie-Segmentation,image-segmentation,,w8a8,latency_ms,0.348,ms,QNN_DLC,https://huggingface.co/qualcomm/MediaPipe-Selfie-Segmentation,official: Qualcomm AI Hub HF card; device chipset as stated 'Snapdragon® X Elite'; peak memory 0 - 0 MB; compute unit NPU
Qualcomm,Snapdragon® 8 Gen 3 Mobile,,MediaPipe-Selfie-Segmentation,image-segmentation,,w8a8,latency_ms,0.162,ms,QNN_DLC,https://huggingface.co/qualcomm/MediaPipe-Selfie-Segmentation,official: Qualcomm AI Hub HF card; device chipset as stated 'Snapdragon® 8 Gen 3 Mobile'; peak memory 0 - 37 MB; compute unit NPU
Qualcomm,Snapdragon® 8 Elite Gen 5 For Galaxy Mobile,,MediaPipe-Selfie-Segmentation,image-segmentation,,float,latency_ms,0.3,ms,TFLITE,https://huggingface.co/qualcomm/MediaPipe-Selfie-Segmentation,official: Qualcomm AI Hub HF card; device chipset as stated 'Snapdragon® 8 Elite Gen 5 For Galaxy Mobile'; peak memory 0 - 29 MB; compute unit NPU
Qualcomm,Snapdragon® 8 Elite For Galaxy Mobile,,MediaPipe-Selfie-Segmentation,image-segmentation,,float,latency_ms,0.354,ms,TFLITE,https://huggingface.co/qualcomm/MediaPipe-Selfie-Segmentation,official: Qualcomm AI Hub HF card; device chipset as stated 'Snapdragon® 8 Elite For Galaxy Mobile'; peak memory 0 - 28 MB; compute unit NPU
Qualcomm,Snapdragon® 8 Gen 3 Mobile,,MediaPipe-Selfie-Segmentation,image-segmentation,,float,latency_ms,0.397,ms,TFLITE,https://huggingface.co/qualcomm/MediaPipe-Selfie-Segmentation,official: Qualcomm AI Hub HF card; device chipset as stated 'Snapdragon® 8 Gen 3 Mobile'; peak memory 0 - 38 MB; compute unit NPU
Qualcomm,Snapdragon® 8 Elite Gen 5 For Galaxy Mobile,,MediaPipe-Selfie-Segmentation,image-segmentation,,w8a8,latency_ms,0.14,ms,TFLITE,https://huggingface.co/qualcomm/MediaPipe-Selfie-Segmentation,official: Qualcomm AI Hub HF card; device chipset as stated 'Snapdragon® 8 Elite Gen 5 For Galaxy Mobile'; peak memory 0 - 27 MB; compute unit NPU
Qualcomm,Snapdragon® 8 Elite For Galaxy Mobile,,MediaPipe-Selfie-Segmentation,image-segmentation,,w8a8,latency_ms,0.14,ms,TFLITE,https://huggingface.co/qualcomm/MediaPipe-Selfie-Segmentation,official: Qualcomm AI Hub HF card; device chipset as stated 'Snapdragon® 8 Elite For Galaxy Mobile'; peak memory 0 - 26 MB; compute unit NPU
Qualcomm,Snapdragon® 8 Gen 3 Mobile,,MediaPipe-Selfie-Segmentation,image-segmentation,,w8a8,latency_ms,0.171,ms,TFLITE,https://huggingface.co/qualcomm/MediaPipe-Selfie-Segmentation,official: Qualcomm AI Hub HF card; device chipset as stated 'Snapdragon® 8 Gen 3 Mobile'; peak memory 0 - 35 MB; compute unit NPU
Qualcomm,Snapdragon® 8 Elite Gen 5 For Galaxy Mobile,,Midas-V2,depth-estimation,256x256,float,latency_ms,1.168,ms,ONNX,https://huggingface.co/qualcomm/Midas-V2,official: Qualcomm AI Hub HF card; device chipset as stated 'Snapdragon® 8 Elite Gen 5 For Galaxy Mobile'; peak memory 0 - 159 MB; compute unit NPU
Qualcomm,Snapdragon® 8 Elite For Galaxy Mobile,,Midas-V2,depth-estimation,256x256,float,latency_ms,1.382,ms,ONNX,https://huggingface.co/qualcomm/Midas-V2,official: Qualcomm AI Hub HF card; device chipset as stated 'Snapdragon® 8 Elite For Galaxy Mobile'; peak memory 0 - 158 MB; compute unit NPU
Qualcomm,Snapdragon® X2 Elite,,Midas-V2,depth-estimation,256x256,float,latency_ms,1.224,ms,ONNX,https://huggingface.co/qualcomm/Midas-V2,official: Qualcomm AI Hub HF card; device chipset as stated 'Snapdragon® X2 Elite'; peak memory 2 - 2 MB; compute unit NPU
Qualcomm,Snapdragon® X Elite,,Midas-V2,depth-estimation,256x256,float,latency_ms,2.477,ms,ONNX,https://huggingface.co/qualcomm/Midas-V2,official: Qualcomm AI Hub HF card; device chipset as stated 'Snapdragon® X Elite'; peak memory 36 - 36 MB; compute unit NPU
Qualcomm,Snapdragon® 8 Gen 3 Mobile,,Midas-V2,depth-estimation,256x256,float,latency_ms,1.746,ms,ONNX,https://huggingface.co/qualcomm/Midas-V2,official: Qualcomm AI Hub HF card; device chipset as stated 'Snapdragon® 8 Gen 3 Mobile'; peak memory 0 - 192 MB; compute unit NPU
Qualcomm,Snapdragon® 8 Elite Gen 5 For Galaxy Mobile,,Midas-V2,depth-estimation,256x256,w8a8,latency_ms,0.643,ms,ONNX,https://huggingface.co/qualcomm/Midas-V2,official: Qualcomm AI Hub HF card; device chipset as stated 'Snapdragon® 8 Elite Gen 5 For Galaxy Mobile'; peak memory 0 - 67 MB; compute unit NPU
Qualcomm,Snapdragon® 8 Elite For Galaxy Mobile,,Midas-V2,depth-estimation,256x256,w8a8,latency_ms,0.755,ms,ONNX,https://huggingface.co/qualcomm/Midas-V2,official: Qualcomm AI Hub HF card; device chipset as stated 'Snapdragon® 8 Elite For Galaxy Mobile'; peak memory 0 - 61 MB; compute unit NPU
Qualcomm,Snapdragon® X2 Elite,,Midas-V2,depth-estimation,256x256,w8a8,latency_ms,0.586,ms,ONNX,https://huggingface.co/qualcomm/Midas-V2,official: Qualcomm AI Hub HF card; device chipset as stated 'Snapdragon® X2 Elite'; peak memory 1 - 1 MB; compute unit NPU
Qualcomm,Snapdragon® X Elite,,Midas-V2,depth-estimation,256x256,w8a8,latency_ms,1.322,ms,ONNX,https://huggingface.co/qualcomm/Midas-V2,official: Qualcomm AI Hub HF card; device chipset as stated 'Snapdragon® X Elite'; peak memory 19 - 19 MB; compute unit NPU
Qualcomm,Snapdragon® 8 Gen 3 Mobile,,Midas-V2,depth-estimation,256x256,w8a8,latency_ms,0.929,ms,ONNX,https://huggingface.co/qualcomm/Midas-V2,official: Qualcomm AI Hub HF card; device chipset as stated 'Snapdragon® 8 Gen 3 Mobile'; peak memory 0 - 99 MB; compute unit NPU
Qualcomm,Snapdragon® 8 Elite Gen 5 For Galaxy Mobile,,Midas-V2,depth-estimation,256x256,float,latency_ms,1.21,ms,QNN_DLC,https://huggingface.co/qualcomm/Midas-V2,official: Qualcomm AI Hub HF card; device chipset as stated 'Snapdragon® 8 Elite Gen 5 For Galaxy Mobile'; peak memory 1 - 157 MB; compute unit NPU
Qualcomm,Snapdragon® 8 Elite For Galaxy Mobile,,Midas-V2,depth-estimation,256x256,float,latency_ms,1.464,ms,QNN_DLC,https://huggingface.co/qualcomm/Midas-V2,official: Qualcomm AI Hub HF card; device chipset as stated 'Snapdragon® 8 Elite For Galaxy Mobile'; peak memory 1 - 158 MB; compute unit NPU
Qualcomm,Snapdragon® X2 Elite,,Midas-V2,depth-estimation,256x256,float,latency_ms,1.498,ms,QNN_DLC,https://huggingface.co/qualcomm/Midas-V2,official: Qualcomm AI Hub HF card; device chipset as stated 'Snapdragon® X2 Elite'; peak memory 1 - 1 MB; compute unit NPU
Qualcomm,Snapdragon® X Elite,,Midas-V2,depth-estimation,256x256,float,latency_ms,3.045,ms,QNN_DLC,https://huggingface.co/qualcomm/Midas-V2,official: Qualcomm AI Hub HF card; device chipset as stated 'Snapdragon® X Elite'; peak memory 1 - 1 MB; compute unit NPU
Qualcomm,Snapdragon® 8 Gen 3 Mobile,,Midas-V2,depth-estimation,256x256,float,latency_ms,1.959,ms,QNN_DLC,https://huggingface.co/qualcomm/Midas-V2,official: Qualcomm AI Hub HF card; device chipset as stated 'Snapdragon® 8 Gen 3 Mobile'; peak memory 16 - 205 MB; compute unit NPU
Qualcomm,Snapdragon® 8 Elite Gen 5 For Galaxy Mobile,,Midas-V2,depth-estimation,256x256,w8a8,latency_ms,0.564,ms,QNN_DLC,https://huggingface.co/qualcomm/Midas-V2,official: Qualcomm AI Hub HF card; device chipset as stated 'Snapdragon® 8 Elite Gen 5 For Galaxy Mobile'; peak memory 0 - 53 MB; compute unit NPU
Qualcomm,Snapdragon® 8 Elite For Galaxy Mobile,,Midas-V2,depth-estimation,256x256,w8a8,latency_ms,0.695,ms,QNN_DLC,https://huggingface.co/qualcomm/Midas-V2,official: Qualcomm AI Hub HF card; device chipset as stated 'Snapdragon® 8 Elite For Galaxy Mobile'; peak memory 0 - 56 MB; compute unit NPU
Qualcomm,Snapdragon® X2 Elite,,Midas-V2,depth-estimation,256x256,w8a8,latency_ms,0.678,ms,QNN_DLC,https://huggingface.co/qualcomm/Midas-V2,official: Qualcomm AI Hub HF card; device chipset as stated 'Snapdragon® X2 Elite'; peak memory 0 - 0 MB; compute unit NPU
Qualcomm,Snapdragon® X Elite,,Midas-V2,depth-estimation,256x256,w8a8,latency_ms,1.423,ms,QNN_DLC,https://huggingface.co/qualcomm/Midas-V2,official: Qualcomm AI Hub HF card; device chipset as stated 'Snapdragon® X Elite'; peak memory 0 - 0 MB; compute unit NPU
Qualcomm,Snapdragon® 8 Gen 3 Mobile,,Midas-V2,depth-estimation,256x256,w8a8,latency_ms,0.915,ms,QNN_DLC,https://huggingface.co/qualcomm/Midas-V2,official: Qualcomm AI Hub HF card; device chipset as stated 'Snapdragon® 8 Gen 3 Mobile'; peak memory 0 - 87 MB; compute unit NPU
Qualcomm,Snapdragon® 8 Elite Gen 5 For Galaxy Mobile,,Midas-V2,depth-estimation,256x256,float,latency_ms,1.214,ms,TFLITE,https://huggingface.co/qualcomm/Midas-V2,official: Qualcomm AI Hub HF card; device chipset as stated 'Snapdragon® 8 Elite Gen 5 For Galaxy Mobile'; peak memory 0 - 168 MB; compute unit NPU
Qualcomm,Snapdragon® 8 Elite For Galaxy Mobile,,Midas-V2,depth-estimation,256x256,float,latency_ms,1.474,ms,TFLITE,https://huggingface.co/qualcomm/Midas-V2,official: Qualcomm AI Hub HF card; device chipset as stated 'Snapdragon® 8 Elite For Galaxy Mobile'; peak memory 0 - 168 MB; compute unit NPU
Qualcomm,Snapdragon® 8 Gen 3 Mobile,,Midas-V2,depth-estimation,256x256,float,latency_ms,1.955,ms,TFLITE,https://huggingface.co/qualcomm/Midas-V2,official: Qualcomm AI Hub HF card; device chipset as stated 'Snapdragon® 8 Gen 3 Mobile'; peak memory 0 - 220 MB; compute unit NPU
Qualcomm,Snapdragon® 8 Elite Gen 5 For Galaxy Mobile,,Midas-V2,depth-estimation,256x256,w8a8,latency_ms,0.491,ms,TFLITE,https://huggingface.co/qualcomm/Midas-V2,official: Qualcomm AI Hub HF card; device chipset as stated 'Snapdragon® 8 Elite Gen 5 For Galaxy Mobile'; peak memory 0 - 50 MB; compute unit NPU
Qualcomm,Snapdragon® 8 Elite For Galaxy Mobile,,Midas-V2,depth-estimation,256x256,w8a8,latency_ms,0.598,ms,TFLITE,https://huggingface.co/qualcomm/Midas-V2,official: Qualcomm AI Hub HF card; device chipset as stated 'Snapdragon® 8 Elite For Galaxy Mobile'; peak memory 0 - 48 MB; compute unit NPU
Qualcomm,Snapdragon® 8 Gen 3 Mobile,,Midas-V2,depth-estimation,256x256,w8a8,latency_ms,0.751,ms,TFLITE,https://huggingface.co/qualcomm/Midas-V2,official: Qualcomm AI Hub HF card; device chipset as stated 'Snapdragon® 8 Gen 3 Mobile'; peak memory 0 - 83 MB; compute unit NPU
Qualcomm,Snapdragon® 8 Elite Gen 5 For Galaxy Mobile,,Ministral-3-3B-Instruct-2512,text-generation,ctx 512,q4_0,tokens_per_s,24.451746,tokens/s,GENIEX_LLAMACPP,https://huggingface.co/qualcomm/Ministral-3-3B-Instruct-2512,official: Qualcomm AI Hub HF card; device chipset as stated 'Snapdragon® 8 Elite Gen 5 For Galaxy Mobile'; context length 512; TTFT range 0.7207959999999999 - 2.8831839999999995 s
Qualcomm,Snapdragon® 8 Elite Gen 5 For Galaxy Mobile,,Ministral-3-3B-Instruct-2512,text-generation,ctx 512,q4_0,tokens_per_s,25.165428,tokens/s,GENIEX_LLAMACPP,https://huggingface.co/qualcomm/Ministral-3-3B-Instruct-2512,official: Qualcomm AI Hub HF card; device chipset as stated 'Snapdragon® 8 Elite Gen 5 For Galaxy Mobile'; context length 512; TTFT range 0.397398 - 1.589592 s
Qualcomm,Snapdragon® 8 Elite Gen 5 For Galaxy Mobile,,Ministral-3-3B-Instruct-2512,text-generation,ctx 512,q4_0,tokens_per_s,23.007625,tokens/s,GENIEX_LLAMACPP,https://huggingface.co/qualcomm/Ministral-3-3B-Instruct-2512,official: Qualcomm AI Hub HF card; device chipset as stated 'Snapdragon® 8 Elite Gen 5 For Galaxy Mobile'; context length 512; TTFT range 0.09381899999999999 - 0.37527599999999994 s
Qualcomm,Snapdragon® 8 Elite Gen 5 For Galaxy Mobile,,Ministral-3-3B-Instruct-2512,text-generation,ctx 4096,q4_0,tokens_per_s,8.491718,tokens/s,GENIEX_LLAMACPP,https://huggingface.co/qualcomm/Ministral-3-3B-Instruct-2512,official: Qualcomm AI Hub HF card; device chipset as stated 'Snapdragon® 8 Elite Gen 5 For Galaxy Mobile'; context length 4096; TTFT range 2.133671 - 68.277472 s
Qualcomm,Snapdragon® 8 Elite Gen 5 For Galaxy Mobile,,Ministral-3-3B-Instruct-2512,text-generation,ctx 4096,q4_0,tokens_per_s,16.567051,tokens/s,GENIEX_LLAMACPP,https://huggingface.co/qualcomm/Ministral-3-3B-Instruct-2512,official: Qualcomm AI Hub HF card; device chipset as stated 'Snapdragon® 8 Elite Gen 5 For Galaxy Mobile'; context length 4096; TTFT range 0.8275717741935483 - 26.482296774193546 s
Qualcomm,Snapdragon® 8 Elite Gen 5 For Galaxy Mobile,,Ministral-3-3B-Instruct-2512,text-generation,ctx 4096,q4_0,tokens_per_s,12.982683,tokens/s,GENIEX_LLAMACPP,https://huggingface.co/qualcomm/Ministral-3-3B-Instruct-2512,official: Qualcomm AI Hub HF card; device chipset as stated 'Snapdragon® 8 Elite Gen 5 For Galaxy Mobile'; context length 4096; TTFT range 0.11443629032258065 - 3.661961290322581 s
Qualcomm,Snapdragon® 8 Elite For Galaxy Mobile,,Ministral-3-3B-Instruct-2512,text-generation,ctx 512,q4_0,tokens_per_s,25.39869,tokens/s,GENIEX_LLAMACPP,https://huggingface.co/qualcomm/Ministral-3-3B-Instruct-2512,official: Qualcomm AI Hub HF card; device chipset as stated 'Snapdragon® 8 Elite For Galaxy Mobile'; context length 512; TTFT range 0.8803166666666666 - 3.5212666666666665 s
Qualcomm,Snapdragon® 8 Elite For Galaxy Mobile,,Ministral-3-3B-Instruct-2512,text-generation,ctx 512,q4_0,tokens_per_s,24.879427,tokens/s,GENIEX_LLAMACPP,https://huggingface.co/qualcomm/Ministral-3-3B-Instruct-2512,official: Qualcomm AI Hub HF card; device chipset as stated 'Snapdragon® 8 Elite For Galaxy Mobile'; context length 512; TTFT range 0.4110619999999999 - 1.6442479999999997 s
Qualcomm,Snapdragon® 8 Elite For Galaxy Mobile,,Ministral-3-3B-Instruct-2512,text-generation,ctx 512,q4_0,tokens_per_s,20.268594,tokens/s,GENIEX_LLAMACPP,https://huggingface.co/qualcomm/Ministral-3-3B-Instruct-2512,official: Qualcomm AI Hub HF card; device chipset as stated 'Snapdragon® 8 Elite For Galaxy Mobile'; context length 512; TTFT range 0.10249566666666667 - 0.40998266666666666 s
Qualcomm,Snapdragon® 8 Elite For Galaxy Mobile,,Ministral-3-3B-Instruct-2512,text-generation,ctx 4096,q4_0,tokens_per_s,7.157775,tokens/s,GENIEX_LLAMACPP,https://huggingface.co/qualcomm/Ministral-3-3B-Instruct-2512,official: Qualcomm AI Hub HF card; device chipset as stated 'Snapdragon® 8 Elite For Galaxy Mobile'; context length 4096; TTFT range 2.314336935483871 - 74.05878193548388 s
Qualcomm,Snapdragon® 8 Elite For Galaxy Mobile,,Ministral-3-3B-Instruct-2512,text-generation,ctx 4096,q4_0,tokens_per_s,15.332285,tokens/s,GENIEX_LLAMACPP,https://huggingface.co/qualcomm/Ministral-3-3B-Instruct-2512,official: Qualcomm AI Hub HF card; device chipset as stated 'Snapdragon® 8 Elite For Galaxy Mobile'; context length 4096; TTFT range 1.035802129032258 - 33.14566812903226 s
Qualcomm,Snapdragon® 8 Elite For Galaxy Mobile,,Ministral-3-3B-Instruct-2512,text-generation,ctx 4096,q4_0,tokens_per_s,10.898818,tokens/s,GENIEX_LLAMACPP,https://huggingface.co/qualcomm/Ministral-3-3B-Instruct-2512,official: Qualcomm AI Hub HF card; device chipset as stated 'Snapdragon® 8 Elite For Galaxy Mobile'; context length 4096; TTFT range 0.15201735483870965 - 4.864555354838709 s
Qualcomm,Snapdragon® X2 Elite,,Ministral-3-3B-Instruct-2512,text-generation,ctx 512,q4_0,tokens_per_s,43.463984,tokens/s,GENIEX_LLAMACPP,https://huggingface.co/qualcomm/Ministral-3-3B-Instruct-2512,official: Qualcomm AI Hub HF card; device chipset as stated 'Snapdragon® X2 Elite'; context length 512; TTFT range 0.21470266666666663 - 0.8588106666666665 s
Qualcomm,Snapdragon® X2 Elite,,Ministral-3-3B-Instruct-2512,text-generation,ctx 512,q4_0,tokens_per_s,24.93222,tokens/s,GENIEX_LLAMACPP,https://huggingface.co/qualcomm/Ministral-3-3B-Instruct-2512,official: Qualcomm AI Hub HF card; device chipset as stated 'Snapdragon® X2 Elite'; context length 512; TTFT range 0.20670399999999997 - 0.8268159999999999 s
Qualcomm,Snapdragon® X2 Elite,,Ministral-3-3B-Instruct-2512,text-generation,ctx 512,q4_0,tokens_per_s,24.183669,tokens/s,GENIEX_LLAMACPP,https://huggingface.co/qualcomm/Ministral-3-3B-Instruct-2512,official: Qualcomm AI Hub HF card; device chipset as stated 'Snapdragon® X2 Elite'; context length 512; TTFT range 0.08031866666666666 - 0.32127466666666665 s
Qualcomm,Snapdragon® X2 Elite,,Ministral-3-3B-Instruct-2512,text-generation,ctx 4096,q4_0,tokens_per_s,27.059915,tokens/s,GENIEX_LLAMACPP,https://huggingface.co/qualcomm/Ministral-3-3B-Instruct-2512,official: Qualcomm AI Hub HF card; device chipset as stated 'Snapdragon® X2 Elite'; context length 4096; TTFT range 0.3847427096774193 - 12.311766709677418 s
Qualcomm,Snapdragon® X2 Elite,,Ministral-3-3B-Instruct-2512,text-generation,ctx 4096,q4_0,tokens_per_s,20.453718,tokens/s,GENIEX_LLAMACPP,https://huggingface.co/qualcomm/Ministral-3-3B-Instruct-2512,official: Qualcomm AI Hub HF card; device chipset as stated 'Snapdragon® X2 Elite'; context length 4096; TTFT range 0.40758412903225805 - 13.042692129032257 s
Qualcomm,Snapdragon® X2 Elite,,Ministral-3-3B-Instruct-2512,text-generation,ctx 4096,q4_0,tokens_per_s,16.015012,tokens/s,GENIEX_LLAMACPP,https://huggingface.co/qualcomm/Ministral-3-3B-Instruct-2512,official: Qualcomm AI Hub HF card; device chipset as stated 'Snapdragon® X2 Elite'; context length 4096; TTFT range 0.103447 - 3.310304 s
Qualcomm,Snapdragon® X Elite,,Ministral-3-3B-Instruct-2512,text-generation,ctx 512,q4_0,tokens_per_s,38.416646,tokens/s,GENIEX_LLAMACPP,https://huggingface.co/qualcomm/Ministral-3-3B-Instruct-2512,official: Qualcomm AI Hub HF card; device chipset as stated 'Snapdragon® X Elite'; context length 512; TTFT range 0.3674443333333334 - 1.4697773333333335 s
Qualcomm,Snapdragon® X Elite,,Ministral-3-3B-Instruct-2512,text-generation,ctx 512,q4_0,tokens_per_s,29.349115,tokens/s,GENIEX_LLAMACPP,https://huggingface.co/qualcomm/Ministral-3-3B-Instruct-2512,official: Qualcomm AI Hub HF card; device chipset as stated 'Snapdragon® X Elite'; context length 512; TTFT range 0.4189433333333333 - 1.6757733333333331 s
Qualcomm,Snapdragon® X Elite,,Ministral-3-3B-Instruct-2512,text-generation,ctx 512,q4_0,tokens_per_s,15.64538,tokens/s,GENIEX_LLAMACPP,https://huggingface.co/qualcomm/Ministral-3-3B-Instruct-2512,official: Qualcomm AI Hub HF card; device chipset as stated 'Snapdragon® X Elite'; context length 512; TTFT range 0.18342466666666668 - 0.7336986666666667 s
Qualcomm,Snapdragon® X Elite,,Ministral-3-3B-Instruct-2512,text-generation,ctx 4096,q4_0,tokens_per_s,19.1478,tokens/s,GENIEX_LLAMACPP,https://huggingface.co/qualcomm/Ministral-3-3B-Instruct-2512,official: Qualcomm AI Hub HF card; device chipset as stated 'Snapdragon® X Elite'; context length 4096; TTFT range 0.8705155161290322 - 27.85649651612903 s
Qualcomm,Snapdragon® X Elite,,Ministral-3-3B-Instruct-2512,text-generation,ctx 4096,q4_0,tokens_per_s,17.635508,tokens/s,GENIEX_LLAMACPP,https://huggingface.co/qualcomm/Ministral-3-3B-Instruct-2512,official: Qualcomm AI Hub HF card; device chipset as stated 'Snapdragon® X Elite'; context length 4096; TTFT range 0.9817432903225806 - 31.415785290322578 s
Qualcomm,Snapdragon® X Elite,,Ministral-3-3B-Instruct-2512,text-generation,ctx 4096,q4_0,tokens_per_s,8.697967,tokens/s,GENIEX_LLAMACPP,https://huggingface.co/qualcomm/Ministral-3-3B-Instruct-2512,official: Qualcomm AI Hub HF card; device chipset as stated 'Snapdragon® X Elite'; context length 4096; TTFT range 0.25408487096774196 - 8.130715870967743 s
Qualcomm,Qualcomm® Dragonwing™ IQ-8275,,Ministral-3-3B-Instruct-2512,text-generation,ctx 512,q4_0,tokens_per_s,6.407106,tokens/s,GENIEX_LLAMACPP,https://huggingface.co/qualcomm/Ministral-3-3B-Instruct-2512,official: Qualcomm AI Hub HF card; device chipset as stated 'Qualcomm® Dragonwing™ IQ-8275'; context length 512; TTFT range 3.153277 - 12.613108 s
Qualcomm,Qualcomm® Dragonwing™ IQ-8275,,Ministral-3-3B-Instruct-2512,text-generation,ctx 512,q4_0,tokens_per_s,3.117344,tokens/s,GENIEX_LLAMACPP,https://huggingface.co/qualcomm/Ministral-3-3B-Instruct-2512,official: Qualcomm AI Hub HF card; device chipset as stated 'Qualcomm® Dragonwing™ IQ-8275'; context length 512; TTFT range 4.4006479999999994 - 17.602591999999998 s
Qualcomm,Qualcomm® Dragonwing™ IQ-8275,,Ministral-3-3B-Instruct-2512,text-generation,ctx 512,q4_0,tokens_per_s,2.426816,tokens/s,GENIEX_LLAMACPP,https://huggingface.co/qualcomm/Ministral-3-3B-Instruct-2512,official: Qualcomm AI Hub HF card; device chipset as stated 'Qualcomm® Dragonwing™ IQ-8275'; context length 512; TTFT range 0.37938466666666665 - 1.5175386666666666 s
Qualcomm,Qualcomm® Dragonwing™ IQ-8275,,Ministral-3-3B-Instruct-2512,text-generation,ctx 4096,q4_0,tokens_per_s,1.501261,tokens/s,GENIEX_LLAMACPP,https://huggingface.co/qualcomm/Ministral-3-3B-Instruct-2512,official: Qualcomm AI Hub HF card; device chipset as stated 'Qualcomm® Dragonwing™ IQ-8275'; context length 4096; TTFT range 5.474769774193549 - 175.19263277419356 s
Qualcomm,Qualcomm® Dragonwing™ IQ-8275,,Ministral-3-3B-Instruct-2512,text-generation,ctx 4096,q4_0,tokens_per_s,2.448,tokens/s,GENIEX_LLAMACPP,https://huggingface.co/qualcomm/Ministral-3-3B-Instruct-2512,official: Qualcomm AI Hub HF card; device chipset as stated 'Qualcomm® Dragonwing™ IQ-8275'; context length 4096; TTFT range 6.569485129032258 - 210.22352412903226 s
Qualcomm,Qualcomm® Dragonwing™ IQ-8275,,Ministral-3-3B-Instruct-2512,text-generation,ctx 4096,q4_0,tokens_per_s,2.081911,tokens/s,GENIEX_LLAMACPP,https://huggingface.co/qualcomm/Ministral-3-3B-Instruct-2512,official: Qualcomm AI Hub HF card; device chipset as stated 'Qualcomm® Dragonwing™ IQ-8275'; context length 4096; TTFT range 0.36488806451612904 - 11.67641806451613 s
Qualcomm,Qualcomm® Dragonwing™ IQ-X7181,,Ministral-3-3B-Instruct-2512,text-generation,ctx 512,q4_0,tokens_per_s,38.416646,tokens/s,GENIEX_LLAMACPP,https://huggingface.co/qualcomm/Ministral-3-3B-Instruct-2512,official: Qualcomm AI Hub HF card; device chipset as stated 'Qualcomm® Dragonwing™ IQ-X7181'; context length 512; TTFT range 0.3674443333333334 - 1.4697773333333335 s
Qualcomm,Qualcomm® Dragonwing™ IQ-X7181,,Ministral-3-3B-Instruct-2512,text-generation,ctx 512,q4_0,tokens_per_s,29.349115,tokens/s,GENIEX_LLAMACPP,https://huggingface.co/qualcomm/Ministral-3-3B-Instruct-2512,official: Qualcomm AI Hub HF card; device chipset as stated 'Qualcomm® Dragonwing™ IQ-X7181'; context length 512; TTFT range 0.4189433333333333 - 1.6757733333333331 s
Qualcomm,Qualcomm® Dragonwing™ IQ-X7181,,Ministral-3-3B-Instruct-2512,text-generation,ctx 512,q4_0,tokens_per_s,15.64538,tokens/s,GENIEX_LLAMACPP,https://huggingface.co/qualcomm/Ministral-3-3B-Instruct-2512,official: Qualcomm AI Hub HF card; device chipset as stated 'Qualcomm® Dragonwing™ IQ-X7181'; context length 512; TTFT range 0.18342466666666668 - 0.7336986666666667 s
Qualcomm,Qualcomm® Dragonwing™ Q-8750,,Ministral-3-3B-Instruct-2512,text-generation,ctx 512,q4_0,tokens_per_s,25.39869,tokens/s,GENIEX_LLAMACPP,https://huggingface.co/qualcomm/Ministral-3-3B-Instruct-2512,official: Qualcomm AI Hub HF card; device chipset as stated 'Qualcomm® Dragonwing™ Q-8750'; context length 512; TTFT range 0.8803166666666666 - 3.5212666666666665 s
Qualcomm,Qualcomm® Dragonwing™ Q-8750,,Ministral-3-3B-Instruct-2512,text-generation,ctx 512,q4_0,tokens_per_s,24.879427,tokens/s,GENIEX_LLAMACPP,https://huggingface.co/qualcomm/Ministral-3-3B-Instruct-2512,official: Qualcomm AI Hub HF card; device chipset as stated 'Qualcomm® Dragonwing™ Q-8750'; context length 512; TTFT range 0.4110619999999999 - 1.6442479999999997 s
Qualcomm,Qualcomm® Dragonwing™ Q-8750,,Ministral-3-3B-Instruct-2512,text-generation,ctx 512,q4_0,tokens_per_s,20.268594,tokens/s,GENIEX_LLAMACPP,https://huggingface.co/qualcomm/Ministral-3-3B-Instruct-2512,official: Qualcomm AI Hub HF card; device chipset as stated 'Qualcomm® Dragonwing™ Q-8750'; context length 512; TTFT range 0.10249566666666667 - 0.40998266666666666 s
Qualcomm,Qualcomm® Dragonwing™ IQ-X7181,,Ministral-3-3B-Instruct-2512,text-generation,ctx 4096,q4_0,tokens_per_s,19.1478,tokens/s,GENIEX_LLAMACPP,https://huggingface.co/qualcomm/Ministral-3-3B-Instruct-2512,official: Qualcomm AI Hub HF card; device chipset as stated 'Qualcomm® Dragonwing™ IQ-X7181'; context length 4096; TTFT range 0.8705155161290322 - 27.85649651612903 s
Qualcomm,Qualcomm® Dragonwing™ IQ-X7181,,Ministral-3-3B-Instruct-2512,text-generation,ctx 4096,q4_0,tokens_per_s,17.635508,tokens/s,GENIEX_LLAMACPP,https://huggingface.co/qualcomm/Ministral-3-3B-Instruct-2512,official: Qualcomm AI Hub HF card; device chipset as stated 'Qualcomm® Dragonwing™ IQ-X7181'; context length 4096; TTFT range 0.9817432903225806 - 31.415785290322578 s
Qualcomm,Qualcomm® Dragonwing™ IQ-X7181,,Ministral-3-3B-Instruct-2512,text-generation,ctx 4096,q4_0,tokens_per_s,8.697967,tokens/s,GENIEX_LLAMACPP,https://huggingface.co/qualcomm/Ministral-3-3B-Instruct-2512,official: Qualcomm AI Hub HF card; device chipset as stated 'Qualcomm® Dragonwing™ IQ-X7181'; context length 4096; TTFT range 0.25408487096774196 - 8.130715870967743 s
Qualcomm,Qualcomm® Dragonwing™ Q-8750,,Ministral-3-3B-Instruct-2512,text-generation,ctx 4096,q4_0,tokens_per_s,7.157775,tokens/s,GENIEX_LLAMACPP,https://huggingface.co/qualcomm/Ministral-3-3B-Instruct-2512,official: Qualcomm AI Hub HF card; device chipset as stated 'Qualcomm® Dragonwing™ Q-8750'; context length 4096; TTFT range 2.314336935483871 - 74.05878193548388 s
Qualcomm,Qualcomm® Dragonwing™ Q-8750,,Ministral-3-3B-Instruct-2512,text-generation,ctx 4096,q4_0,tokens_per_s,15.332285,tokens/s,GENIEX_LLAMACPP,https://huggingface.co/qualcomm/Ministral-3-3B-Instruct-2512,official: Qualcomm AI Hub HF card; device chipset as stated 'Qualcomm® Dragonwing™ Q-8750'; context length 4096; TTFT range 1.035802129032258 - 33.14566812903226 s
Qualcomm,Qualcomm® Dragonwing™ Q-8750,,Ministral-3-3B-Instruct-2512,text-generation,ctx 4096,q4_0,tokens_per_s,10.898818,tokens/s,GENIEX_LLAMACPP,https://huggingface.co/qualcomm/Ministral-3-3B-Instruct-2512,official: Qualcomm AI Hub HF card; device chipset as stated 'Qualcomm® Dragonwing™ Q-8750'; context length 4096; TTFT range 0.15201735483870965 - 4.864555354838709 s
Qualcomm,Qualcomm® Dragonwing™ Q-8750,,Mistral-7B-Instruct-v0.3,text-generation,ctx 4096,w4a16,tokens_per_s,12.56,tokens/s,QNN_CONTEXT_BINARY,https://huggingface.co/qualcomm/Mistral-7B-Instruct-v0.3,official: Qualcomm AI Hub HF card; device chipset as stated 'Qualcomm® Dragonwing™ Q-8750'; context length 4096; TTFT range 0.16565000000000002 - 5.300800000000001 s
Qualcomm,Snapdragon® 8 Elite Gen 5 For Galaxy Mobile,,Mobile-Bert-Uncased-Google,text-generation,1x384,float,latency_ms,4.353,ms,ONNX,https://huggingface.co/qualcomm/Mobile-Bert-Uncased-Google,official: Qualcomm AI Hub HF card; device chipset as stated 'Snapdragon® 8 Elite Gen 5 For Galaxy Mobile'; peak memory 0 - 231 MB; compute unit NPU
Qualcomm,Snapdragon® 8 Elite For Galaxy Mobile,,Mobile-Bert-Uncased-Google,text-generation,1x384,float,latency_ms,5.843,ms,ONNX,https://huggingface.co/qualcomm/Mobile-Bert-Uncased-Google,official: Qualcomm AI Hub HF card; device chipset as stated 'Snapdragon® 8 Elite For Galaxy Mobile'; peak memory 0 - 230 MB; compute unit NPU
Qualcomm,Snapdragon® X2 Elite,,Mobile-Bert-Uncased-Google,text-generation,1x384,float,latency_ms,4.645,ms,ONNX,https://huggingface.co/qualcomm/Mobile-Bert-Uncased-Google,official: Qualcomm AI Hub HF card; device chipset as stated 'Snapdragon® X2 Elite'; peak memory 1 - 1 MB; compute unit NPU
Qualcomm,Snapdragon® X Elite,,Mobile-Bert-Uncased-Google,text-generation,1x384,float,latency_ms,11.146,ms,ONNX,https://huggingface.co/qualcomm/Mobile-Bert-Uncased-Google,official: Qualcomm AI Hub HF card; device chipset as stated 'Snapdragon® X Elite'; peak memory 81 - 81 MB; compute unit NPU
Qualcomm,Snapdragon® 8 Gen 3 Mobile,,Mobile-Bert-Uncased-Google,text-generation,1x384,float,latency_ms,7.839,ms,ONNX,https://huggingface.co/qualcomm/Mobile-Bert-Uncased-Google,official: Qualcomm AI Hub HF card; device chipset as stated 'Snapdragon® 8 Gen 3 Mobile'; peak memory 0 - 396 MB; compute unit NPU
Qualcomm,Snapdragon® 8 Elite Gen 5 For Galaxy Mobile,,Mobile-Bert-Uncased-Google,text-generation,1x384,float,latency_ms,4.554,ms,QNN_DLC,https://huggingface.co/qualcomm/Mobile-Bert-Uncased-Google,official: Qualcomm AI Hub HF card; device chipset as stated 'Snapdragon® 8 Elite Gen 5 For Galaxy Mobile'; peak memory 0 - 245 MB; compute unit NPU
Qualcomm,Snapdragon® 8 Elite For Galaxy Mobile,,Mobile-Bert-Uncased-Google,text-generation,1x384,float,latency_ms,5.723,ms,QNN_DLC,https://huggingface.co/qualcomm/Mobile-Bert-Uncased-Google,official: Qualcomm AI Hub HF card; device chipset as stated 'Snapdragon® 8 Elite For Galaxy Mobile'; peak memory 0 - 241 MB; compute unit NPU
Qualcomm,Snapdragon® X2 Elite,,Mobile-Bert-Uncased-Google,text-generation,1x384,float,latency_ms,5.194,ms,QNN_DLC,https://huggingface.co/qualcomm/Mobile-Bert-Uncased-Google,official: Qualcomm AI Hub HF card; device chipset as stated 'Snapdragon® X2 Elite'; peak memory 1 - 1 MB; compute unit NPU
Qualcomm,Snapdragon® X Elite,,Mobile-Bert-Uncased-Google,text-generation,1x384,float,latency_ms,11.55,ms,QNN_DLC,https://huggingface.co/qualcomm/Mobile-Bert-Uncased-Google,official: Qualcomm AI Hub HF card; device chipset as stated 'Snapdragon® X Elite'; peak memory 1 - 1 MB; compute unit NPU
Qualcomm,Snapdragon® 8 Gen 3 Mobile,,Mobile-Bert-Uncased-Google,text-generation,1x384,float,latency_ms,7.922,ms,QNN_DLC,https://huggingface.co/qualcomm/Mobile-Bert-Uncased-Google,official: Qualcomm AI Hub HF card; device chipset as stated 'Snapdragon® 8 Gen 3 Mobile'; peak memory 0 - 325 MB; compute unit NPU
Qualcomm,Snapdragon® 8 Elite Gen 5 For Galaxy Mobile,,Mobile-Bert-Uncased-Google,text-generation,1x384,w8a16,latency_ms,4.282,ms,QNN_DLC,https://huggingface.co/qualcomm/Mobile-Bert-Uncased-Google,official: Qualcomm AI Hub HF card; device chipset as stated 'Snapdragon® 8 Elite Gen 5 For Galaxy Mobile'; peak memory 0 - 316 MB; compute unit NPU
Qualcomm,Snapdragon® 8 Elite For Galaxy Mobile,,Mobile-Bert-Uncased-Google,text-generation,1x384,w8a16,latency_ms,5.317,ms,QNN_DLC,https://huggingface.co/qualcomm/Mobile-Bert-Uncased-Google,official: Qualcomm AI Hub HF card; device chipset as stated 'Snapdragon® 8 Elite For Galaxy Mobile'; peak memory 0 - 313 MB; compute unit NPU
Qualcomm,Snapdragon® X2 Elite,,Mobile-Bert-Uncased-Google,text-generation,1x384,w8a16,latency_ms,4.867,ms,QNN_DLC,https://huggingface.co/qualcomm/Mobile-Bert-Uncased-Google,official: Qualcomm AI Hub HF card; device chipset as stated 'Snapdragon® X2 Elite'; peak memory 1 - 1 MB; compute unit NPU
Qualcomm,Snapdragon® X Elite,,Mobile-Bert-Uncased-Google,text-generation,1x384,w8a16,latency_ms,10.216,ms,QNN_DLC,https://huggingface.co/qualcomm/Mobile-Bert-Uncased-Google,official: Qualcomm AI Hub HF card; device chipset as stated 'Snapdragon® X Elite'; peak memory 1 - 1 MB; compute unit NPU
Qualcomm,Snapdragon® 8 Gen 3 Mobile,,Mobile-Bert-Uncased-Google,text-generation,1x384,w8a16,latency_ms,7.292,ms,QNN_DLC,https://huggingface.co/qualcomm/Mobile-Bert-Uncased-Google,official: Qualcomm AI Hub HF card; device chipset as stated 'Snapdragon® 8 Gen 3 Mobile'; peak memory 0 - 367 MB; compute unit NPU
Qualcomm,Snapdragon® 8 Elite Gen 5 For Galaxy Mobile,,Mobile-Bert-Uncased-Google,text-generation,1x384,w8a16_mixed_fp16,latency_ms,4.431,ms,QNN_DLC,https://huggingface.co/qualcomm/Mobile-Bert-Uncased-Google,official: Qualcomm AI Hub HF card; device chipset as stated 'Snapdragon® 8 Elite Gen 5 For Galaxy Mobile'; peak memory 0 - 316 MB; compute unit NPU
Qualcomm,Snapdragon® 8 Elite For Galaxy Mobile,,Mobile-Bert-Uncased-Google,text-generation,1x384,w8a16_mixed_fp16,latency_ms,5.548,ms,QNN_DLC,https://huggingface.co/qualcomm/Mobile-Bert-Uncased-Google,official: Qualcomm AI Hub HF card; device chipset as stated 'Snapdragon® 8 Elite For Galaxy Mobile'; peak memory 0 - 312 MB; compute unit NPU
Qualcomm,Snapdragon® X2 Elite,,Mobile-Bert-Uncased-Google,text-generation,1x384,w8a16_mixed_fp16,latency_ms,5.025,ms,QNN_DLC,https://huggingface.co/qualcomm/Mobile-Bert-Uncased-Google,official: Qualcomm AI Hub HF card; device chipset as stated 'Snapdragon® X2 Elite'; peak memory 0 - 0 MB; compute unit NPU
Qualcomm,Snapdragon® X Elite,,Mobile-Bert-Uncased-Google,text-generation,1x384,w8a16_mixed_fp16,latency_ms,10.483,ms,QNN_DLC,https://huggingface.co/qualcomm/Mobile-Bert-Uncased-Google,official: Qualcomm AI Hub HF card; device chipset as stated 'Snapdragon® X Elite'; peak memory 1 - 1 MB; compute unit NPU
Qualcomm,Snapdragon® 8 Gen 3 Mobile,,Mobile-Bert-Uncased-Google,text-generation,1x384,w8a16_mixed_fp16,latency_ms,7.453,ms,QNN_DLC,https://huggingface.co/qualcomm/Mobile-Bert-Uncased-Google,official: Qualcomm AI Hub HF card; device chipset as stated 'Snapdragon® 8 Gen 3 Mobile'; peak memory 0 - 367 MB; compute unit NPU
Qualcomm,Snapdragon® 8 Elite Gen 5 For Galaxy Mobile,,MobileNet-v2,image-classification,224x224,float,latency_ms,0.284,ms,ONNX,https://huggingface.co/qualcomm/MobileNet-v2,official: Qualcomm AI Hub HF card; device chipset as stated 'Snapdragon® 8 Elite Gen 5 For Galaxy Mobile'; peak memory 0 - 33 MB; compute unit NPU
Qualcomm,Snapdragon® 8 Elite For Galaxy Mobile,,MobileNet-v2,image-classification,224x224,float,latency_ms,0.335,ms,ONNX,https://huggingface.co/qualcomm/MobileNet-v2,official: Qualcomm AI Hub HF card; device chipset as stated 'Snapdragon® 8 Elite For Galaxy Mobile'; peak memory 0 - 37 MB; compute unit NPU
Qualcomm,Snapdragon® X2 Elite,,MobileNet-v2,image-classification,224x224,float,latency_ms,0.306,ms,ONNX,https://huggingface.co/qualcomm/MobileNet-v2,official: Qualcomm AI Hub HF card; device chipset as stated 'Snapdragon® X2 Elite'; peak memory 2 - 2 MB; compute unit NPU
Qualcomm,Snapdragon® X Elite,,MobileNet-v2,image-classification,224x224,float,latency_ms,0.626,ms,ONNX,https://huggingface.co/qualcomm/MobileNet-v2,official: Qualcomm AI Hub HF card; device chipset as stated 'Snapdragon® X Elite'; peak memory 8 - 8 MB; compute unit NPU
Qualcomm,Snapdragon® 8 Gen 3 Mobile,,MobileNet-v2,image-classification,224x224,float,latency_ms,0.42,ms,ONNX,https://huggingface.co/qualcomm/MobileNet-v2,official: Qualcomm AI Hub HF card; device chipset as stated 'Snapdragon® 8 Gen 3 Mobile'; peak memory 0 - 55 MB; compute unit NPU
Qualcomm,Snapdragon® 8 Elite Gen 5 For Galaxy Mobile,,MobileNet-v2,image-classification,224x224,w8a16,latency_ms,0.226,ms,ONNX,https://huggingface.co/qualcomm/MobileNet-v2,official: Qualcomm AI Hub HF card; device chipset as stated 'Snapdragon® 8 Elite Gen 5 For Galaxy Mobile'; peak memory 0 - 41 MB; compute unit NPU
Qualcomm,Snapdragon® 8 Elite For Galaxy Mobile,,MobileNet-v2,image-classification,224x224,w8a16,latency_ms,0.273,ms,ONNX,https://huggingface.co/qualcomm/MobileNet-v2,official: Qualcomm AI Hub HF card; device chipset as stated 'Snapdragon® 8 Elite For Galaxy Mobile'; peak memory 0 - 41 MB; compute unit NPU
Qualcomm,Snapdragon® X2 Elite,,MobileNet-v2,image-classification,224x224,w8a16,latency_ms,0.253,ms,ONNX,https://huggingface.co/qualcomm/MobileNet-v2,official: Qualcomm AI Hub HF card; device chipset as stated 'Snapdragon® X2 Elite'; peak memory 1 - 1 MB; compute unit NPU
Qualcomm,Snapdragon® X Elite,,MobileNet-v2,image-classification,224x224,w8a16,latency_ms,0.561,ms,ONNX,https://huggingface.co/qualcomm/MobileNet-v2,official: Qualcomm AI Hub HF card; device chipset as stated 'Snapdragon® X Elite'; peak memory 0 - 0 MB; compute unit NPU
Qualcomm,Snapdragon® 8 Gen 3 Mobile,,MobileNet-v2,image-classification,224x224,w8a16,latency_ms,0.378,ms,ONNX,https://huggingface.co/qualcomm/MobileNet-v2,official: Qualcomm AI Hub HF card; device chipset as stated 'Snapdragon® 8 Gen 3 Mobile'; peak memory 0 - 56 MB; compute unit NPU
Qualcomm,Snapdragon® 8 Elite Gen 5 For Galaxy Mobile,,MobileNet-v2,image-classification,224x224,w8a16_mixed_int16,latency_ms,0.262,ms,ONNX,https://huggingface.co/qualcomm/MobileNet-v2,official: Qualcomm AI Hub HF card; device chipset as stated 'Snapdragon® 8 Elite Gen 5 For Galaxy Mobile'; peak memory 0 - 43 MB; compute unit NPU
Qualcomm,Snapdragon® 8 Elite For Galaxy Mobile,,MobileNet-v2,image-classification,224x224,w8a16_mixed_int16,latency_ms,0.319,ms,ONNX,https://huggingface.co/qualcomm/MobileNet-v2,official: Qualcomm AI Hub HF card; device chipset as stated 'Snapdragon® 8 Elite For Galaxy Mobile'; peak memory 0 - 41 MB; compute unit NPU
Qualcomm,Snapdragon® X2 Elite,,MobileNet-v2,image-classification,224x224,w8a16_mixed_int16,latency_ms,0.291,ms,ONNX,https://huggingface.co/qualcomm/MobileNet-v2,official: Qualcomm AI Hub HF card; device chipset as stated 'Snapdragon® X2 Elite'; peak memory 1 - 1 MB; compute unit NPU
Qualcomm,Snapdragon® X Elite,,MobileNet-v2,image-classification,224x224,w8a16_mixed_int16,latency_ms,0.634,ms,ONNX,https://huggingface.co/qualcomm/MobileNet-v2,official: Qualcomm AI Hub HF card; device chipset as stated 'Snapdragon® X Elite'; peak memory 0 - 0 MB; compute unit NPU
Qualcomm,Snapdragon® 8 Gen 3 Mobile,,MobileNet-v2,image-classification,224x224,w8a16_mixed_int16,latency_ms,0.427,ms,ONNX,https://huggingface.co/qualcomm/MobileNet-v2,official: Qualcomm AI Hub HF card; device chipset as stated 'Snapdragon® 8 Gen 3 Mobile'; peak memory 0 - 57 MB; compute unit NPU
Qualcomm,Snapdragon® 8 Elite Gen 5 For Galaxy Mobile,,MobileNet-v2,image-classification,224x224,w8a8,latency_ms,0.25,ms,ONNX,https://huggingface.co/qualcomm/MobileNet-v2,official: Qualcomm AI Hub HF card; device chipset as stated 'Snapdragon® 8 Elite Gen 5 For Galaxy Mobile'; peak memory 0 - 40 MB; compute unit NPU
Qualcomm,Snapdragon® 8 Elite For Galaxy Mobile,,MobileNet-v2,image-classification,224x224,w8a8,latency_ms,0.283,ms,ONNX,https://huggingface.co/qualcomm/MobileNet-v2,official: Qualcomm AI Hub HF card; device chipset as stated 'Snapdragon® 8 Elite For Galaxy Mobile'; peak memory 0 - 43 MB; compute unit NPU
Qualcomm,Snapdragon® X2 Elite,,MobileNet-v2,image-classification,224x224,w8a8,latency_ms,0.326,ms,ONNX,https://huggingface.co/qualcomm/MobileNet-v2,official: Qualcomm AI Hub HF card; device chipset as stated 'Snapdragon® X2 Elite'; peak memory 1 - 1 MB; compute unit NPU
Qualcomm,Snapdragon® X Elite,,MobileNet-v2,image-classification,224x224,w8a8,latency_ms,0.454,ms,ONNX,https://huggingface.co/qualcomm/MobileNet-v2,official: Qualcomm AI Hub HF card; device chipset as stated 'Snapdragon® X Elite'; peak memory 0 - 0 MB; compute unit NPU
Qualcomm,Snapdragon® 8 Gen 3 Mobile,,MobileNet-v2,image-classification,224x224,w8a8,latency_ms,0.326,ms,ONNX,https://huggingface.co/qualcomm/MobileNet-v2,official: Qualcomm AI Hub HF card; device chipset as stated 'Snapdragon® 8 Gen 3 Mobile'; peak memory 0 - 55 MB; compute unit NPU
Qualcomm,Snapdragon® 8 Elite Gen 5 For Galaxy Mobile,,MobileNet-v2,image-classification,224x224,float,latency_ms,0.344,ms,QNN_DLC,https://huggingface.co/qualcomm/MobileNet-v2,official: Qualcomm AI Hub HF card; device chipset as stated 'Snapdragon® 8 Elite Gen 5 For Galaxy Mobile'; peak memory 1 - 39 MB; compute unit NPU
Qualcomm,Snapdragon® 8 Elite For Galaxy Mobile,,MobileNet-v2,image-classification,224x224,float,latency_ms,0.442,ms,QNN_DLC,https://huggingface.co/qualcomm/MobileNet-v2,official: Qualcomm AI Hub HF card; device chipset as stated 'Snapdragon® 8 Elite For Galaxy Mobile'; peak memory 1 - 33 MB; compute unit NPU
Qualcomm,Snapdragon® X2 Elite,,MobileNet-v2,image-classification,224x224,float,latency_ms,0.461,ms,QNN_DLC,https://huggingface.co/qualcomm/MobileNet-v2,official: Qualcomm AI Hub HF card; device chipset as stated 'Snapdragon® X2 Elite'; peak memory 1 - 1 MB; compute unit NPU
Qualcomm,Snapdragon® X Elite,,MobileNet-v2,image-classification,224x224,float,latency_ms,1.051,ms,QNN_DLC,https://huggingface.co/qualcomm/MobileNet-v2,official: Qualcomm AI Hub HF card; device chipset as stated 'Snapdragon® X Elite'; peak memory 1 - 1 MB; compute unit NPU
Qualcomm,Snapdragon® 8 Gen 3 Mobile,,MobileNet-v2,image-classification,224x224,float,latency_ms,0.598,ms,QNN_DLC,https://huggingface.co/qualcomm/MobileNet-v2,official: Qualcomm AI Hub HF card; device chipset as stated 'Snapdragon® 8 Gen 3 Mobile'; peak memory 0 - 53 MB; compute unit NPU
Qualcomm,Snapdragon® 8 Elite Gen 5 For Galaxy Mobile,,MobileNet-v2,image-classification,224x224,w8a16,latency_ms,0.292,ms,QNN_DLC,https://huggingface.co/qualcomm/MobileNet-v2,official: Qualcomm AI Hub HF card; device chipset as stated 'Snapdragon® 8 Elite Gen 5 For Galaxy Mobile'; peak memory 0 - 36 MB; compute unit NPU
Qualcomm,Snapdragon® 8 Elite For Galaxy Mobile,,MobileNet-v2,image-classification,224x224,w8a16,latency_ms,0.376,ms,QNN_DLC,https://huggingface.co/qualcomm/MobileNet-v2,official: Qualcomm AI Hub HF card; device chipset as stated 'Snapdragon® 8 Elite For Galaxy Mobile'; peak memory 0 - 36 MB; compute unit NPU
Qualcomm,Snapdragon® X2 Elite,,MobileNet-v2,image-classification,224x224,w8a16,latency_ms,0.43,ms,QNN_DLC,https://huggingface.co/qualcomm/MobileNet-v2,official: Qualcomm AI Hub HF card; device chipset as stated 'Snapdragon® X2 Elite'; peak memory 0 - 0 MB; compute unit NPU
Qualcomm,Snapdragon® X Elite,,MobileNet-v2,image-classification,224x224,w8a16,latency_ms,0.94,ms,QNN_DLC,https://huggingface.co/qualcomm/MobileNet-v2,official: Qualcomm AI Hub HF card; device chipset as stated 'Snapdragon® X Elite'; peak memory 0 - 0 MB; compute unit NPU
Qualcomm,Snapdragon® 8 Gen 3 Mobile,,MobileNet-v2,image-classification,224x224,w8a16,latency_ms,0.561,ms,QNN_DLC,https://huggingface.co/qualcomm/MobileNet-v2,official: Qualcomm AI Hub HF card; device chipset as stated 'Snapdragon® 8 Gen 3 Mobile'; peak memory 5 - 54 MB; compute unit NPU
Qualcomm,Snapdragon® 8 Elite Gen 5 For Galaxy Mobile,,MobileNet-v2,image-classification,224x224,w8a16_mixed_int16,latency_ms,0.32,ms,QNN_DLC,https://huggingface.co/qualcomm/MobileNet-v2,official: Qualcomm AI Hub HF card; device chipset as stated 'Snapdragon® 8 Elite Gen 5 For Galaxy Mobile'; peak memory 0 - 37 MB; compute unit NPU
Qualcomm,Snapdragon® 8 Elite For Galaxy Mobile,,MobileNet-v2,image-classification,224x224,w8a16_mixed_int16,latency_ms,0.417,ms,QNN_DLC,https://huggingface.co/qualcomm/MobileNet-v2,official: Qualcomm AI Hub HF card; device chipset as stated 'Snapdragon® 8 Elite For Galaxy Mobile'; peak memory 0 - 39 MB; compute unit NPU
Qualcomm,Snapdragon® X2 Elite,,MobileNet-v2,image-classification,224x224,w8a16_mixed_int16,latency_ms,0.455,ms,QNN_DLC,https://huggingface.co/qualcomm/MobileNet-v2,official: Qualcomm AI Hub HF card; device chipset as stated 'Snapdragon® X2 Elite'; peak memory 0 - 0 MB; compute unit NPU
Qualcomm,Snapdragon® X Elite,,MobileNet-v2,image-classification,224x224,w8a16_mixed_int16,latency_ms,1.003,ms,QNN_DLC,https://huggingface.co/qualcomm/MobileNet-v2,official: Qualcomm AI Hub HF card; device chipset as stated 'Snapdragon® X Elite'; peak memory 0 - 0 MB; compute unit NPU
Qualcomm,Snapdragon® 8 Gen 3 Mobile,,MobileNet-v2,image-classification,224x224,w8a16_mixed_int16,latency_ms,0.617,ms,QNN_DLC,https://huggingface.co/qualcomm/MobileNet-v2,official: Qualcomm AI Hub HF card; device chipset as stated 'Snapdragon® 8 Gen 3 Mobile'; peak memory 0 - 49 MB; compute unit NPU
Qualcomm,Snapdragon® 8 Elite Gen 5 For Galaxy Mobile,,MobileNet-v2,image-classification,224x224,w8a8,latency_ms,0.187,ms,QNN_DLC,https://huggingface.co/qualcomm/MobileNet-v2,official: Qualcomm AI Hub HF card; device chipset as stated 'Snapdragon® 8 Elite Gen 5 For Galaxy Mobile'; peak memory 0 - 35 MB; compute unit NPU
Qualcomm,Snapdragon® 8 Elite For Galaxy Mobile,,MobileNet-v2,image-classification,224x224,w8a8,latency_ms,0.221,ms,QNN_DLC,https://huggingface.co/qualcomm/MobileNet-v2,official: Qualcomm AI Hub HF card; device chipset as stated 'Snapdragon® 8 Elite For Galaxy Mobile'; peak memory 0 - 39 MB; compute unit NPU
Qualcomm,Snapdragon® X2 Elite,,MobileNet-v2,image-classification,224x224,w8a8,latency_ms,0.274,ms,QNN_DLC,https://huggingface.co/qualcomm/MobileNet-v2,official: Qualcomm AI Hub HF card; device chipset as stated 'Snapdragon® X2 Elite'; peak memory 0 - 0 MB; compute unit NPU
Qualcomm,Snapdragon® X Elite,,MobileNet-v2,image-classification,224x224,w8a8,latency_ms,0.539,ms,QNN_DLC,https://huggingface.co/qualcomm/MobileNet-v2,official: Qualcomm AI Hub HF card; device chipset as stated 'Snapdragon® X Elite'; peak memory 0 - 0 MB; compute unit NPU
Qualcomm,Snapdragon® 8 Gen 3 Mobile,,MobileNet-v2,image-classification,224x224,w8a8,latency_ms,0.313,ms,QNN_DLC,https://huggingface.co/qualcomm/MobileNet-v2,official: Qualcomm AI Hub HF card; device chipset as stated 'Snapdragon® 8 Gen 3 Mobile'; peak memory 0 - 47 MB; compute unit NPU
Qualcomm,Snapdragon® 8 Elite Gen 5 For Galaxy Mobile,,MobileNet-v2,image-classification,224x224,float,latency_ms,0.34,ms,TFLITE,https://huggingface.co/qualcomm/MobileNet-v2,official: Qualcomm AI Hub HF card; device chipset as stated 'Snapdragon® 8 Elite Gen 5 For Galaxy Mobile'; peak memory 0 - 38 MB; compute unit NPU
Qualcomm,Snapdragon® 8 Elite For Galaxy Mobile,,MobileNet-v2,image-classification,224x224,float,latency_ms,0.455,ms,TFLITE,https://huggingface.co/qualcomm/MobileNet-v2,official: Qualcomm AI Hub HF card; device chipset as stated 'Snapdragon® 8 Elite For Galaxy Mobile'; peak memory 0 - 36 MB; compute unit NPU
Qualcomm,Snapdragon® 8 Gen 3 Mobile,,MobileNet-v2,image-classification,224x224,float,latency_ms,0.601,ms,TFLITE,https://huggingface.co/qualcomm/MobileNet-v2,official: Qualcomm AI Hub HF card; device chipset as stated 'Snapdragon® 8 Gen 3 Mobile'; peak memory 0 - 57 MB; compute unit NPU
Qualcomm,Snapdragon® 8 Elite Gen 5 For Galaxy Mobile,,MobileNet-v2,image-classification,224x224,w8a8,latency_ms,0.186,ms,TFLITE,https://huggingface.co/qualcomm/MobileNet-v2,official: Qualcomm AI Hub HF card; device chipset as stated 'Snapdragon® 8 Elite Gen 5 For Galaxy Mobile'; peak memory 0 - 36 MB; compute unit NPU
Qualcomm,Snapdragon® 8 Elite For Galaxy Mobile,,MobileNet-v2,image-classification,224x224,w8a8,latency_ms,0.212,ms,TFLITE,https://huggingface.co/qualcomm/MobileNet-v2,official: Qualcomm AI Hub HF card; device chipset as stated 'Snapdragon® 8 Elite For Galaxy Mobile'; peak memory 0 - 34 MB; compute unit NPU
Qualcomm,Snapdragon® 8 Gen 3 Mobile,,MobileNet-v2,image-classification,224x224,w8a8,latency_ms,0.293,ms,TFLITE,https://huggingface.co/qualcomm/MobileNet-v2,official: Qualcomm AI Hub HF card; device chipset as stated 'Snapdragon® 8 Gen 3 Mobile'; peak memory 0 - 48 MB; compute unit NPU
Qualcomm,Snapdragon® 8 Elite Gen 5 For Galaxy Mobile,,MobileNet-v3-Large,image-classification,224x224,float,latency_ms,0.368,ms,ONNX,https://huggingface.co/qualcomm/MobileNet-v3-Large,official: Qualcomm AI Hub HF card; device chipset as stated 'Snapdragon® 8 Elite Gen 5 For Galaxy Mobile'; peak memory 0 - 40 MB; compute unit NPU
Qualcomm,Snapdragon® 8 Elite For Galaxy Mobile,,MobileNet-v3-Large,image-classification,224x224,float,latency_ms,0.401,ms,ONNX,https://huggingface.co/qualcomm/MobileNet-v3-Large,official: Qualcomm AI Hub HF card; device chipset as stated 'Snapdragon® 8 Elite For Galaxy Mobile'; peak memory 0 - 39 MB; compute unit NPU
Qualcomm,Snapdragon® X2 Elite,,MobileNet-v3-Large,image-classification,224x224,float,latency_ms,0.777,ms,ONNX,https://huggingface.co/qualcomm/MobileNet-v3-Large,official: Qualcomm AI Hub HF card; device chipset as stated 'Snapdragon® X2 Elite'; peak memory 2 - 2 MB; compute unit NPU
Qualcomm,Snapdragon® X Elite,,MobileNet-v3-Large,image-classification,224x224,float,latency_ms,0.729,ms,ONNX,https://huggingface.co/qualcomm/MobileNet-v3-Large,official: Qualcomm AI Hub HF card; device chipset as stated 'Snapdragon® X Elite'; peak memory 12 - 12 MB; compute unit NPU
Qualcomm,Snapdragon® 8 Gen 3 Mobile,,MobileNet-v3-Large,image-classification,224x224,float,latency_ms,0.494,ms,ONNX,https://huggingface.co/qualcomm/MobileNet-v3-Large,official: Qualcomm AI Hub HF card; device chipset as stated 'Snapdragon® 8 Gen 3 Mobile'; peak memory 0 - 58 MB; compute unit NPU
Qualcomm,Snapdragon® 8 Elite Gen 5 For Galaxy Mobile,,MobileNet-v3-Large,image-classification,224x224,w8a16,latency_ms,0.297,ms,ONNX,https://huggingface.co/qualcomm/MobileNet-v3-Large,official: Qualcomm AI Hub HF card; device chipset as stated 'Snapdragon® 8 Elite Gen 5 For Galaxy Mobile'; peak memory 0 - 48 MB; compute unit NPU
Qualcomm,Snapdragon® 8 Elite For Galaxy Mobile,,MobileNet-v3-Large,image-classification,224x224,w8a16,latency_ms,0.36,ms,ONNX,https://huggingface.co/qualcomm/MobileNet-v3-Large,official: Qualcomm AI Hub HF card; device chipset as stated 'Snapdragon® 8 Elite For Galaxy Mobile'; peak memory 0 - 51 MB; compute unit NPU
Qualcomm,Snapdragon® X2 Elite,,MobileNet-v3-Large,image-classification,224x224,w8a16,latency_ms,0.315,ms,ONNX,https://huggingface.co/qualcomm/MobileNet-v3-Large,official: Qualcomm AI Hub HF card; device chipset as stated 'Snapdragon® X2 Elite'; peak memory 1 - 1 MB; compute unit NPU
Qualcomm,Snapdragon® X Elite,,MobileNet-v3-Large,image-classification,224x224,w8a16,latency_ms,0.723,ms,ONNX,https://huggingface.co/qualcomm/MobileNet-v3-Large,official: Qualcomm AI Hub HF card; device chipset as stated 'Snapdragon® X Elite'; peak memory 7 - 7 MB; compute unit NPU
Qualcomm,Snapdragon® 8 Gen 3 Mobile,,MobileNet-v3-Large,image-classification,224x224,w8a16,latency_ms,0.479,ms,ONNX,https://huggingface.co/qualcomm/MobileNet-v3-Large,official: Qualcomm AI Hub HF card; device chipset as stated 'Snapdragon® 8 Gen 3 Mobile'; peak memory 0 - 67 MB; compute unit NPU
Qualcomm,Snapdragon® 8 Elite Gen 5 For Galaxy Mobile,,MobileNet-v3-Large,image-classification,224x224,w8a8,latency_ms,0.281,ms,ONNX,https://huggingface.co/qualcomm/MobileNet-v3-Large,official: Qualcomm AI Hub HF card; device chipset as stated 'Snapdragon® 8 Elite Gen 5 For Galaxy Mobile'; peak memory 0 - 46 MB; compute unit NPU
Qualcomm,Snapdragon® 8 Elite For Galaxy Mobile,,MobileNet-v3-Large,image-classification,224x224,w8a8,latency_ms,0.335,ms,ONNX,https://huggingface.co/qualcomm/MobileNet-v3-Large,official: Qualcomm AI Hub HF card; device chipset as stated 'Snapdragon® 8 Elite For Galaxy Mobile'; peak memory 0 - 49 MB; compute unit NPU
Qualcomm,Snapdragon® X2 Elite,,MobileNet-v3-Large,image-classification,224x224,w8a8,latency_ms,0.276,ms,ONNX,https://huggingface.co/qualcomm/MobileNet-v3-Large,official: Qualcomm AI Hub HF card; device chipset as stated 'Snapdragon® X2 Elite'; peak memory 1 - 1 MB; compute unit NPU
Qualcomm,Snapdragon® X Elite,,MobileNet-v3-Large,image-classification,224x224,w8a8,latency_ms,0.534,ms,ONNX,https://huggingface.co/qualcomm/MobileNet-v3-Large,official: Qualcomm AI Hub HF card; device chipset as stated 'Snapdragon® X Elite'; peak memory 6 - 6 MB; compute unit NPU
Qualcomm,Snapdragon® 8 Gen 3 Mobile,,MobileNet-v3-Large,image-classification,224x224,w8a8,latency_ms,0.378,ms,ONNX,https://huggingface.co/qualcomm/MobileNet-v3-Large,official: Qualcomm AI Hub HF card; device chipset as stated 'Snapdragon® 8 Gen 3 Mobile'; peak memory 0 - 65 MB; compute unit NPU
Qualcomm,Snapdragon® 8 Elite Gen 5 For Galaxy Mobile,,MobileNet-v3-Large,image-classification,224x224,float,latency_ms,0.43,ms,QNN_DLC,https://huggingface.co/qualcomm/MobileNet-v3-Large,official: Qualcomm AI Hub HF card; device chipset as stated 'Snapdragon® 8 Elite Gen 5 For Galaxy Mobile'; peak memory 1 - 37 MB; compute unit NPU
Qualcomm,Snapdragon® 8 Elite For Galaxy Mobile,,MobileNet-v3-Large,image-classification,224x224,float,latency_ms,0.527,ms,QNN_DLC,https://huggingface.co/qualcomm/MobileNet-v3-Large,official: Qualcomm AI Hub HF card; device chipset as stated 'Snapdragon® 8 Elite For Galaxy Mobile'; peak memory 1 - 39 MB; compute unit NPU
Qualcomm,Snapdragon® X2 Elite,,MobileNet-v3-Large,image-classification,224x224,float,latency_ms,0.508,ms,QNN_DLC,https://huggingface.co/qualcomm/MobileNet-v3-Large,official: Qualcomm AI Hub HF card; device chipset as stated 'Snapdragon® X2 Elite'; peak memory 1 - 1 MB; compute unit NPU
Qualcomm,Snapdragon® X Elite,,MobileNet-v3-Large,image-classification,224x224,float,latency_ms,1.166,ms,QNN_DLC,https://huggingface.co/qualcomm/MobileNet-v3-Large,official: Qualcomm AI Hub HF card; device chipset as stated 'Snapdragon® X Elite'; peak memory 1 - 1 MB; compute unit NPU
Qualcomm,Snapdragon® 8 Gen 3 Mobile,,MobileNet-v3-Large,image-classification,224x224,float,latency_ms,0.683,ms,QNN_DLC,https://huggingface.co/qualcomm/MobileNet-v3-Large,official: Qualcomm AI Hub HF card; device chipset as stated 'Snapdragon® 8 Gen 3 Mobile'; peak memory 0 - 56 MB; compute unit NPU
Qualcomm,Snapdragon® 8 Elite Gen 5 For Galaxy Mobile,,MobileNet-v3-Large,image-classification,224x224,w8a16,latency_ms,0.368,ms,QNN_DLC,https://huggingface.co/qualcomm/MobileNet-v3-Large,official: Qualcomm AI Hub HF card; device chipset as stated 'Snapdragon® 8 Elite Gen 5 For Galaxy Mobile'; peak memory 0 - 41 MB; compute unit NPU
Qualcomm,Snapdragon® 8 Elite For Galaxy Mobile,,MobileNet-v3-Large,image-classification,224x224,w8a16,latency_ms,0.466,ms,QNN_DLC,https://huggingface.co/qualcomm/MobileNet-v3-Large,official: Qualcomm AI Hub HF card; device chipset as stated 'Snapdragon® 8 Elite For Galaxy Mobile'; peak memory 0 - 44 MB; compute unit NPU
Qualcomm,Snapdragon® X2 Elite,,MobileNet-v3-Large,image-classification,224x224,w8a16,latency_ms,0.508,ms,QNN_DLC,https://huggingface.co/qualcomm/MobileNet-v3-Large,official: Qualcomm AI Hub HF card; device chipset as stated 'Snapdragon® X2 Elite'; peak memory 0 - 0 MB; compute unit NPU
Qualcomm,Snapdragon® X Elite,,MobileNet-v3-Large,image-classification,224x224,w8a16,latency_ms,1.1,ms,QNN_DLC,https://huggingface.co/qualcomm/MobileNet-v3-Large,official: Qualcomm AI Hub HF card; device chipset as stated 'Snapdragon® X Elite'; peak memory 0 - 0 MB; compute unit NPU
Qualcomm,Snapdragon® 8 Gen 3 Mobile,,MobileNet-v3-Large,image-classification,224x224,w8a16,latency_ms,0.664,ms,QNN_DLC,https://huggingface.co/qualcomm/MobileNet-v3-Large,official: Qualcomm AI Hub HF card; device chipset as stated 'Snapdragon® 8 Gen 3 Mobile'; peak memory 0 - 57 MB; compute unit NPU
Qualcomm,Snapdragon® 8 Elite Gen 5 For Galaxy Mobile,,MobileNet-v3-Large,image-classification,224x224,w8a8,latency_ms,0.22,ms,QNN_DLC,https://huggingface.co/qualcomm/MobileNet-v3-Large,official: Qualcomm AI Hub HF card; device chipset as stated 'Snapdragon® 8 Elite Gen 5 For Galaxy Mobile'; peak memory 0 - 44 MB; compute unit NPU
Qualcomm,Snapdragon® 8 Elite For Galaxy Mobile,,MobileNet-v3-Large,image-classification,224x224,w8a8,latency_ms,0.263,ms,QNN_DLC,https://huggingface.co/qualcomm/MobileNet-v3-Large,official: Qualcomm AI Hub HF card; device chipset as stated 'Snapdragon® 8 Elite For Galaxy Mobile'; peak memory 0 - 43 MB; compute unit NPU
Qualcomm,Snapdragon® X2 Elite,,MobileNet-v3-Large,image-classification,224x224,w8a8,latency_ms,0.426,ms,QNN_DLC,https://huggingface.co/qualcomm/MobileNet-v3-Large,official: Qualcomm AI Hub HF card; device chipset as stated 'Snapdragon® X2 Elite'; peak memory 0 - 0 MB; compute unit NPU
Qualcomm,Snapdragon® X Elite,,MobileNet-v3-Large,image-classification,224x224,w8a8,latency_ms,0.638,ms,QNN_DLC,https://huggingface.co/qualcomm/MobileNet-v3-Large,official: Qualcomm AI Hub HF card; device chipset as stated 'Snapdragon® X Elite'; peak memory 0 - 0 MB; compute unit NPU
Qualcomm,Snapdragon® 8 Gen 3 Mobile,,MobileNet-v3-Large,image-classification,224x224,w8a8,latency_ms,0.368,ms,QNN_DLC,https://huggingface.co/qualcomm/MobileNet-v3-Large,official: Qualcomm AI Hub HF card; device chipset as stated 'Snapdragon® 8 Gen 3 Mobile'; peak memory 0 - 54 MB; compute unit NPU
Qualcomm,Snapdragon® 8 Elite Gen 5 For Galaxy Mobile,,MobileNet-v3-Large,image-classification,224x224,float,latency_ms,0.425,ms,TFLITE,https://huggingface.co/qualcomm/MobileNet-v3-Large,official: Qualcomm AI Hub HF card; device chipset as stated 'Snapdragon® 8 Elite Gen 5 For Galaxy Mobile'; peak memory 0 - 39 MB; compute unit NPU
Qualcomm,Snapdragon® 8 Elite For Galaxy Mobile,,MobileNet-v3-Large,image-classification,224x224,float,latency_ms,0.524,ms,TFLITE,https://huggingface.co/qualcomm/MobileNet-v3-Large,official: Qualcomm AI Hub HF card; device chipset as stated 'Snapdragon® 8 Elite For Galaxy Mobile'; peak memory 0 - 39 MB; compute unit NPU
Qualcomm,Snapdragon® 8 Gen 3 Mobile,,MobileNet-v3-Large,image-classification,224x224,float,latency_ms,0.686,ms,TFLITE,https://huggingface.co/qualcomm/MobileNet-v3-Large,official: Qualcomm AI Hub HF card; device chipset as stated 'Snapdragon® 8 Gen 3 Mobile'; peak memory 0 - 60 MB; compute unit NPU
Qualcomm,Snapdragon® 8 Elite Gen 5 For Galaxy Mobile,,MobileNet-v3-Large,image-classification,224x224,w8a8,latency_ms,0.168,ms,TFLITE,https://huggingface.co/qualcomm/MobileNet-v3-Large,official: Qualcomm AI Hub HF card; device chipset as stated 'Snapdragon® 8 Elite Gen 5 For Galaxy Mobile'; peak memory 0 - 40 MB; compute unit NPU
Qualcomm,Snapdragon® 8 Elite For Galaxy Mobile,,MobileNet-v3-Large,image-classification,224x224,w8a8,latency_ms,0.196,ms,TFLITE,https://huggingface.co/qualcomm/MobileNet-v3-Large,official: Qualcomm AI Hub HF card; device chipset as stated 'Snapdragon® 8 Elite For Galaxy Mobile'; peak memory 0 - 36 MB; compute unit NPU
Qualcomm,Snapdragon® 8 Gen 3 Mobile,,MobileNet-v3-Large,image-classification,224x224,w8a8,latency_ms,0.243,ms,TFLITE,https://huggingface.co/qualcomm/MobileNet-v3-Large,official: Qualcomm AI Hub HF card; device chipset as stated 'Snapdragon® 8 Gen 3 Mobile'; peak memory 0 - 53 MB; compute unit NPU
Qualcomm,Snapdragon® 8 Elite Gen 5 For Galaxy Mobile,,MobileNet-v4,image-classification,224x224,float,latency_ms,0.444,ms,ONNX,https://huggingface.co/qualcomm/MobileNet-v4,official: Qualcomm AI Hub HF card; device chipset as stated 'Snapdragon® 8 Elite Gen 5 For Galaxy Mobile'; peak memory 0 - 43 MB; compute unit NPU
Qualcomm,Snapdragon® 8 Elite For Galaxy Mobile,,MobileNet-v4,image-classification,224x224,float,latency_ms,0.503,ms,ONNX,https://huggingface.co/qualcomm/MobileNet-v4,official: Qualcomm AI Hub HF card; device chipset as stated 'Snapdragon® 8 Elite For Galaxy Mobile'; peak memory 0 - 39 MB; compute unit NPU
Qualcomm,Snapdragon® X2 Elite,,MobileNet-v4,image-classification,224x224,float,latency_ms,0.379,ms,ONNX,https://huggingface.co/qualcomm/MobileNet-v4,official: Qualcomm AI Hub HF card; device chipset as stated 'Snapdragon® X2 Elite'; peak memory 2 - 2 MB; compute unit NPU
Qualcomm,Snapdragon® X Elite,,MobileNet-v4,image-classification,224x224,float,latency_ms,0.823,ms,ONNX,https://huggingface.co/qualcomm/MobileNet-v4,official: Qualcomm AI Hub HF card; device chipset as stated 'Snapdragon® X Elite'; peak memory 22 - 22 MB; compute unit NPU
Qualcomm,Snapdragon® 8 Gen 3 Mobile,,MobileNet-v4,image-classification,224x224,float,latency_ms,0.613,ms,ONNX,https://huggingface.co/qualcomm/MobileNet-v4,official: Qualcomm AI Hub HF card; device chipset as stated 'Snapdragon® 8 Gen 3 Mobile'; peak memory 0 - 74 MB; compute unit NPU
Qualcomm,Snapdragon® 8 Elite Gen 5 For Galaxy Mobile,,MobileNet-v4,image-classification,224x224,w8a8,latency_ms,0.337,ms,ONNX,https://huggingface.co/qualcomm/MobileNet-v4,official: Qualcomm AI Hub HF card; device chipset as stated 'Snapdragon® 8 Elite Gen 5 For Galaxy Mobile'; peak memory 0 - 53 MB; compute unit NPU
Qualcomm,Snapdragon® 8 Elite For Galaxy Mobile,,MobileNet-v4,image-classification,224x224,w8a8,latency_ms,0.367,ms,ONNX,https://huggingface.co/qualcomm/MobileNet-v4,official: Qualcomm AI Hub HF card; device chipset as stated 'Snapdragon® 8 Elite For Galaxy Mobile'; peak memory 0 - 53 MB; compute unit NPU
Qualcomm,Snapdragon® X2 Elite,,MobileNet-v4,image-classification,224x224,w8a8,latency_ms,0.302,ms,ONNX,https://huggingface.co/qualcomm/MobileNet-v4,official: Qualcomm AI Hub HF card; device chipset as stated 'Snapdragon® X2 Elite'; peak memory 1 - 1 MB; compute unit NPU
Qualcomm,Snapdragon® X Elite,,MobileNet-v4,image-classification,224x224,w8a8,latency_ms,0.548,ms,ONNX,https://huggingface.co/qualcomm/MobileNet-v4,official: Qualcomm AI Hub HF card; device chipset as stated 'Snapdragon® X Elite'; peak memory 10 - 10 MB; compute unit NPU
Qualcomm,Snapdragon® 8 Gen 3 Mobile,,MobileNet-v4,image-classification,224x224,w8a8,latency_ms,0.426,ms,ONNX,https://huggingface.co/qualcomm/MobileNet-v4,official: Qualcomm AI Hub HF card; device chipset as stated 'Snapdragon® 8 Gen 3 Mobile'; peak memory 0 - 84 MB; compute unit NPU
Qualcomm,Snapdragon® 8 Elite Gen 5 For Galaxy Mobile,,MobileNet-v4,image-classification,224x224,float,latency_ms,0.526,ms,QNN_DLC,https://huggingface.co/qualcomm/MobileNet-v4,official: Qualcomm AI Hub HF card; device chipset as stated 'Snapdragon® 8 Elite Gen 5 For Galaxy Mobile'; peak memory 1 - 40 MB; compute unit NPU
Qualcomm,Snapdragon® 8 Elite For Galaxy Mobile,,MobileNet-v4,image-classification,224x224,float,latency_ms,0.625,ms,QNN_DLC,https://huggingface.co/qualcomm/MobileNet-v4,official: Qualcomm AI Hub HF card; device chipset as stated 'Snapdragon® 8 Elite For Galaxy Mobile'; peak memory 1 - 38 MB; compute unit NPU
Qualcomm,Snapdragon® X2 Elite,,MobileNet-v4,image-classification,224x224,float,latency_ms,0.582,ms,QNN_DLC,https://huggingface.co/qualcomm/MobileNet-v4,official: Qualcomm AI Hub HF card; device chipset as stated 'Snapdragon® X2 Elite'; peak memory 1 - 1 MB; compute unit NPU
Qualcomm,Snapdragon® X Elite,,MobileNet-v4,image-classification,224x224,float,latency_ms,1.301,ms,QNN_DLC,https://huggingface.co/qualcomm/MobileNet-v4,official: Qualcomm AI Hub HF card; device chipset as stated 'Snapdragon® X Elite'; peak memory 1 - 1 MB; compute unit NPU
Qualcomm,Snapdragon® 8 Gen 3 Mobile,,MobileNet-v4,image-classification,224x224,float,latency_ms,0.82,ms,QNN_DLC,https://huggingface.co/qualcomm/MobileNet-v4,official: Qualcomm AI Hub HF card; device chipset as stated 'Snapdragon® 8 Gen 3 Mobile'; peak memory 0 - 68 MB; compute unit NPU
Qualcomm,Snapdragon® 8 Elite Gen 5 For Galaxy Mobile,,MobileNet-v4,image-classification,224x224,w8a8,latency_ms,0.276,ms,QNN_DLC,https://huggingface.co/qualcomm/MobileNet-v4,official: Qualcomm AI Hub HF card; device chipset as stated 'Snapdragon® 8 Elite Gen 5 For Galaxy Mobile'; peak memory 0 - 49 MB; compute unit NPU
Qualcomm,Snapdragon® 8 Elite For Galaxy Mobile,,MobileNet-v4,image-classification,224x224,w8a8,latency_ms,0.309,ms,QNN_DLC,https://huggingface.co/qualcomm/MobileNet-v4,official: Qualcomm AI Hub HF card; device chipset as stated 'Snapdragon® 8 Elite For Galaxy Mobile'; peak memory 0 - 51 MB; compute unit NPU
Qualcomm,Snapdragon® X2 Elite,,MobileNet-v4,image-classification,224x224,w8a8,latency_ms,0.347,ms,QNN_DLC,https://huggingface.co/qualcomm/MobileNet-v4,official: Qualcomm AI Hub HF card; device chipset as stated 'Snapdragon® X2 Elite'; peak memory 0 - 0 MB; compute unit NPU
Qualcomm,Snapdragon® X Elite,,MobileNet-v4,image-classification,224x224,w8a8,latency_ms,0.659,ms,QNN_DLC,https://huggingface.co/qualcomm/MobileNet-v4,official: Qualcomm AI Hub HF card; device chipset as stated 'Snapdragon® X Elite'; peak memory 0 - 0 MB; compute unit NPU
Qualcomm,Snapdragon® 8 Gen 3 Mobile,,MobileNet-v4,image-classification,224x224,w8a8,latency_ms,0.419,ms,QNN_DLC,https://huggingface.co/qualcomm/MobileNet-v4,official: Qualcomm AI Hub HF card; device chipset as stated 'Snapdragon® 8 Gen 3 Mobile'; peak memory 0 - 72 MB; compute unit NPU
Qualcomm,Snapdragon® 8 Elite Gen 5 For Galaxy Mobile,,MobileNet-v4,image-classification,224x224,float,latency_ms,0.517,ms,TFLITE,https://huggingface.co/qualcomm/MobileNet-v4,official: Qualcomm AI Hub HF card; device chipset as stated 'Snapdragon® 8 Elite Gen 5 For Galaxy Mobile'; peak memory 0 - 52 MB; compute unit NPU
Qualcomm,Snapdragon® 8 Elite For Galaxy Mobile,,MobileNet-v4,image-classification,224x224,float,latency_ms,0.624,ms,TFLITE,https://huggingface.co/qualcomm/MobileNet-v4,official: Qualcomm AI Hub HF card; device chipset as stated 'Snapdragon® 8 Elite For Galaxy Mobile'; peak memory 0 - 52 MB; compute unit NPU
Qualcomm,Snapdragon® 8 Gen 3 Mobile,,MobileNet-v4,image-classification,224x224,float,latency_ms,0.802,ms,TFLITE,https://huggingface.co/qualcomm/MobileNet-v4,official: Qualcomm AI Hub HF card; device chipset as stated 'Snapdragon® 8 Gen 3 Mobile'; peak memory 0 - 85 MB; compute unit NPU
Qualcomm,Snapdragon® 8 Elite Gen 5 For Galaxy Mobile,,MobileNet-v4,image-classification,224x224,w8a8,latency_ms,0.219,ms,TFLITE,https://huggingface.co/qualcomm/MobileNet-v4,official: Qualcomm AI Hub HF card; device chipset as stated 'Snapdragon® 8 Elite Gen 5 For Galaxy Mobile'; peak memory 0 - 46 MB; compute unit NPU
Qualcomm,Snapdragon® 8 Elite For Galaxy Mobile,,MobileNet-v4,image-classification,224x224,w8a8,latency_ms,0.241,ms,TFLITE,https://huggingface.co/qualcomm/MobileNet-v4,official: Qualcomm AI Hub HF card; device chipset as stated 'Snapdragon® 8 Elite For Galaxy Mobile'; peak memory 0 - 44 MB; compute unit NPU
Qualcomm,Snapdragon® 8 Gen 3 Mobile,,MobileNet-v4,image-classification,224x224,w8a8,latency_ms,0.297,ms,TFLITE,https://huggingface.co/qualcomm/MobileNet-v4,official: Qualcomm AI Hub HF card; device chipset as stated 'Snapdragon® 8 Gen 3 Mobile'; peak memory 0 - 73 MB; compute unit NPU
Qualcomm,Snapdragon® 8 Elite Gen 5 For Galaxy Mobile,,MobileSam,image-segmentation,720p (720x1280),float,latency_ms,2.691,ms,ONNX,https://huggingface.co/qualcomm/MobileSam,official: Qualcomm AI Hub HF card; device chipset as stated 'Snapdragon® 8 Elite Gen 5 For Galaxy Mobile'; peak memory 2 - 216 MB; compute unit NPU
Qualcomm,Snapdragon® 8 Elite For Galaxy Mobile,,MobileSam,image-segmentation,720p (720x1280),float,latency_ms,3.1,ms,ONNX,https://huggingface.co/qualcomm/MobileSam,official: Qualcomm AI Hub HF card; device chipset as stated 'Snapdragon® 8 Elite For Galaxy Mobile'; peak memory 0 - 210 MB; compute unit NPU
Qualcomm,Snapdragon® 8 Gen 3 Mobile,,MobileSam,image-segmentation,720p (720x1280),float,latency_ms,4.149,ms,ONNX,https://huggingface.co/qualcomm/MobileSam,official: Qualcomm AI Hub HF card; device chipset as stated 'Snapdragon® 8 Gen 3 Mobile'; peak memory 0 - 243 MB; compute unit NPU
Qualcomm,Snapdragon® 8 Elite Gen 5 For Galaxy Mobile,,MobileSam,image-segmentation,720p (720x1280),float,latency_ms,2.384,ms,QNN_DLC,https://huggingface.co/qualcomm/MobileSam,official: Qualcomm AI Hub HF card; device chipset as stated 'Snapdragon® 8 Elite Gen 5 For Galaxy Mobile'; peak memory 4 - 193 MB; compute unit NPU
Qualcomm,Snapdragon® 8 Elite For Galaxy Mobile,,MobileSam,image-segmentation,720p (720x1280),float,latency_ms,2.8,ms,QNN_DLC,https://huggingface.co/qualcomm/MobileSam,official: Qualcomm AI Hub HF card; device chipset as stated 'Snapdragon® 8 Elite For Galaxy Mobile'; peak memory 0 - 188 MB; compute unit NPU
Qualcomm,Snapdragon® X2 Elite,,MobileSam,image-segmentation,720p (720x1280),float,latency_ms,2.861,ms,QNN_DLC,https://huggingface.co/qualcomm/MobileSam,official: Qualcomm AI Hub HF card; device chipset as stated 'Snapdragon® X2 Elite'; peak memory 4 - 4 MB; compute unit NPU
Qualcomm,Snapdragon® X Elite,,MobileSam,image-segmentation,720p (720x1280),float,latency_ms,5.821,ms,QNN_DLC,https://huggingface.co/qualcomm/MobileSam,official: Qualcomm AI Hub HF card; device chipset as stated 'Snapdragon® X Elite'; peak memory 4 - 4 MB; compute unit NPU
Qualcomm,Snapdragon® 8 Gen 3 Mobile,,MobileSam,image-segmentation,720p (720x1280),float,latency_ms,3.702,ms,QNN_DLC,https://huggingface.co/qualcomm/MobileSam,official: Qualcomm AI Hub HF card; device chipset as stated 'Snapdragon® 8 Gen 3 Mobile'; peak memory 4 - 221 MB; compute unit NPU
Qualcomm,Snapdragon® 8 Elite Gen 5 For Galaxy Mobile,,MobileSam,image-segmentation,720p (720x1280),float,latency_ms,2.238,ms,TFLITE,https://huggingface.co/qualcomm/MobileSam,official: Qualcomm AI Hub HF card; device chipset as stated 'Snapdragon® 8 Elite Gen 5 For Galaxy Mobile'; peak memory 0 - 182 MB; compute unit NPU
Qualcomm,Snapdragon® 8 Elite For Galaxy Mobile,,MobileSam,image-segmentation,720p (720x1280),float,latency_ms,2.598,ms,TFLITE,https://huggingface.co/qualcomm/MobileSam,official: Qualcomm AI Hub HF card; device chipset as stated 'Snapdragon® 8 Elite For Galaxy Mobile'; peak memory 0 - 180 MB; compute unit NPU
Qualcomm,Snapdragon® 8 Gen 3 Mobile,,MobileSam,image-segmentation,720p (720x1280),float,latency_ms,3.401,ms,TFLITE,https://huggingface.co/qualcomm/MobileSam,official: Qualcomm AI Hub HF card; device chipset as stated 'Snapdragon® 8 Gen 3 Mobile'; peak memory 0 - 211 MB; compute unit NPU
Qualcomm,Snapdragon® 8 Elite Gen 5 For Galaxy Mobile,,MobileSam,image-segmentation,720p (720x1280),float,latency_ms,345.95,ms,ONNX,https://huggingface.co/qualcomm/MobileSam,official: Qualcomm AI Hub HF card; device chipset as stated 'Snapdragon® 8 Elite Gen 5 For Galaxy Mobile'; peak memory 45 - 949 MB; compute unit NPU
Qualcomm,Snapdragon® 8 Elite For Galaxy Mobile,,MobileSam,image-segmentation,720p (720x1280),float,latency_ms,383.467,ms,ONNX,https://huggingface.co/qualcomm/MobileSam,official: Qualcomm AI Hub HF card; device chipset as stated 'Snapdragon® 8 Elite For Galaxy Mobile'; peak memory 91 - 761 MB; compute unit NPU
Qualcomm,Snapdragon® 8 Gen 3 Mobile,,MobileSam,image-segmentation,720p (720x1280),float,latency_ms,172.741,ms,ONNX,https://huggingface.co/qualcomm/MobileSam,official: Qualcomm AI Hub HF card; device chipset as stated 'Snapdragon® 8 Gen 3 Mobile'; peak memory 102 - 1345 MB; compute unit NPU
Qualcomm,Snapdragon® 8 Elite Gen 5 For Galaxy Mobile,,MobileSam,image-segmentation,720p (720x1280),float,latency_ms,639.527,ms,QNN_DLC,https://huggingface.co/qualcomm/MobileSam,official: Qualcomm AI Hub HF card; device chipset as stated 'Snapdragon® 8 Elite Gen 5 For Galaxy Mobile'; peak memory 12 - 1438 MB; compute unit NPU
Qualcomm,Snapdragon® 8 Elite For Galaxy Mobile,,MobileSam,image-segmentation,720p (720x1280),float,latency_ms,687.388,ms,QNN_DLC,https://huggingface.co/qualcomm/MobileSam,official: Qualcomm AI Hub HF card; device chipset as stated 'Snapdragon® 8 Elite For Galaxy Mobile'; peak memory 0 - 1296 MB; compute unit NPU
Qualcomm,Snapdragon® X2 Elite,,MobileSam,image-segmentation,720p (720x1280),float,latency_ms,398.212,ms,QNN_DLC,https://huggingface.co/qualcomm/MobileSam,official: Qualcomm AI Hub HF card; device chipset as stated 'Snapdragon® X2 Elite'; peak memory 12 - 12 MB; compute unit NPU
Qualcomm,Snapdragon® X Elite,,MobileSam,image-segmentation,720p (720x1280),float,latency_ms,831.111,ms,QNN_DLC,https://huggingface.co/qualcomm/MobileSam,official: Qualcomm AI Hub HF card; device chipset as stated 'Snapdragon® X Elite'; peak memory 12 - 12 MB; compute unit NPU
Qualcomm,Snapdragon® 8 Gen 3 Mobile,,MobileSam,image-segmentation,720p (720x1280),float,latency_ms,79.943,ms,QNN_DLC,https://huggingface.co/qualcomm/MobileSam,official: Qualcomm AI Hub HF card; device chipset as stated 'Snapdragon® 8 Gen 3 Mobile'; peak memory 12 - 1647 MB; compute unit NPU
Qualcomm,Snapdragon® 8 Elite Gen 5 For Galaxy Mobile,,MobileSam,image-segmentation,720p (720x1280),float,latency_ms,400.866,ms,TFLITE,https://huggingface.co/qualcomm/MobileSam,official: Qualcomm AI Hub HF card; device chipset as stated 'Snapdragon® 8 Elite Gen 5 For Galaxy Mobile'; peak memory 4 - 1315 MB; compute unit NPU
Qualcomm,Snapdragon® 8 Elite For Galaxy Mobile,,MobileSam,image-segmentation,720p (720x1280),float,latency_ms,445.047,ms,TFLITE,https://huggingface.co/qualcomm/MobileSam,official: Qualcomm AI Hub HF card; device chipset as stated 'Snapdragon® 8 Elite For Galaxy Mobile'; peak memory 4 - 1203 MB; compute unit NPU
Qualcomm,Snapdragon® 8 Gen 3 Mobile,,MobileSam,image-segmentation,720p (720x1280),float,latency_ms,490.256,ms,TFLITE,https://huggingface.co/qualcomm/MobileSam,official: Qualcomm AI Hub HF card; device chipset as stated 'Snapdragon® 8 Gen 3 Mobile'; peak memory 74 - 1562 MB; compute unit NPU
Qualcomm,Snapdragon® 8 Elite Gen 5 For Galaxy Mobile,,OpenAI-Clip,image-classification,,float,latency_ms,10.414,ms,ONNX,https://huggingface.co/qualcomm/OpenAI-Clip,official: Qualcomm AI Hub HF card; device chipset as stated 'Snapdragon® 8 Elite Gen 5 For Galaxy Mobile'; peak memory 1 - 509 MB; compute unit NPU
Qualcomm,Snapdragon® 8 Elite For Galaxy Mobile,,OpenAI-Clip,image-classification,,float,latency_ms,14.432,ms,ONNX,https://huggingface.co/qualcomm/OpenAI-Clip,official: Qualcomm AI Hub HF card; device chipset as stated 'Snapdragon® 8 Elite For Galaxy Mobile'; peak memory 1 - 505 MB; compute unit NPU
Qualcomm,Snapdragon® X2 Elite,,OpenAI-Clip,image-classification,,float,latency_ms,11.102,ms,ONNX,https://huggingface.co/qualcomm/OpenAI-Clip,official: Qualcomm AI Hub HF card; device chipset as stated 'Snapdragon® X2 Elite'; peak memory 2 - 2 MB; compute unit NPU
Qualcomm,Snapdragon® X Elite,,OpenAI-Clip,image-classification,,float,latency_ms,27.428,ms,ONNX,https://huggingface.co/qualcomm/OpenAI-Clip,official: Qualcomm AI Hub HF card; device chipset as stated 'Snapdragon® X Elite'; peak memory 293 - 293 MB; compute unit NPU
Qualcomm,Snapdragon® 8 Gen 3 Mobile,,OpenAI-Clip,image-classification,,float,latency_ms,18.48,ms,ONNX,https://huggingface.co/qualcomm/OpenAI-Clip,official: Qualcomm AI Hub HF card; device chipset as stated 'Snapdragon® 8 Gen 3 Mobile'; peak memory 1 - 713 MB; compute unit NPU
Qualcomm,Snapdragon® 8 Elite Gen 5 For Galaxy Mobile,,OpenAI-Clip,image-classification,,w8a16,latency_ms,10.523,ms,ONNX,https://huggingface.co/qualcomm/OpenAI-Clip,official: Qualcomm AI Hub HF card; device chipset as stated 'Snapdragon® 8 Elite Gen 5 For Galaxy Mobile'; peak memory 0 - 627 MB; compute unit NPU
Qualcomm,Snapdragon® 8 Elite For Galaxy Mobile,,OpenAI-Clip,image-classification,,w8a16,latency_ms,13.977,ms,ONNX,https://huggingface.co/qualcomm/OpenAI-Clip,official: Qualcomm AI Hub HF card; device chipset as stated 'Snapdragon® 8 Elite For Galaxy Mobile'; peak memory 0 - 587 MB; compute unit NPU
Qualcomm,Snapdragon® X2 Elite,,OpenAI-Clip,image-classification,,w8a16,latency_ms,11.0,ms,ONNX,https://huggingface.co/qualcomm/OpenAI-Clip,official: Qualcomm AI Hub HF card; device chipset as stated 'Snapdragon® X2 Elite'; peak memory 1 - 1 MB; compute unit NPU
Qualcomm,Snapdragon® X Elite,,OpenAI-Clip,image-classification,,w8a16,latency_ms,24.436,ms,ONNX,https://huggingface.co/qualcomm/OpenAI-Clip,official: Qualcomm AI Hub HF card; device chipset as stated 'Snapdragon® X Elite'; peak memory 172 - 172 MB; compute unit NPU
Qualcomm,Snapdragon® 8 Gen 3 Mobile,,OpenAI-Clip,image-classification,,w8a16,latency_ms,16.901,ms,ONNX,https://huggingface.co/qualcomm/OpenAI-Clip,official: Qualcomm AI Hub HF card; device chipset as stated 'Snapdragon® 8 Gen 3 Mobile'; peak memory 0 - 699 MB; compute unit NPU
Qualcomm,Snapdragon® 8 Elite Gen 5 For Galaxy Mobile,,OpenAI-Clip,image-classification,,float,latency_ms,13.197,ms,QNN_DLC,https://huggingface.co/qualcomm/OpenAI-Clip,official: Qualcomm AI Hub HF card; device chipset as stated 'Snapdragon® 8 Elite Gen 5 For Galaxy Mobile'; peak memory 0 - 490 MB; compute unit NPU
Qualcomm,Snapdragon® 8 Elite For Galaxy Mobile,,OpenAI-Clip,image-classification,,float,latency_ms,16.632,ms,QNN_DLC,https://huggingface.co/qualcomm/OpenAI-Clip,official: Qualcomm AI Hub HF card; device chipset as stated 'Snapdragon® 8 Elite For Galaxy Mobile'; peak memory 1 - 483 MB; compute unit NPU
Qualcomm,Snapdragon® X2 Elite,,OpenAI-Clip,image-classification,,float,latency_ms,14.147,ms,QNN_DLC,https://huggingface.co/qualcomm/OpenAI-Clip,official: Qualcomm AI Hub HF card; device chipset as stated 'Snapdragon® X2 Elite'; peak memory 1 - 1 MB; compute unit NPU
Qualcomm,Snapdragon® X Elite,,OpenAI-Clip,image-classification,,float,latency_ms,33.039,ms,QNN_DLC,https://huggingface.co/qualcomm/OpenAI-Clip,official: Qualcomm AI Hub HF card; device chipset as stated 'Snapdragon® X Elite'; peak memory 1 - 1 MB; compute unit NPU
Qualcomm,Snapdragon® 8 Gen 3 Mobile,,OpenAI-Clip,image-classification,,float,latency_ms,21.362,ms,QNN_DLC,https://huggingface.co/qualcomm/OpenAI-Clip,official: Qualcomm AI Hub HF card; device chipset as stated 'Snapdragon® 8 Gen 3 Mobile'; peak memory 0 - 690 MB; compute unit NPU
Qualcomm,Snapdragon® 8 Elite Gen 5 For Galaxy Mobile,,OpenAI-Clip,image-classification,,w8a16,latency_ms,11.493,ms,QNN_DLC,https://huggingface.co/qualcomm/OpenAI-Clip,official: Qualcomm AI Hub HF card; device chipset as stated 'Snapdragon® 8 Elite Gen 5 For Galaxy Mobile'; peak memory 0 - 629 MB; compute unit NPU
Qualcomm,Snapdragon® 8 Elite For Galaxy Mobile,,OpenAI-Clip,image-classification,,w8a16,latency_ms,15.278,ms,QNN_DLC,https://huggingface.co/qualcomm/OpenAI-Clip,official: Qualcomm AI Hub HF card; device chipset as stated 'Snapdragon® 8 Elite For Galaxy Mobile'; peak memory 0 - 591 MB; compute unit NPU
Qualcomm,Snapdragon® X2 Elite,,OpenAI-Clip,image-classification,,w8a16,latency_ms,12.18,ms,QNN_DLC,https://huggingface.co/qualcomm/OpenAI-Clip,official: Qualcomm AI Hub HF card; device chipset as stated 'Snapdragon® X2 Elite'; peak memory 0 - 0 MB; compute unit NPU
Qualcomm,Snapdragon® X Elite,,OpenAI-Clip,image-classification,,w8a16,latency_ms,28.168,ms,QNN_DLC,https://huggingface.co/qualcomm/OpenAI-Clip,official: Qualcomm AI Hub HF card; device chipset as stated 'Snapdragon® X Elite'; peak memory 0 - 0 MB; compute unit NPU
Qualcomm,Snapdragon® 8 Gen 3 Mobile,,OpenAI-Clip,image-classification,,w8a16,latency_ms,18.835,ms,QNN_DLC,https://huggingface.co/qualcomm/OpenAI-Clip,official: Qualcomm AI Hub HF card; device chipset as stated 'Snapdragon® 8 Gen 3 Mobile'; peak memory 0 - 703 MB; compute unit NPU
Qualcomm,Snapdragon® 8 Elite Gen 5 For Galaxy Mobile,,OpenAI-Clip,image-classification,,float,latency_ms,12.81,ms,TFLITE,https://huggingface.co/qualcomm/OpenAI-Clip,official: Qualcomm AI Hub HF card; device chipset as stated 'Snapdragon® 8 Elite Gen 5 For Galaxy Mobile'; peak memory 0 - 497 MB; compute unit NPU
Qualcomm,Snapdragon® 8 Elite For Galaxy Mobile,,OpenAI-Clip,image-classification,,float,latency_ms,17.062,ms,TFLITE,https://huggingface.co/qualcomm/OpenAI-Clip,official: Qualcomm AI Hub HF card; device chipset as stated 'Snapdragon® 8 Elite For Galaxy Mobile'; peak memory 0 - 489 MB; compute unit NPU
Qualcomm,Snapdragon® 8 Gen 3 Mobile,,OpenAI-Clip,image-classification,,float,latency_ms,21.145,ms,TFLITE,https://huggingface.co/qualcomm/OpenAI-Clip,official: Qualcomm AI Hub HF card; device chipset as stated 'Snapdragon® 8 Gen 3 Mobile'; peak memory 0 - 689 MB; compute unit NPU
Qualcomm,Qualcomm® Dragonwing™ Q-8750,,PLaMo-1B,text-generation,ctx 4096,w4a16,tokens_per_s,68.21,tokens/s,QNN_CONTEXT_BINARY,https://huggingface.co/qualcomm/PLaMo-1B,official: Qualcomm AI Hub HF card; device chipset as stated 'Qualcomm® Dragonwing™ Q-8750'; context length 4096; TTFT range 0.031448000000000004 - 1.0063360000000001 s
Qualcomm,Snapdragon® X2 Elite,,Phi-3.5-mini-instruct,text-generation,ctx 4096,w4a16,tokens_per_s,34.25,tokens/s,QNN_CONTEXT_BINARY,https://huggingface.co/qualcomm/Phi-3.5-mini-instruct,official: Qualcomm AI Hub HF card; device chipset as stated 'Snapdragon® X2 Elite'; context length 4096; TTFT range 0.08362 - 2.67584 s
Qualcomm,Snapdragon® X Elite,,Phi-3.5-mini-instruct,text-generation,ctx 4096,w4a16,tokens_per_s,10.2,tokens/s,QNN_CONTEXT_BINARY,https://huggingface.co/qualcomm/Phi-3.5-mini-instruct,official: Qualcomm AI Hub HF card; device chipset as stated 'Snapdragon® X Elite'; context length 4096; TTFT range 0.10690999999999999 - 5.946656 s
Qualcomm,Qualcomm® Dragonwing™ IQ-X7181,,Phi-3.5-mini-instruct,text-generation,ctx 4096,w4a16,tokens_per_s,10.2,tokens/s,QNN_CONTEXT_BINARY,https://huggingface.co/qualcomm/Phi-3.5-mini-instruct,official: Qualcomm AI Hub HF card; device chipset as stated 'Qualcomm® Dragonwing™ IQ-X7181'; context length 4096; TTFT range 0.10690999999999999 - 5.946656 s
Qualcomm,Snapdragon® 8 Elite Gen 5 For Galaxy Mobile,,Phi-4-Mini-Instruct,text-generation,ctx 512,q4_0,tokens_per_s,21.373669,tokens/s,GENIEX_LLAMACPP,https://huggingface.co/qualcomm/Phi-4-Mini-Instruct,official: Qualcomm AI Hub HF card; device chipset as stated 'Snapdragon® 8 Elite Gen 5 For Galaxy Mobile'; context length 512; TTFT range 1.195355 - 4.78142 s
Qualcomm,Snapdragon® 8 Elite Gen 5 For Galaxy Mobile,,Phi-4-Mini-Instruct,text-generation,ctx 512,q4_0,tokens_per_s,23.01676,tokens/s,GENIEX_LLAMACPP,https://huggingface.co/qualcomm/Phi-4-Mini-Instruct,official: Qualcomm AI Hub HF card; device chipset as stated 'Snapdragon® 8 Elite Gen 5 For Galaxy Mobile'; context length 512; TTFT range 0.4301586666666667 - 1.7206346666666668 s
Qualcomm,Snapdragon® 8 Elite Gen 5 For Galaxy Mobile,,Phi-4-Mini-Instruct,text-generation,ctx 512,q4_0,tokens_per_s,23.169505,tokens/s,GENIEX_LLAMACPP,https://huggingface.co/qualcomm/Phi-4-Mini-Instruct,official: Qualcomm AI Hub HF card; device chipset as stated 'Snapdragon® 8 Elite Gen 5 For Galaxy Mobile'; context length 512; TTFT range 0.09322866666666665 - 0.3729146666666666 s
Qualcomm,Snapdragon® 8 Elite Gen 5 For Galaxy Mobile,,Phi-4-Mini-Instruct,text-generation,ctx 4096,q4_0,tokens_per_s,7.164959,tokens/s,GENIEX_LLAMACPP,https://huggingface.co/qualcomm/Phi-4-Mini-Instruct,official: Qualcomm AI Hub HF card; device chipset as stated 'Snapdragon® 8 Elite Gen 5 For Galaxy Mobile'; context length 4096; TTFT range 2.516420129032258 - 80.52544412903225 s
Qualcomm,Snapdragon® 8 Elite Gen 5 For Galaxy Mobile,,Phi-4-Mini-Instruct,text-generation,ctx 4096,q4_0,tokens_per_s,11.034155,tokens/s,GENIEX_LLAMACPP,https://huggingface.co/qualcomm/Phi-4-Mini-Instruct,official: Qualcomm AI Hub HF card; device chipset as stated 'Snapdragon® 8 Elite Gen 5 For Galaxy Mobile'; context length 4096; TTFT range 0.9345251290322579 - 29.904804129032254 s
Qualcomm,Snapdragon® 8 Elite Gen 5 For Galaxy Mobile,,Phi-4-Mini-Instruct,text-generation,ctx 4096,q4_0,tokens_per_s,13.129164,tokens/s,GENIEX_LLAMACPP,https://huggingface.co/qualcomm/Phi-4-Mini-Instruct,official: Qualcomm AI Hub HF card; device chipset as stated 'Snapdragon® 8 Elite Gen 5 For Galaxy Mobile'; context length 4096; TTFT range 0.10923896774193548 - 3.4956469677419353 s
Qualcomm,Snapdragon® 8 Elite For Galaxy Mobile,,Phi-4-Mini-Instruct,text-generation,ctx 512,q4_0,tokens_per_s,22.321187,tokens/s,GENIEX_LLAMACPP,https://huggingface.co/qualcomm/Phi-4-Mini-Instruct,official: Qualcomm AI Hub HF card; device chipset as stated 'Snapdragon® 8 Elite For Galaxy Mobile'; context length 512; TTFT range 0.9555736666666667 - 3.8222946666666666 s
Qualcomm,Snapdragon® 8 Elite For Galaxy Mobile,,Phi-4-Mini-Instruct,text-generation,ctx 512,q4_0,tokens_per_s,21.435994,tokens/s,GENIEX_LLAMACPP,https://huggingface.co/qualcomm/Phi-4-Mini-Instruct,official: Qualcomm AI Hub HF card; device chipset as stated 'Snapdragon® 8 Elite For Galaxy Mobile'; context length 512; TTFT range 0.445336 - 1.781344 s
Qualcomm,Snapdragon® 8 Elite For Galaxy Mobile,,Phi-4-Mini-Instruct,text-generation,ctx 512,q4_0,tokens_per_s,18.488726,tokens/s,GENIEX_LLAMACPP,https://huggingface.co/qualcomm/Phi-4-Mini-Instruct,official: Qualcomm AI Hub HF card; device chipset as stated 'Snapdragon® 8 Elite For Galaxy Mobile'; context length 512; TTFT range 0.10527033333333333 - 0.4210813333333333 s
Qualcomm,Snapdragon® 8 Elite For Galaxy Mobile,,Phi-4-Mini-Instruct,text-generation,ctx 4096,q4_0,tokens_per_s,6.947748,tokens/s,GENIEX_LLAMACPP,https://huggingface.co/qualcomm/Phi-4-Mini-Instruct,official: Qualcomm AI Hub HF card; device chipset as stated 'Snapdragon® 8 Elite For Galaxy Mobile'; context length 4096; TTFT range 2.3129144838709674 - 74.01326348387096 s
Qualcomm,Snapdragon® 8 Elite For Galaxy Mobile,,Phi-4-Mini-Instruct,text-generation,ctx 4096,q4_0,tokens_per_s,10.12928,tokens/s,GENIEX_LLAMACPP,https://huggingface.co/qualcomm/Phi-4-Mini-Instruct,official: Qualcomm AI Hub HF card; device chipset as stated 'Snapdragon® 8 Elite For Galaxy Mobile'; context length 4096; TTFT range 1.0503154838709676 - 33.610095483870964 s
Qualcomm,Snapdragon® 8 Elite For Galaxy Mobile,,Phi-4-Mini-Instruct,text-generation,ctx 4096,q4_0,tokens_per_s,10.324552,tokens/s,GENIEX_LLAMACPP,https://huggingface.co/qualcomm/Phi-4-Mini-Instruct,official: Qualcomm AI Hub HF card; device chipset as stated 'Snapdragon® 8 Elite For Galaxy Mobile'; context length 4096; TTFT range 0.13998816129032257 - 4.479621161290322 s
Qualcomm,Snapdragon® X2 Elite,,Phi-4-Mini-Instruct,text-generation,ctx 512,q4_0,tokens_per_s,40.391048,tokens/s,GENIEX_LLAMACPP,https://huggingface.co/qualcomm/Phi-4-Mini-Instruct,official: Qualcomm AI Hub HF card; device chipset as stated 'Snapdragon® X2 Elite'; context length 512; TTFT range 0.350203 - 1.400812 s
Qualcomm,Snapdragon® X2 Elite,,Phi-4-Mini-Instruct,text-generation,ctx 512,q4_0,tokens_per_s,24.094349,tokens/s,GENIEX_LLAMACPP,https://huggingface.co/qualcomm/Phi-4-Mini-Instruct,official: Qualcomm AI Hub HF card; device chipset as stated 'Snapdragon® X2 Elite'; context length 512; TTFT range 0.20375666666666667 - 0.8150266666666667 s
Qualcomm,Snapdragon® X2 Elite,,Phi-4-Mini-Instruct,text-generation,ctx 512,q4_0,tokens_per_s,21.949375,tokens/s,GENIEX_LLAMACPP,https://huggingface.co/qualcomm/Phi-4-Mini-Instruct,official: Qualcomm AI Hub HF card; device chipset as stated 'Snapdragon® X2 Elite'; context length 512; TTFT range 0.08108233333333334 - 0.32432933333333336 s
Qualcomm,Snapdragon® X2 Elite,,Phi-4-Mini-Instruct,text-generation,ctx 4096,q4_0,tokens_per_s,25.148044,tokens/s,GENIEX_LLAMACPP,https://huggingface.co/qualcomm/Phi-4-Mini-Instruct,official: Qualcomm AI Hub HF card; device chipset as stated 'Snapdragon® X2 Elite'; context length 4096; TTFT range 0.38446661290322576 - 12.302931612903224 s
Qualcomm,Snapdragon® X2 Elite,,Phi-4-Mini-Instruct,text-generation,ctx 4096,q4_0,tokens_per_s,17.745742,tokens/s,GENIEX_LLAMACPP,https://huggingface.co/qualcomm/Phi-4-Mini-Instruct,official: Qualcomm AI Hub HF card; device chipset as stated 'Snapdragon® X2 Elite'; context length 4096; TTFT range 0.37062487096774194 - 11.859995870967742 s
Qualcomm,Snapdragon® X2 Elite,,Phi-4-Mini-Instruct,text-generation,ctx 4096,q4_0,tokens_per_s,15.299936,tokens/s,GENIEX_LLAMACPP,https://huggingface.co/qualcomm/Phi-4-Mini-Instruct,official: Qualcomm AI Hub HF card; device chipset as stated 'Snapdragon® X2 Elite'; context length 4096; TTFT range 0.10258783870967741 - 3.2828108387096773 s
Qualcomm,Snapdragon® X Elite,,Phi-4-Mini-Instruct,text-generation,ctx 512,q4_0,tokens_per_s,26.275577,tokens/s,GENIEX_LLAMACPP,https://huggingface.co/qualcomm/Phi-4-Mini-Instruct,official: Qualcomm AI Hub HF card; device chipset as stated 'Snapdragon® X Elite'; context length 512; TTFT range 0.4372106666666667 - 1.7488426666666668 s
Qualcomm,Snapdragon® X Elite,,Phi-4-Mini-Instruct,text-generation,ctx 512,q4_0,tokens_per_s,25.746523,tokens/s,GENIEX_LLAMACPP,https://huggingface.co/qualcomm/Phi-4-Mini-Instruct,official: Qualcomm AI Hub HF card; device chipset as stated 'Snapdragon® X Elite'; context length 512; TTFT range 0.4304793333333333 - 1.7219173333333333 s
Qualcomm,Snapdragon® X Elite,,Phi-4-Mini-Instruct,text-generation,ctx 512,q4_0,tokens_per_s,13.757706,tokens/s,GENIEX_LLAMACPP,https://huggingface.co/qualcomm/Phi-4-Mini-Instruct,official: Qualcomm AI Hub HF card; device chipset as stated 'Snapdragon® X Elite'; context length 512; TTFT range 0.18800766666666666 - 0.7520306666666666 s
Qualcomm,Snapdragon® X Elite,,Phi-4-Mini-Instruct,text-generation,ctx 4096,q4_0,tokens_per_s,10.023862,tokens/s,GENIEX_LLAMACPP,https://huggingface.co/qualcomm/Phi-4-Mini-Instruct,official: Qualcomm AI Hub HF card; device chipset as stated 'Snapdragon® X Elite'; context length 4096; TTFT range 1.071898064516129 - 34.300738064516125 s
Qualcomm,Snapdragon® X Elite,,Phi-4-Mini-Instruct,text-generation,ctx 4096,q4_0,tokens_per_s,15.417752,tokens/s,GENIEX_LLAMACPP,https://huggingface.co/qualcomm/Phi-4-Mini-Instruct,official: Qualcomm AI Hub HF card; device chipset as stated 'Snapdragon® X Elite'; context length 4096; TTFT range 0.9035473225806452 - 28.913514322580646 s
Qualcomm,Snapdragon® X Elite,,Phi-4-Mini-Instruct,text-generation,ctx 4096,q4_0,tokens_per_s,8.292872,tokens/s,GENIEX_LLAMACPP,https://huggingface.co/qualcomm/Phi-4-Mini-Instruct,official: Qualcomm AI Hub HF card; device chipset as stated 'Snapdragon® X Elite'; context length 4096; TTFT range 0.2525137096774193 - 8.080438709677418 s
Qualcomm,Qualcomm® Dragonwing™ IQ-8275,,Phi-4-Mini-Instruct,text-generation,ctx 512,q4_0,tokens_per_s,4.552376,tokens/s,GENIEX_LLAMACPP,https://huggingface.co/qualcomm/Phi-4-Mini-Instruct,official: Qualcomm AI Hub HF card; device chipset as stated 'Qualcomm® Dragonwing™ IQ-8275'; context length 512; TTFT range 12.93992 - 51.75968 s
Qualcomm,Qualcomm® Dragonwing™ IQ-8275,,Phi-4-Mini-Instruct,text-generation,ctx 512,q4_0,tokens_per_s,2.596201,tokens/s,GENIEX_LLAMACPP,https://huggingface.co/qualcomm/Phi-4-Mini-Instruct,official: Qualcomm AI Hub HF card; device chipset as stated 'Qualcomm® Dragonwing™ IQ-8275'; context length 512; TTFT range 18.429702000000002 - 73.71880800000001 s
Qualcomm,Qualcomm® Dragonwing™ IQ-8275,,Phi-4-Mini-Instruct,text-generation,ctx 512,q4_0,tokens_per_s,9.976684,tokens/s,GENIEX_LLAMACPP,https://huggingface.co/qualcomm/Phi-4-Mini-Instruct,official: Qualcomm AI Hub HF card; device chipset as stated 'Qualcomm® Dragonwing™ IQ-8275'; context length 512; TTFT range 1.089346 - 4.357384 s
Qualcomm,Qualcomm® Dragonwing™ IQ-8275,,Phi-4-Mini-Instruct,text-generation,ctx 4096,q4_0,tokens_per_s,1.597252,tokens/s,GENIEX_LLAMACPP,https://huggingface.co/qualcomm/Phi-4-Mini-Instruct,official: Qualcomm AI Hub HF card; device chipset as stated 'Qualcomm® Dragonwing™ IQ-8275'; context length 4096; TTFT range 140.87717800000001 - 4508.0696960000005 s
Qualcomm,Qualcomm® Dragonwing™ IQ-8275,,Phi-4-Mini-Instruct,text-generation,ctx 4096,q4_0,tokens_per_s,1.921158,tokens/s,GENIEX_LLAMACPP,https://huggingface.co/qualcomm/Phi-4-Mini-Instruct,official: Qualcomm AI Hub HF card; device chipset as stated 'Qualcomm® Dragonwing™ IQ-8275'; context length 4096; TTFT range 213.723029 - 6839.136928 s
Qualcomm,Qualcomm® Dragonwing™ IQ-8275,,Phi-4-Mini-Instruct,text-generation,ctx 4096,q4_0,tokens_per_s,6.191769,tokens/s,GENIEX_LLAMACPP,https://huggingface.co/qualcomm/Phi-4-Mini-Instruct,official: Qualcomm AI Hub HF card; device chipset as stated 'Qualcomm® Dragonwing™ IQ-8275'; context length 4096; TTFT range 10.702895 - 342.49264 s
Qualcomm,Qualcomm® Dragonwing™ IQ-X7181,,Phi-4-Mini-Instruct,text-generation,ctx 512,q4_0,tokens_per_s,26.275577,tokens/s,GENIEX_LLAMACPP,https://huggingface.co/qualcomm/Phi-4-Mini-Instruct,official: Qualcomm AI Hub HF card; device chipset as stated 'Qualcomm® Dragonwing™ IQ-X7181'; context length 512; TTFT range 0.4372106666666667 - 1.7488426666666668 s
Qualcomm,Qualcomm® Dragonwing™ IQ-X7181,,Phi-4-Mini-Instruct,text-generation,ctx 512,q4_0,tokens_per_s,25.746523,tokens/s,GENIEX_LLAMACPP,https://huggingface.co/qualcomm/Phi-4-Mini-Instruct,official: Qualcomm AI Hub HF card; device chipset as stated 'Qualcomm® Dragonwing™ IQ-X7181'; context length 512; TTFT range 0.4304793333333333 - 1.7219173333333333 s
Qualcomm,Qualcomm® Dragonwing™ IQ-X7181,,Phi-4-Mini-Instruct,text-generation,ctx 512,q4_0,tokens_per_s,13.757706,tokens/s,GENIEX_LLAMACPP,https://huggingface.co/qualcomm/Phi-4-Mini-Instruct,official: Qualcomm AI Hub HF card; device chipset as stated 'Qualcomm® Dragonwing™ IQ-X7181'; context length 512; TTFT range 0.18800766666666666 - 0.7520306666666666 s
Qualcomm,Qualcomm® Dragonwing™ Q-8750,,Phi-4-Mini-Instruct,text-generation,ctx 512,q4_0,tokens_per_s,22.321187,tokens/s,GENIEX_LLAMACPP,https://huggingface.co/qualcomm/Phi-4-Mini-Instruct,official: Qualcomm AI Hub HF card; device chipset as stated 'Qualcomm® Dragonwing™ Q-8750'; context length 512; TTFT range 0.9555736666666667 - 3.8222946666666666 s
Qualcomm,Qualcomm® Dragonwing™ Q-8750,,Phi-4-Mini-Instruct,text-generation,ctx 512,q4_0,tokens_per_s,21.435994,tokens/s,GENIEX_LLAMACPP,https://huggingface.co/qualcomm/Phi-4-Mini-Instruct,official: Qualcomm AI Hub HF card; device chipset as stated 'Qualcomm® Dragonwing™ Q-8750'; context length 512; TTFT range 0.445336 - 1.781344 s
Qualcomm,Qualcomm® Dragonwing™ Q-8750,,Phi-4-Mini-Instruct,text-generation,ctx 512,q4_0,tokens_per_s,18.488726,tokens/s,GENIEX_LLAMACPP,https://huggingface.co/qualcomm/Phi-4-Mini-Instruct,official: Qualcomm AI Hub HF card; device chipset as stated 'Qualcomm® Dragonwing™ Q-8750'; context length 512; TTFT range 0.10527033333333333 - 0.4210813333333333 s
Qualcomm,Qualcomm® Dragonwing™ IQ-9075,,Phi-4-Mini-Instruct,text-generation,ctx 4096,q4_0,tokens_per_s,13.1,tokens/s,GENIEX_LLAMACPP,https://huggingface.co/qualcomm/Phi-4-Mini-Instruct,official: Qualcomm AI Hub HF card; device chipset as stated 'Qualcomm® Dragonwing™ IQ-9075'; context length 4096; TTFT range 1.9971918880000001 - 63.91014 s
Qualcomm,Qualcomm® Dragonwing™ IQ-9075,,Phi-4-Mini-Instruct,text-generation,ctx 4096,q4_0,tokens_per_s,3.0,tokens/s,GENIEX_LLAMACPP,https://huggingface.co/qualcomm/Phi-4-Mini-Instruct,official: Qualcomm AI Hub HF card; device chipset as stated 'Qualcomm® Dragonwing™ IQ-9075'; context length 4096; TTFT range 2.471042471 - 79.073359 s
Qualcomm,Qualcomm® Dragonwing™ IQ-9075,,Phi-4-Mini-Instruct,text-generation,ctx 4096,q4_0,tokens_per_s,10.0,tokens/s,GENIEX_LLAMACPP,https://huggingface.co/qualcomm/Phi-4-Mini-Instruct,official: Qualcomm AI Hub HF card; device chipset as stated 'Qualcomm® Dragonwing™ IQ-9075'; context length 4096; TTFT range 0.44137930999999997 - 14.124138 s
Qualcomm,Qualcomm® Dragonwing™ IQ-X7181,,Phi-4-Mini-Instruct,text-generation,ctx 4096,q4_0,tokens_per_s,10.023862,tokens/s,GENIEX_LLAMACPP,https://huggingface.co/qualcomm/Phi-4-Mini-Instruct,official: Qualcomm AI Hub HF card; device chipset as stated 'Qualcomm® Dragonwing™ IQ-X7181'; context length 4096; TTFT range 1.071898064516129 - 34.300738064516125 s
Qualcomm,Qualcomm® Dragonwing™ IQ-X7181,,Phi-4-Mini-Instruct,text-generation,ctx 4096,q4_0,tokens_per_s,15.417752,tokens/s,GENIEX_LLAMACPP,https://huggingface.co/qualcomm/Phi-4-Mini-Instruct,official: Qualcomm AI Hub HF card; device chipset as stated 'Qualcomm® Dragonwing™ IQ-X7181'; context length 4096; TTFT range 0.9035473225806452 - 28.913514322580646 s
Qualcomm,Qualcomm® Dragonwing™ IQ-X7181,,Phi-4-Mini-Instruct,text-generation,ctx 4096,q4_0,tokens_per_s,8.292872,tokens/s,GENIEX_LLAMACPP,https://huggingface.co/qualcomm/Phi-4-Mini-Instruct,official: Qualcomm AI Hub HF card; device chipset as stated 'Qualcomm® Dragonwing™ IQ-X7181'; context length 4096; TTFT range 0.2525137096774193 - 8.080438709677418 s
Qualcomm,Qualcomm® Dragonwing™ Q-8750,,Phi-4-Mini-Instruct,text-generation,ctx 4096,q4_0,tokens_per_s,6.947748,tokens/s,GENIEX_LLAMACPP,https://huggingface.co/qualcomm/Phi-4-Mini-Instruct,official: Qualcomm AI Hub HF card; device chipset as stated 'Qualcomm® Dragonwing™ Q-8750'; context length 4096; TTFT range 2.3129144838709674 - 74.01326348387096 s
Qualcomm,Qualcomm® Dragonwing™ Q-8750,,Phi-4-Mini-Instruct,text-generation,ctx 4096,q4_0,tokens_per_s,10.12928,tokens/s,GENIEX_LLAMACPP,https://huggingface.co/qualcomm/Phi-4-Mini-Instruct,official: Qualcomm AI Hub HF card; device chipset as stated 'Qualcomm® Dragonwing™ Q-8750'; context length 4096; TTFT range 1.0503154838709676 - 33.610095483870964 s
Qualcomm,Qualcomm® Dragonwing™ Q-8750,,Phi-4-Mini-Instruct,text-generation,ctx 4096,q4_0,tokens_per_s,10.324552,tokens/s,GENIEX_LLAMACPP,https://huggingface.co/qualcomm/Phi-4-Mini-Instruct,official: Qualcomm AI Hub HF card; device chipset as stated 'Qualcomm® Dragonwing™ Q-8750'; context length 4096; TTFT range 0.13998816129032257 - 4.479621161290322 s
Qualcomm,Snapdragon® 8 Elite Gen 5 For Galaxy Mobile,,QuickSRNetMedium,image-to-image,128x128,float,latency_ms,0.43,ms,ONNX,https://huggingface.co/qualcomm/QuickSRNetMedium,official: Qualcomm AI Hub HF card; device chipset as stated 'Snapdragon® 8 Elite Gen 5 For Galaxy Mobile'; peak memory 0 - 24 MB; compute unit NPU
Qualcomm,Snapdragon® 8 Elite For Galaxy Mobile,,QuickSRNetMedium,image-to-image,128x128,float,latency_ms,0.445,ms,ONNX,https://huggingface.co/qualcomm/QuickSRNetMedium,official: Qualcomm AI Hub HF card; device chipset as stated 'Snapdragon® 8 Elite For Galaxy Mobile'; peak memory 0 - 27 MB; compute unit NPU
Qualcomm,Snapdragon® X2 Elite,,QuickSRNetMedium,image-to-image,128x128,float,latency_ms,0.428,ms,ONNX,https://huggingface.co/qualcomm/QuickSRNetMedium,official: Qualcomm AI Hub HF card; device chipset as stated 'Snapdragon® X2 Elite'; peak memory 8 - 8 MB; compute unit NPU
Qualcomm,Snapdragon® X Elite,,QuickSRNetMedium,image-to-image,128x128,float,latency_ms,0.951,ms,ONNX,https://huggingface.co/qualcomm/QuickSRNetMedium,official: Qualcomm AI Hub HF card; device chipset as stated 'Snapdragon® X Elite'; peak memory 8 - 8 MB; compute unit NPU
Qualcomm,Snapdragon® 8 Gen 3 Mobile,,QuickSRNetMedium,image-to-image,128x128,float,latency_ms,0.598,ms,ONNX,https://huggingface.co/qualcomm/QuickSRNetMedium,official: Qualcomm AI Hub HF card; device chipset as stated 'Snapdragon® 8 Gen 3 Mobile'; peak memory 0 - 33 MB; compute unit NPU
Qualcomm,Snapdragon® 8 Elite Gen 5 For Galaxy Mobile,,QuickSRNetMedium,image-to-image,128x128,w8a8,latency_ms,0.223,ms,ONNX,https://huggingface.co/qualcomm/QuickSRNetMedium,official: Qualcomm AI Hub HF card; device chipset as stated 'Snapdragon® 8 Elite Gen 5 For Galaxy Mobile'; peak memory 0 - 24 MB; compute unit NPU
Qualcomm,Snapdragon® 8 Elite For Galaxy Mobile,,QuickSRNetMedium,image-to-image,128x128,w8a8,latency_ms,0.243,ms,ONNX,https://huggingface.co/qualcomm/QuickSRNetMedium,official: Qualcomm AI Hub HF card; device chipset as stated 'Snapdragon® 8 Elite For Galaxy Mobile'; peak memory 0 - 28 MB; compute unit NPU
Qualcomm,Snapdragon® X2 Elite,,QuickSRNetMedium,image-to-image,128x128,w8a8,latency_ms,0.206,ms,ONNX,https://huggingface.co/qualcomm/QuickSRNetMedium,official: Qualcomm AI Hub HF card; device chipset as stated 'Snapdragon® X2 Elite'; peak memory 3 - 3 MB; compute unit NPU
Qualcomm,Snapdragon® X Elite,,QuickSRNetMedium,image-to-image,128x128,w8a8,latency_ms,0.491,ms,ONNX,https://huggingface.co/qualcomm/QuickSRNetMedium,official: Qualcomm AI Hub HF card; device chipset as stated 'Snapdragon® X Elite'; peak memory 3 - 3 MB; compute unit NPU
Qualcomm,Snapdragon® 8 Gen 3 Mobile,,QuickSRNetMedium,image-to-image,128x128,w8a8,latency_ms,0.339,ms,ONNX,https://huggingface.co/qualcomm/QuickSRNetMedium,official: Qualcomm AI Hub HF card; device chipset as stated 'Snapdragon® 8 Gen 3 Mobile'; peak memory 0 - 35 MB; compute unit NPU
Qualcomm,Snapdragon® 8 Elite Gen 5 For Galaxy Mobile,,QuickSRNetMedium,image-to-image,128x128,float,latency_ms,0.361,ms,QNN_DLC,https://huggingface.co/qualcomm/QuickSRNetMedium,official: Qualcomm AI Hub HF card; device chipset as stated 'Snapdragon® 8 Elite Gen 5 For Galaxy Mobile'; peak memory 0 - 26 MB; compute unit NPU
Qualcomm,Snapdragon® 8 Elite For Galaxy Mobile,,QuickSRNetMedium,image-to-image,128x128,float,latency_ms,0.381,ms,QNN_DLC,https://huggingface.co/qualcomm/QuickSRNetMedium,official: Qualcomm AI Hub HF card; device chipset as stated 'Snapdragon® 8 Elite For Galaxy Mobile'; peak memory 0 - 24 MB; compute unit NPU
Qualcomm,Snapdragon® X2 Elite,,QuickSRNetMedium,image-to-image,128x128,float,latency_ms,0.505,ms,QNN_DLC,https://huggingface.co/qualcomm/QuickSRNetMedium,official: Qualcomm AI Hub HF card; device chipset as stated 'Snapdragon® X2 Elite'; peak memory 0 - 0 MB; compute unit NPU
Qualcomm,Snapdragon® X Elite,,QuickSRNetMedium,image-to-image,128x128,float,latency_ms,0.885,ms,QNN_DLC,https://huggingface.co/qualcomm/QuickSRNetMedium,official: Qualcomm AI Hub HF card; device chipset as stated 'Snapdragon® X Elite'; peak memory 0 - 0 MB; compute unit NPU
Qualcomm,Snapdragon® 8 Gen 3 Mobile,,QuickSRNetMedium,image-to-image,128x128,float,latency_ms,0.48,ms,QNN_DLC,https://huggingface.co/qualcomm/QuickSRNetMedium,official: Qualcomm AI Hub HF card; device chipset as stated 'Snapdragon® 8 Gen 3 Mobile'; peak memory 0 - 34 MB; compute unit NPU
Qualcomm,Snapdragon® 8 Elite Gen 5 For Galaxy Mobile,,QuickSRNetMedium,image-to-image,128x128,w8a8,latency_ms,0.169,ms,QNN_DLC,https://huggingface.co/qualcomm/QuickSRNetMedium,official: Qualcomm AI Hub HF card; device chipset as stated 'Snapdragon® 8 Elite Gen 5 For Galaxy Mobile'; peak memory 0 - 27 MB; compute unit NPU
Qualcomm,Snapdragon® 8 Elite For Galaxy Mobile,,QuickSRNetMedium,image-to-image,128x128,w8a8,latency_ms,0.205,ms,QNN_DLC,https://huggingface.co/qualcomm/QuickSRNetMedium,official: Qualcomm AI Hub HF card; device chipset as stated 'Snapdragon® 8 Elite For Galaxy Mobile'; peak memory 0 - 25 MB; compute unit NPU
Qualcomm,Snapdragon® X2 Elite,,QuickSRNetMedium,image-to-image,128x128,w8a8,latency_ms,0.257,ms,QNN_DLC,https://huggingface.co/qualcomm/QuickSRNetMedium,official: Qualcomm AI Hub HF card; device chipset as stated 'Snapdragon® X2 Elite'; peak memory 0 - 0 MB; compute unit NPU
Qualcomm,Snapdragon® X Elite,,QuickSRNetMedium,image-to-image,128x128,w8a8,latency_ms,0.432,ms,QNN_DLC,https://huggingface.co/qualcomm/QuickSRNetMedium,official: Qualcomm AI Hub HF card; device chipset as stated 'Snapdragon® X Elite'; peak memory 0 - 0 MB; compute unit NPU
Qualcomm,Snapdragon® 8 Gen 3 Mobile,,QuickSRNetMedium,image-to-image,128x128,w8a8,latency_ms,0.215,ms,QNN_DLC,https://huggingface.co/qualcomm/QuickSRNetMedium,official: Qualcomm AI Hub HF card; device chipset as stated 'Snapdragon® 8 Gen 3 Mobile'; peak memory 0 - 32 MB; compute unit NPU
Qualcomm,Snapdragon® 8 Elite Gen 5 For Galaxy Mobile,,QuickSRNetMedium,image-to-image,128x128,float,latency_ms,0.462,ms,TFLITE,https://huggingface.co/qualcomm/QuickSRNetMedium,official: Qualcomm AI Hub HF card; device chipset as stated 'Snapdragon® 8 Elite Gen 5 For Galaxy Mobile'; peak memory 0 - 26 MB; compute unit NPU
Qualcomm,Snapdragon® 8 Elite For Galaxy Mobile,,QuickSRNetMedium,image-to-image,128x128,float,latency_ms,0.504,ms,TFLITE,https://huggingface.co/qualcomm/QuickSRNetMedium,official: Qualcomm AI Hub HF card; device chipset as stated 'Snapdragon® 8 Elite For Galaxy Mobile'; peak memory 0 - 28 MB; compute unit NPU
Qualcomm,Snapdragon® 8 Gen 3 Mobile,,QuickSRNetMedium,image-to-image,128x128,float,latency_ms,0.672,ms,TFLITE,https://huggingface.co/qualcomm/QuickSRNetMedium,official: Qualcomm AI Hub HF card; device chipset as stated 'Snapdragon® 8 Gen 3 Mobile'; peak memory 0 - 34 MB; compute unit NPU
Qualcomm,Snapdragon® 8 Elite Gen 5 For Galaxy Mobile,,QuickSRNetMedium,image-to-image,128x128,w8a8,latency_ms,0.193,ms,TFLITE,https://huggingface.co/qualcomm/QuickSRNetMedium,official: Qualcomm AI Hub HF card; device chipset as stated 'Snapdragon® 8 Elite Gen 5 For Galaxy Mobile'; peak memory 0 - 26 MB; compute unit NPU
Qualcomm,Snapdragon® 8 Elite For Galaxy Mobile,,QuickSRNetMedium,image-to-image,128x128,w8a8,latency_ms,0.255,ms,TFLITE,https://huggingface.co/qualcomm/QuickSRNetMedium,official: Qualcomm AI Hub HF card; device chipset as stated 'Snapdragon® 8 Elite For Galaxy Mobile'; peak memory 0 - 28 MB; compute unit NPU
Qualcomm,Snapdragon® 8 Gen 3 Mobile,,QuickSRNetMedium,image-to-image,128x128,w8a8,latency_ms,0.281,ms,TFLITE,https://huggingface.co/qualcomm/QuickSRNetMedium,official: Qualcomm AI Hub HF card; device chipset as stated 'Snapdragon® 8 Gen 3 Mobile'; peak memory 0 - 33 MB; compute unit NPU
Qualcomm,Qualcomm® Dragonwing™ Q-8750,,Qwen2-7B-Instruct,text-generation,ctx 4096,w4a16,tokens_per_s,13.65,tokens/s,QNN_CONTEXT_BINARY,https://huggingface.co/qualcomm/Qwen2-7B-Instruct,official: Qualcomm AI Hub HF card; device chipset as stated 'Qualcomm® Dragonwing™ Q-8750'; context length 4096; TTFT range 0.170593 - 5.458976 s
Qualcomm,Snapdragon® 8 Elite Gen 5 For Galaxy Mobile,,Qwen2.5-VL-7B-Instruct,text-generation,ctx 2048,w4a16,tokens_per_s,14.967595100402832,tokens/s,GENIE,https://huggingface.co/qualcomm/Qwen2.5-VL-7B-Instruct,official: Qualcomm AI Hub HF card; device chipset as stated 'Snapdragon® 8 Elite Gen 5 For Galaxy Mobile'; context length 2048; TTFT range 0.093048 - 1.488768 s
Qualcomm,Snapdragon® 8 Elite For Galaxy Mobile,,Qwen2.5-VL-7B-Instruct,text-generation,ctx 2048,w4a16,tokens_per_s,13.798812866210938,tokens/s,GENIE,https://huggingface.co/qualcomm/Qwen2.5-VL-7B-Instruct,official: Qualcomm AI Hub HF card; device chipset as stated 'Snapdragon® 8 Elite For Galaxy Mobile'; context length 2048; TTFT range 0.104188 - 1.667008 s
Qualcomm,Snapdragon® X2 Elite,,Qwen2.5-VL-7B-Instruct,text-generation,ctx 2048,w4a16,tokens_per_s,22.035654067993164,tokens/s,GENIE,https://huggingface.co/qualcomm/Qwen2.5-VL-7B-Instruct,official: Qualcomm AI Hub HF card; device chipset as stated 'Snapdragon® X2 Elite'; context length 2048; TTFT range 0.07472 - 1.19552 s
Qualcomm,Snapdragon® X Elite,,Qwen2.5-VL-7B-Instruct,text-generation,ctx 2048,w4a16,tokens_per_s,3.46030330657959,tokens/s,GENIE,https://huggingface.co/qualcomm/Qwen2.5-VL-7B-Instruct,official: Qualcomm AI Hub HF card; device chipset as stated 'Snapdragon® X Elite'; context length 2048; TTFT range 0.157339 - 2.517424 s
Qualcomm,Qualcomm® Dragonwing™ IQ-8275,,Qwen2.5-VL-7B-Instruct,text-generation,ctx 2048,w4a16,tokens_per_s,9.795854568481445,tokens/s,GENIE,https://huggingface.co/qualcomm/Qwen2.5-VL-7B-Instruct,official: Qualcomm AI Hub HF card; device chipset as stated 'Qualcomm® Dragonwing™ IQ-8275'; context length 2048; TTFT range 0.154138 - 2.466208 s
Qualcomm,Qualcomm® Dragonwing™ IQ-9075,,Qwen2.5-VL-7B-Instruct,text-generation,ctx 2048,w4a16,tokens_per_s,8.340631484985352,tokens/s,GENIE,https://huggingface.co/qualcomm/Qwen2.5-VL-7B-Instruct,official: Qualcomm AI Hub HF card; device chipset as stated 'Qualcomm® Dragonwing™ IQ-9075'; context length 2048; TTFT range 0.153719 - 2.459504 s
Qualcomm,Qualcomm® Dragonwing™ IQ-X7181,,Qwen2.5-VL-7B-Instruct,text-generation,ctx 2048,w4a16,tokens_per_s,3.46030330657959,tokens/s,GENIE,https://huggingface.co/qualcomm/Qwen2.5-VL-7B-Instruct,official: Qualcomm AI Hub HF card; device chipset as stated 'Qualcomm® Dragonwing™ IQ-X7181'; context length 2048; TTFT range 0.157339 - 2.517424 s
Qualcomm,Qualcomm® Dragonwing™ Q-8750,,Qwen2.5-VL-7B-Instruct,text-generation,ctx 2048,w4a16,tokens_per_s,13.798812866210938,tokens/s,GENIE,https://huggingface.co/qualcomm/Qwen2.5-VL-7B-Instruct,official: Qualcomm AI Hub HF card; device chipset as stated 'Qualcomm® Dragonwing™ Q-8750'; context length 2048; TTFT range 0.104188 - 1.667008 s
Qualcomm,Snapdragon® 8 Elite Gen 5 For Galaxy Mobile,,Qwen2.5-VL-7B-Instruct,text-generation,ctx 512,q4_0,tokens_per_s,12.913607,tokens/s,GENIEX_LLAMACPP,https://huggingface.co/qualcomm/Qwen2.5-VL-7B-Instruct,official: Qualcomm AI Hub HF card; device chipset as stated 'Snapdragon® 8 Elite Gen 5 For Galaxy Mobile'; context length 512; TTFT range 2.2986099999999996 - 9.194439999999998 s
Qualcomm,Snapdragon® 8 Elite Gen 5 For Galaxy Mobile,,Qwen2.5-VL-7B-Instruct,text-generation,ctx 512,q4_0,tokens_per_s,12.552504,tokens/s,GENIEX_LLAMACPP,https://huggingface.co/qualcomm/Qwen2.5-VL-7B-Instruct,official: Qualcomm AI Hub HF card; device chipset as stated 'Snapdragon® 8 Elite Gen 5 For Galaxy Mobile'; context length 512; TTFT range 0.820089 - 3.280356 s
Qualcomm,Snapdragon® 8 Elite Gen 5 For Galaxy Mobile,,Qwen2.5-VL-7B-Instruct,text-generation,ctx 512,q4_0,tokens_per_s,12.022623,tokens/s,GENIEX_LLAMACPP,https://huggingface.co/qualcomm/Qwen2.5-VL-7B-Instruct,official: Qualcomm AI Hub HF card; device chipset as stated 'Snapdragon® 8 Elite Gen 5 For Galaxy Mobile'; context length 512; TTFT range 0.171623 - 0.686492 s
Qualcomm,Snapdragon® 8 Elite Gen 5 For Galaxy Mobile,,Qwen2.5-VL-7B-Instruct,text-generation,ctx 4096,q4_0,tokens_per_s,8.044786,tokens/s,GENIEX_LLAMACPP,https://huggingface.co/qualcomm/Qwen2.5-VL-7B-Instruct,official: Qualcomm AI Hub HF card; device chipset as stated 'Snapdragon® 8 Elite Gen 5 For Galaxy Mobile'; context length 4096; TTFT range 3.6153417096774194 - 115.69093470967742 s
Qualcomm,Snapdragon® 8 Elite Gen 5 For Galaxy Mobile,,Qwen2.5-VL-7B-Instruct,text-generation,ctx 4096,q4_0,tokens_per_s,8.949429,tokens/s,GENIEX_LLAMACPP,https://huggingface.co/qualcomm/Qwen2.5-VL-7B-Instruct,official: Qualcomm AI Hub HF card; device chipset as stated 'Snapdragon® 8 Elite Gen 5 For Galaxy Mobile'; context length 4096; TTFT range 1.395594193548387 - 44.65901419354839 s
Qualcomm,Snapdragon® 8 Elite Gen 5 For Galaxy Mobile,,Qwen2.5-VL-7B-Instruct,text-generation,ctx 4096,q4_0,tokens_per_s,8.766121,tokens/s,GENIEX_LLAMACPP,https://huggingface.co/qualcomm/Qwen2.5-VL-7B-Instruct,official: Qualcomm AI Hub HF card; device chipset as stated 'Snapdragon® 8 Elite Gen 5 For Galaxy Mobile'; context length 4096; TTFT range 0.18385332258064516 - 5.883306322580645 s
Qualcomm,Snapdragon® 8 Elite For Galaxy Mobile,,Qwen2.5-VL-7B-Instruct,text-generation,ctx 512,q4_0,tokens_per_s,12.254739,tokens/s,GENIEX_LLAMACPP,https://huggingface.co/qualcomm/Qwen2.5-VL-7B-Instruct,official: Qualcomm AI Hub HF card; device chipset as stated 'Snapdragon® 8 Elite For Galaxy Mobile'; context length 512; TTFT range 2.1052489999999997 - 8.420995999999999 s
Qualcomm,Snapdragon® 8 Elite For Galaxy Mobile,,Qwen2.5-VL-7B-Instruct,text-generation,ctx 512,q4_0,tokens_per_s,11.94599,tokens/s,GENIEX_LLAMACPP,https://huggingface.co/qualcomm/Qwen2.5-VL-7B-Instruct,official: Qualcomm AI Hub HF card; device chipset as stated 'Snapdragon® 8 Elite For Galaxy Mobile'; context length 512; TTFT range 1.0379603333333332 - 4.151841333333333 s
Qualcomm,Snapdragon® 8 Elite For Galaxy Mobile,,Qwen2.5-VL-7B-Instruct,text-generation,ctx 512,q4_0,tokens_per_s,11.125704,tokens/s,GENIEX_LLAMACPP,https://huggingface.co/qualcomm/Qwen2.5-VL-7B-Instruct,official: Qualcomm AI Hub HF card; device chipset as stated 'Snapdragon® 8 Elite For Galaxy Mobile'; context length 512; TTFT range 0.21760500000000002 - 0.8704200000000001 s
Qualcomm,Snapdragon® 8 Elite For Galaxy Mobile,,Qwen2.5-VL-7B-Instruct,text-generation,ctx 4096,q4_0,tokens_per_s,9.37211,tokens/s,GENIEX_LLAMACPP,https://huggingface.co/qualcomm/Qwen2.5-VL-7B-Instruct,official: Qualcomm AI Hub HF card; device chipset as stated 'Snapdragon® 8 Elite For Galaxy Mobile'; context length 4096; TTFT range 3.4733395161290317 - 111.14686451612901 s
Qualcomm,Snapdragon® 8 Elite For Galaxy Mobile,,Qwen2.5-VL-7B-Instruct,text-generation,ctx 4096,q4_0,tokens_per_s,5.25139,tokens/s,GENIEX_LLAMACPP,https://huggingface.co/qualcomm/Qwen2.5-VL-7B-Instruct,official: Qualcomm AI Hub HF card; device chipset as stated 'Snapdragon® 8 Elite For Galaxy Mobile'; context length 4096; TTFT range 1.4602842258064515 - 46.72909522580645 s
Qualcomm,Snapdragon® 8 Elite For Galaxy Mobile,,Qwen2.5-VL-7B-Instruct,text-generation,ctx 4096,q4_0,tokens_per_s,8.198756,tokens/s,GENIEX_LLAMACPP,https://huggingface.co/qualcomm/Qwen2.5-VL-7B-Instruct,official: Qualcomm AI Hub HF card; device chipset as stated 'Snapdragon® 8 Elite For Galaxy Mobile'; context length 4096; TTFT range 0.2695555483870967 - 8.625777548387095 s
Qualcomm,Snapdragon® X2 Elite,,Qwen2.5-VL-7B-Instruct,text-generation,ctx 512,q4_0,tokens_per_s,24.717759,tokens/s,GENIEX_LLAMACPP,https://huggingface.co/qualcomm/Qwen2.5-VL-7B-Instruct,official: Qualcomm AI Hub HF card; device chipset as stated 'Snapdragon® X2 Elite'; context length 512; TTFT range 0.38183966666666663 - 1.5273586666666665 s
Qualcomm,Snapdragon® X2 Elite,,Qwen2.5-VL-7B-Instruct,text-generation,ctx 512,q4_0,tokens_per_s,15.183837,tokens/s,GENIEX_LLAMACPP,https://huggingface.co/qualcomm/Qwen2.5-VL-7B-Instruct,official: Qualcomm AI Hub HF card; device chipset as stated 'Snapdragon® X2 Elite'; context length 512; TTFT range 0.39269066666666663 - 1.5707626666666665 s
Qualcomm,Snapdragon® X2 Elite,,Qwen2.5-VL-7B-Instruct,text-generation,ctx 512,q4_0,tokens_per_s,12.602904,tokens/s,GENIEX_LLAMACPP,https://huggingface.co/qualcomm/Qwen2.5-VL-7B-Instruct,official: Qualcomm AI Hub HF card; device chipset as stated 'Snapdragon® X2 Elite'; context length 512; TTFT range 0.13840633333333333 - 0.5536253333333333 s
Qualcomm,Snapdragon® X2 Elite,,Qwen2.5-VL-7B-Instruct,text-generation,ctx 4096,q4_0,tokens_per_s,18.740196,tokens/s,GENIEX_LLAMACPP,https://huggingface.co/qualcomm/Qwen2.5-VL-7B-Instruct,official: Qualcomm AI Hub HF card; device chipset as stated 'Snapdragon® X2 Elite'; context length 4096; TTFT range 0.5485088709677419 - 17.55228387096774 s
Qualcomm,Snapdragon® X2 Elite,,Qwen2.5-VL-7B-Instruct,text-generation,ctx 4096,q4_0,tokens_per_s,17.164276,tokens/s,GENIEX_LLAMACPP,https://huggingface.co/qualcomm/Qwen2.5-VL-7B-Instruct,official: Qualcomm AI Hub HF card; device chipset as stated 'Snapdragon® X2 Elite'; context length 4096; TTFT range 0.553952935483871 - 17.726493935483873 s
Qualcomm,Snapdragon® X2 Elite,,Qwen2.5-VL-7B-Instruct,text-generation,ctx 4096,q4_0,tokens_per_s,10.011227,tokens/s,GENIEX_LLAMACPP,https://huggingface.co/qualcomm/Qwen2.5-VL-7B-Instruct,official: Qualcomm AI Hub HF card; device chipset as stated 'Snapdragon® X2 Elite'; context length 4096; TTFT range 0.1529817419354839 - 4.8954157419354845 s
Qualcomm,Snapdragon® X Elite,,Qwen2.5-VL-7B-Instruct,text-generation,ctx 512,q4_0,tokens_per_s,22.916878,tokens/s,GENIEX_LLAMACPP,https://huggingface.co/qualcomm/Qwen2.5-VL-7B-Instruct,official: Qualcomm AI Hub HF card; device chipset as stated 'Snapdragon® X Elite'; context length 512; TTFT range 0.7682563333333332 - 3.073025333333333 s
Qualcomm,Snapdragon® X Elite,,Qwen2.5-VL-7B-Instruct,text-generation,ctx 512,q4_0,tokens_per_s,15.950237,tokens/s,GENIEX_LLAMACPP,https://huggingface.co/qualcomm/Qwen2.5-VL-7B-Instruct,official: Qualcomm AI Hub HF card; device chipset as stated 'Snapdragon® X Elite'; context length 512; TTFT range 0.75575 - 3.023 s
Qualcomm,Snapdragon® X Elite,,Qwen2.5-VL-7B-Instruct,text-generation,ctx 512,q4_0,tokens_per_s,8.290492,tokens/s,GENIEX_LLAMACPP,https://huggingface.co/qualcomm/Qwen2.5-VL-7B-Instruct,official: Qualcomm AI Hub HF card; device chipset as stated 'Snapdragon® X Elite'; context length 512; TTFT range 0.2983456666666667 - 1.1933826666666667 s
Qualcomm,Snapdragon® X Elite,,Qwen2.5-VL-7B-Instruct,text-generation,ctx 4096,q4_0,tokens_per_s,16.452347,tokens/s,GENIEX_LLAMACPP,https://huggingface.co/qualcomm/Qwen2.5-VL-7B-Instruct,official: Qualcomm AI Hub HF card; device chipset as stated 'Snapdragon® X Elite'; context length 4096; TTFT range 1.7167161612903226 - 54.93491716129032 s
Qualcomm,Snapdragon® X Elite,,Qwen2.5-VL-7B-Instruct,text-generation,ctx 4096,q4_0,tokens_per_s,12.889943,tokens/s,GENIEX_LLAMACPP,https://huggingface.co/qualcomm/Qwen2.5-VL-7B-Instruct,official: Qualcomm AI Hub HF card; device chipset as stated 'Snapdragon® X Elite'; context length 4096; TTFT range 1.0970342903225807 - 35.10509729032258 s
Qualcomm,Snapdragon® X Elite,,Qwen2.5-VL-7B-Instruct,text-generation,ctx 4096,q4_0,tokens_per_s,6.08296,tokens/s,GENIEX_LLAMACPP,https://huggingface.co/qualcomm/Qwen2.5-VL-7B-Instruct,official: Qualcomm AI Hub HF card; device chipset as stated 'Snapdragon® X Elite'; context length 4096; TTFT range 0.35923635483870964 - 11.495563354838708 s
Qualcomm,Qualcomm® Dragonwing™ IQ-X7181,,Qwen2.5-VL-7B-Instruct,text-generation,ctx 512,q4_0,tokens_per_s,22.916878,tokens/s,GENIEX_LLAMACPP,https://huggingface.co/qualcomm/Qwen2.5-VL-7B-Instruct,official: Qualcomm AI Hub HF card; device chipset as stated 'Qualcomm® Dragonwing™ IQ-X7181'; context length 512; TTFT range 0.7682563333333332 - 3.073025333333333 s
Qualcomm,Qualcomm® Dragonwing™ IQ-X7181,,Qwen2.5-VL-7B-Instruct,text-generation,ctx 512,q4_0,tokens_per_s,15.950237,tokens/s,GENIEX_LLAMACPP,https://huggingface.co/qualcomm/Qwen2.5-VL-7B-Instruct,official: Qualcomm AI Hub HF card; device chipset as stated 'Qualcomm® Dragonwing™ IQ-X7181'; context length 512; TTFT range 0.75575 - 3.023 s
Qualcomm,Qualcomm® Dragonwing™ IQ-X7181,,Qwen2.5-VL-7B-Instruct,text-generation,ctx 512,q4_0,tokens_per_s,8.290492,tokens/s,GENIEX_LLAMACPP,https://huggingface.co/qualcomm/Qwen2.5-VL-7B-Instruct,official: Qualcomm AI Hub HF card; device chipset as stated 'Qualcomm® Dragonwing™ IQ-X7181'; context length 512; TTFT range 0.2983456666666667 - 1.1933826666666667 s
Qualcomm,Qualcomm® Dragonwing™ Q-8750,,Qwen2.5-VL-7B-Instruct,text-generation,ctx 512,q4_0,tokens_per_s,12.254739,tokens/s,GENIEX_LLAMACPP,https://huggingface.co/qualcomm/Qwen2.5-VL-7B-Instruct,official: Qualcomm AI Hub HF card; device chipset as stated 'Qualcomm® Dragonwing™ Q-8750'; context length 512; TTFT range 2.1052489999999997 - 8.420995999999999 s
Qualcomm,Qualcomm® Dragonwing™ Q-8750,,Qwen2.5-VL-7B-Instruct,text-generation,ctx 512,q4_0,tokens_per_s,11.94599,tokens/s,GENIEX_LLAMACPP,https://huggingface.co/qualcomm/Qwen2.5-VL-7B-Instruct,official: Qualcomm AI Hub HF card; device chipset as stated 'Qualcomm® Dragonwing™ Q-8750'; context length 512; TTFT range 1.0379603333333332 - 4.151841333333333 s
Qualcomm,Qualcomm® Dragonwing™ Q-8750,,Qwen2.5-VL-7B-Instruct,text-generation,ctx 512,q4_0,tokens_per_s,11.125704,tokens/s,GENIEX_LLAMACPP,https://huggingface.co/qualcomm/Qwen2.5-VL-7B-Instruct,official: Qualcomm AI Hub HF card; device chipset as stated 'Qualcomm® Dragonwing™ Q-8750'; context length 512; TTFT range 0.21760500000000002 - 0.8704200000000001 s
Qualcomm,Qualcomm® Dragonwing™ IQ-X7181,,Qwen2.5-VL-7B-Instruct,text-generation,ctx 4096,q4_0,tokens_per_s,16.452347,tokens/s,GENIEX_LLAMACPP,https://huggingface.co/qualcomm/Qwen2.5-VL-7B-Instruct,official: Qualcomm AI Hub HF card; device chipset as stated 'Qualcomm® Dragonwing™ IQ-X7181'; context length 4096; TTFT range 1.7167161612903226 - 54.93491716129032 s
Qualcomm,Qualcomm® Dragonwing™ IQ-X7181,,Qwen2.5-VL-7B-Instruct,text-generation,ctx 4096,q4_0,tokens_per_s,12.889943,tokens/s,GENIEX_LLAMACPP,https://huggingface.co/qualcomm/Qwen2.5-VL-7B-Instruct,official: Qualcomm AI Hub HF card; device chipset as stated 'Qualcomm® Dragonwing™ IQ-X7181'; context length 4096; TTFT range 1.0970342903225807 - 35.10509729032258 s
Qualcomm,Qualcomm® Dragonwing™ IQ-X7181,,Qwen2.5-VL-7B-Instruct,text-generation,ctx 4096,q4_0,tokens_per_s,6.08296,tokens/s,GENIEX_LLAMACPP,https://huggingface.co/qualcomm/Qwen2.5-VL-7B-Instruct,official: Qualcomm AI Hub HF card; device chipset as stated 'Qualcomm® Dragonwing™ IQ-X7181'; context length 4096; TTFT range 0.35923635483870964 - 11.495563354838708 s
Qualcomm,Qualcomm® Dragonwing™ Q-8750,,Qwen2.5-VL-7B-Instruct,text-generation,ctx 4096,q4_0,tokens_per_s,9.37211,tokens/s,GENIEX_LLAMACPP,https://huggingface.co/qualcomm/Qwen2.5-VL-7B-Instruct,official: Qualcomm AI Hub HF card; device chipset as stated 'Qualcomm® Dragonwing™ Q-8750'; context length 4096; TTFT range 3.4733395161290317 - 111.14686451612901 s
Qualcomm,Qualcomm® Dragonwing™ Q-8750,,Qwen2.5-VL-7B-Instruct,text-generation,ctx 4096,q4_0,tokens_per_s,5.25139,tokens/s,GENIEX_LLAMACPP,https://huggingface.co/qualcomm/Qwen2.5-VL-7B-Instruct,official: Qualcomm AI Hub HF card; device chipset as stated 'Qualcomm® Dragonwing™ Q-8750'; context length 4096; TTFT range 1.4602842258064515 - 46.72909522580645 s
Qualcomm,Qualcomm® Dragonwing™ Q-8750,,Qwen2.5-VL-7B-Instruct,text-generation,ctx 4096,q4_0,tokens_per_s,8.198756,tokens/s,GENIEX_LLAMACPP,https://huggingface.co/qualcomm/Qwen2.5-VL-7B-Instruct,official: Qualcomm AI Hub HF card; device chipset as stated 'Qualcomm® Dragonwing™ Q-8750'; context length 4096; TTFT range 0.2695555483870967 - 8.625777548387095 s
Qualcomm,Snapdragon® 8 Elite Gen 5 For Galaxy Mobile,,Qwen2.5-VL-7B-Instruct,text-generation,ctx 512,w4a16,tokens_per_s,10.686422,tokens/s,GENIEX_QAIRT,https://huggingface.co/qualcomm/Qwen2.5-VL-7B-Instruct,official: Qualcomm AI Hub HF card; device chipset as stated 'Snapdragon® 8 Elite Gen 5 For Galaxy Mobile'; context length 512; TTFT range 0.139773 - 0.559092 s
Qualcomm,Snapdragon® 8 Elite Gen 5 For Galaxy Mobile,,Qwen2.5-VL-7B-Instruct,text-generation,ctx 1024,w4a16,tokens_per_s,10.09534,tokens/s,GENIEX_QAIRT,https://huggingface.co/qualcomm/Qwen2.5-VL-7B-Instruct,official: Qualcomm AI Hub HF card; device chipset as stated 'Snapdragon® 8 Elite Gen 5 For Galaxy Mobile'; context length 1024; TTFT range 0.13066399999999997 - 1.0453119999999998 s
Qualcomm,Snapdragon® 8 Elite Gen 5 For Galaxy Mobile,,Qwen2.5-VL-7B-Instruct,text-generation,ctx 2048,w4a16,tokens_per_s,9.278875,tokens/s,GENIEX_QAIRT,https://huggingface.co/qualcomm/Qwen2.5-VL-7B-Instruct,official: Qualcomm AI Hub HF card; device chipset as stated 'Snapdragon® 8 Elite Gen 5 For Galaxy Mobile'; context length 2048; TTFT range 0.14636600000000002 - 2.3418560000000004 s
Qualcomm,Snapdragon® 8 Elite For Galaxy Mobile,,Qwen2.5-VL-7B-Instruct,text-generation,ctx 512,w4a16,tokens_per_s,10.787495,tokens/s,GENIEX_QAIRT,https://huggingface.co/qualcomm/Qwen2.5-VL-7B-Instruct,official: Qualcomm AI Hub HF card; device chipset as stated 'Snapdragon® 8 Elite For Galaxy Mobile'; context length 512; TTFT range 0.14527 - 0.58108 s
Qualcomm,Snapdragon® 8 Elite For Galaxy Mobile,,Qwen2.5-VL-7B-Instruct,text-generation,ctx 1024,w4a16,tokens_per_s,10.638606,tokens/s,GENIEX_QAIRT,https://huggingface.co/qualcomm/Qwen2.5-VL-7B-Instruct,official: Qualcomm AI Hub HF card; device chipset as stated 'Snapdragon® 8 Elite For Galaxy Mobile'; context length 1024; TTFT range 0.142697 - 1.141576 s
Qualcomm,Snapdragon® 8 Elite For Galaxy Mobile,,Qwen2.5-VL-7B-Instruct,text-generation,ctx 2048,w4a16,tokens_per_s,10.599076,tokens/s,GENIEX_QAIRT,https://huggingface.co/qualcomm/Qwen2.5-VL-7B-Instruct,official: Qualcomm AI Hub HF card; device chipset as stated 'Snapdragon® 8 Elite For Galaxy Mobile'; context length 2048; TTFT range 0.146567 - 2.345072 s
Qualcomm,Snapdragon® X2 Elite,,Qwen2.5-VL-7B-Instruct,text-generation,ctx 2048,w4a16,tokens_per_s,23.037332,tokens/s,GENIEX_QAIRT,https://huggingface.co/qualcomm/Qwen2.5-VL-7B-Instruct,official: Qualcomm AI Hub HF card; device chipset as stated 'Snapdragon® X2 Elite'; context length 2048; TTFT range 0.072909 - 1.166544 s
Qualcomm,Snapdragon® X Elite,,Qwen2.5-VL-7B-Instruct,text-generation,ctx 2048,w4a16,tokens_per_s,11.688149,tokens/s,GENIEX_QAIRT,https://huggingface.co/qualcomm/Qwen2.5-VL-7B-Instruct,official: Qualcomm AI Hub HF card; device chipset as stated 'Snapdragon® X Elite'; context length 2048; TTFT range 0.152208 - 2.435328 s
Qualcomm,Qualcomm® Dragonwing™ IQ-8275,,Qwen2.5-VL-7B-Instruct,text-generation,ctx 2048,w4a16,tokens_per_s,8.856502,tokens/s,GENIEX_QAIRT,https://huggingface.co/qualcomm/Qwen2.5-VL-7B-Instruct,official: Qualcomm AI Hub HF card; device chipset as stated 'Qualcomm® Dragonwing™ IQ-8275'; context length 2048; TTFT range 0.200759 - 3.212144 s
Qualcomm,Qualcomm® Dragonwing™ Q-8750,,Qwen2.5-VL-7B-Instruct,text-generation,ctx 512,w4a16,tokens_per_s,10.787495,tokens/s,GENIEX_QAIRT,https://huggingface.co/qualcomm/Qwen2.5-VL-7B-Instruct,official: Qualcomm AI Hub HF card; device chipset as stated 'Qualcomm® Dragonwing™ Q-8750'; context length 512; TTFT range 0.14527 - 0.58108 s
Qualcomm,Qualcomm® Dragonwing™ Q-8750,,Qwen2.5-VL-7B-Instruct,text-generation,ctx 1024,w4a16,tokens_per_s,10.638606,tokens/s,GENIEX_QAIRT,https://huggingface.co/qualcomm/Qwen2.5-VL-7B-Instruct,official: Qualcomm AI Hub HF card; device chipset as stated 'Qualcomm® Dragonwing™ Q-8750'; context length 1024; TTFT range 0.142697 - 1.141576 s
Qualcomm,Qualcomm® Dragonwing™ IQ-9075,,Qwen2.5-VL-7B-Instruct,text-generation,ctx 2048,w4a16,tokens_per_s,9.58274,tokens/s,GENIEX_QAIRT,https://huggingface.co/qualcomm/Qwen2.5-VL-7B-Instruct,official: Qualcomm AI Hub HF card; device chipset as stated 'Qualcomm® Dragonwing™ IQ-9075'; context length 2048; TTFT range 0.15115199999999998 - 2.4184319999999997 s
Qualcomm,Qualcomm® Dragonwing™ IQ-X7181,,Qwen2.5-VL-7B-Instruct,text-generation,ctx 2048,w4a16,tokens_per_s,11.688149,tokens/s,GENIEX_QAIRT,https://huggingface.co/qualcomm/Qwen2.5-VL-7B-Instruct,official: Qualcomm AI Hub HF card; device chipset as stated 'Qualcomm® Dragonwing™ IQ-X7181'; context length 2048; TTFT range 0.152208 - 2.435328 s
Qualcomm,Qualcomm® Dragonwing™ Q-8750,,Qwen2.5-VL-7B-Instruct,text-generation,ctx 2048,w4a16,tokens_per_s,10.599076,tokens/s,GENIEX_QAIRT,https://huggingface.co/qualcomm/Qwen2.5-VL-7B-Instruct,official: Qualcomm AI Hub HF card; device chipset as stated 'Qualcomm® Dragonwing™ Q-8750'; context length 2048; TTFT range 0.146567 - 2.345072 s
Qualcomm,Snapdragon® 8 Elite Gen 5 For Galaxy Mobile,,Qwen3-0.6B,text-generation,ctx 4096,w4a16,tokens_per_s,132.8021240234375,tokens/s,GENIE,https://huggingface.co/qualcomm/Qwen3-0.6B,official: Qualcomm AI Hub HF card; device chipset as stated 'Snapdragon® 8 Elite Gen 5 For Galaxy Mobile'; context length 4096; TTFT range 0.013457 - 0.430624 s
Qualcomm,Snapdragon® 8 Elite For Galaxy Mobile,,Qwen3-0.6B,text-generation,ctx 4096,w4a16,tokens_per_s,125.03125762939453,tokens/s,GENIE,https://huggingface.co/qualcomm/Qwen3-0.6B,official: Qualcomm AI Hub HF card; device chipset as stated 'Snapdragon® 8 Elite For Galaxy Mobile'; context length 4096; TTFT range 0.01592 - 0.50944 s
Qualcomm,Snapdragon® X2 Elite,,Qwen3-0.6B,text-generation,ctx 4096,w4a16,tokens_per_s,135.66680908203125,tokens/s,GENIE,https://huggingface.co/qualcomm/Qwen3-0.6B,official: Qualcomm AI Hub HF card; device chipset as stated 'Snapdragon® X2 Elite'; context length 4096; TTFT range 0.01384 - 0.44288 s
Qualcomm,Snapdragon® X Elite,,Qwen3-0.6B,text-generation,ctx 4096,w4a16,tokens_per_s,39.60709762573242,tokens/s,GENIE,https://huggingface.co/qualcomm/Qwen3-0.6B,official: Qualcomm AI Hub HF card; device chipset as stated 'Snapdragon® X Elite'; context length 4096; TTFT range 0.034756999999999996 - 1.1122239999999999 s
Qualcomm,Qualcomm® Dragonwing™ IQ-8275,,Qwen3-0.6B,text-generation,ctx 4096,w4a16,tokens_per_s,77.11884307861328,tokens/s,GENIE,https://huggingface.co/qualcomm/Qwen3-0.6B,official: Qualcomm AI Hub HF card; device chipset as stated 'Qualcomm® Dragonwing™ IQ-8275'; context length 4096; TTFT range 0.040802 - 1.305664 s
Qualcomm,Qualcomm® Dragonwing™ IQ-9075,,Qwen3-0.6B,text-generation,ctx 4096,w4a16,tokens_per_s,88.24567413330078,tokens/s,GENIE,https://huggingface.co/qualcomm/Qwen3-0.6B,official: Qualcomm AI Hub HF card; device chipset as stated 'Qualcomm® Dragonwing™ IQ-9075'; context length 4096; TTFT range 0.028715 - 0.91888 s
Qualcomm,Qualcomm® Dragonwing™ IQ-X7181,,Qwen3-0.6B,text-generation,ctx 4096,w4a16,tokens_per_s,39.60709762573242,tokens/s,GENIE,https://huggingface.co/qualcomm/Qwen3-0.6B,official: Qualcomm AI Hub HF card; device chipset as stated 'Qualcomm® Dragonwing™ IQ-X7181'; context length 4096; TTFT range 0.034756999999999996 - 1.1122239999999999 s
Qualcomm,Qualcomm® Dragonwing™ Q-8750,,Qwen3-0.6B,text-generation,ctx 4096,w4a16,tokens_per_s,125.03125762939453,tokens/s,GENIE,https://huggingface.co/qualcomm/Qwen3-0.6B,official: Qualcomm AI Hub HF card; device chipset as stated 'Qualcomm® Dragonwing™ Q-8750'; context length 4096; TTFT range 0.01592 - 0.50944 s
Qualcomm,Snapdragon® 8 Elite Gen 5 For Galaxy Mobile,,Qwen3-0.6B,text-generation,ctx 512,q4_0,tokens_per_s,122.952198,tokens/s,GENIEX_LLAMACPP,https://huggingface.co/qualcomm/Qwen3-0.6B,official: Qualcomm AI Hub HF card; device chipset as stated 'Snapdragon® 8 Elite Gen 5 For Galaxy Mobile'; context length 512; TTFT range 0.129031 - 0.516124 s
Qualcomm,Snapdragon® 8 Elite Gen 5 For Galaxy Mobile,,Qwen3-0.6B,text-generation,ctx 512,q4_0,tokens_per_s,94.120485,tokens/s,GENIEX_LLAMACPP,https://huggingface.co/qualcomm/Qwen3-0.6B,official: Qualcomm AI Hub HF card; device chipset as stated 'Snapdragon® 8 Elite Gen 5 For Galaxy Mobile'; context length 512; TTFT range 0.07067033333333334 - 0.28268133333333334 s
Qualcomm,Snapdragon® 8 Elite Gen 5 For Galaxy Mobile,,Qwen3-0.6B,text-generation,ctx 512,q4_0,tokens_per_s,93.451871,tokens/s,GENIEX_LLAMACPP,https://huggingface.co/qualcomm/Qwen3-0.6B,official: Qualcomm AI Hub HF card; device chipset as stated 'Snapdragon® 8 Elite Gen 5 For Galaxy Mobile'; context length 512; TTFT range 0.028585999999999997 - 0.11434399999999999 s
Qualcomm,Snapdragon® 8 Elite Gen 5 For Galaxy Mobile,,Qwen3-0.6B,text-generation,ctx 4096,q4_0,tokens_per_s,18.715294,tokens/s,GENIEX_LLAMACPP,https://huggingface.co/qualcomm/Qwen3-0.6B,official: Qualcomm AI Hub HF card; device chipset as stated 'Snapdragon® 8 Elite Gen 5 For Galaxy Mobile'; context length 4096; TTFT range 0.683848064516129 - 21.883138064516128 s
Qualcomm,Snapdragon® 8 Elite Gen 5 For Galaxy Mobile,,Qwen3-0.6B,text-generation,ctx 4096,q4_0,tokens_per_s,38.709393,tokens/s,GENIEX_LLAMACPP,https://huggingface.co/qualcomm/Qwen3-0.6B,official: Qualcomm AI Hub HF card; device chipset as stated 'Snapdragon® 8 Elite Gen 5 For Galaxy Mobile'; context length 4096; TTFT range 0.18713370967741938 - 5.98827870967742 s
Qualcomm,Snapdragon® 8 Elite Gen 5 For Galaxy Mobile,,Qwen3-0.6B,text-generation,ctx 4096,q4_0,tokens_per_s,41.335979,tokens/s,GENIEX_LLAMACPP,https://huggingface.co/qualcomm/Qwen3-0.6B,official: Qualcomm AI Hub HF card; device chipset as stated 'Snapdragon® 8 Elite Gen 5 For Galaxy Mobile'; context length 4096; TTFT range 0.03385203225806452 - 1.0832650322580646 s
Qualcomm,Snapdragon® 8 Elite For Galaxy Mobile,,Qwen3-0.6B,text-generation,ctx 512,q4_0,tokens_per_s,104.435404,tokens/s,GENIEX_LLAMACPP,https://huggingface.co/qualcomm/Qwen3-0.6B,official: Qualcomm AI Hub HF card; device chipset as stated 'Snapdragon® 8 Elite For Galaxy Mobile'; context length 512; TTFT range 0.14879466666666666 - 0.5951786666666666 s
Qualcomm,Snapdragon® 8 Elite For Galaxy Mobile,,Qwen3-0.6B,text-generation,ctx 512,q4_0,tokens_per_s,89.183131,tokens/s,GENIEX_LLAMACPP,https://huggingface.co/qualcomm/Qwen3-0.6B,official: Qualcomm AI Hub HF card; device chipset as stated 'Snapdragon® 8 Elite For Galaxy Mobile'; context length 512; TTFT range 0.07693666666666667 - 0.30774666666666667 s
Qualcomm,Snapdragon® 8 Elite For Galaxy Mobile,,Qwen3-0.6B,text-generation,ctx 512,q4_0,tokens_per_s,86.831171,tokens/s,GENIEX_LLAMACPP,https://huggingface.co/qualcomm/Qwen3-0.6B,official: Qualcomm AI Hub HF card; device chipset as stated 'Snapdragon® 8 Elite For Galaxy Mobile'; context length 512; TTFT range 0.032433 - 0.129732 s
Qualcomm,Snapdragon® 8 Elite For Galaxy Mobile,,Qwen3-0.6B,text-generation,ctx 4096,q4_0,tokens_per_s,15.782394,tokens/s,GENIEX_LLAMACPP,https://huggingface.co/qualcomm/Qwen3-0.6B,official: Qualcomm AI Hub HF card; device chipset as stated 'Snapdragon® 8 Elite For Galaxy Mobile'; context length 4096; TTFT range 0.7385865806451614 - 23.634770580645164 s
Qualcomm,Snapdragon® 8 Elite For Galaxy Mobile,,Qwen3-0.6B,text-generation,ctx 4096,q4_0,tokens_per_s,32.94201,tokens/s,GENIEX_LLAMACPP,https://huggingface.co/qualcomm/Qwen3-0.6B,official: Qualcomm AI Hub HF card; device chipset as stated 'Snapdragon® 8 Elite For Galaxy Mobile'; context length 4096; TTFT range 0.25413412903225807 - 8.132292129032258 s
Qualcomm,Snapdragon® 8 Elite For Galaxy Mobile,,Qwen3-0.6B,text-generation,ctx 4096,q4_0,tokens_per_s,30.781958,tokens/s,GENIEX_LLAMACPP,https://huggingface.co/qualcomm/Qwen3-0.6B,official: Qualcomm AI Hub HF card; device chipset as stated 'Snapdragon® 8 Elite For Galaxy Mobile'; context length 4096; TTFT range 0.046029258064516125 - 1.472936258064516 s
Qualcomm,Snapdragon® X2 Elite,,Qwen3-0.6B,text-generation,ctx 512,q4_0,tokens_per_s,174.245436,tokens/s,GENIEX_LLAMACPP,https://huggingface.co/qualcomm/Qwen3-0.6B,official: Qualcomm AI Hub HF card; device chipset as stated 'Snapdragon® X2 Elite'; context length 512; TTFT range 0.21687933333333334 - 0.8675173333333334 s
Qualcomm,Snapdragon® X2 Elite,,Qwen3-0.6B,text-generation,ctx 512,q4_0,tokens_per_s,101.206892,tokens/s,GENIEX_LLAMACPP,https://huggingface.co/qualcomm/Qwen3-0.6B,official: Qualcomm AI Hub HF card; device chipset as stated 'Snapdragon® X2 Elite'; context length 512; TTFT range 0.04785266666666666 - 0.19141066666666665 s
Qualcomm,Snapdragon® X2 Elite,,Qwen3-0.6B,text-generation,ctx 512,q4_0,tokens_per_s,105.960967,tokens/s,GENIEX_LLAMACPP,https://huggingface.co/qualcomm/Qwen3-0.6B,official: Qualcomm AI Hub HF card; device chipset as stated 'Snapdragon® X2 Elite'; context length 512; TTFT range 0.026188999999999997 - 0.10475599999999999 s
Qualcomm,Snapdragon® X2 Elite,,Qwen3-0.6B,text-generation,ctx 4096,q4_0,tokens_per_s,55.848908,tokens/s,GENIEX_LLAMACPP,https://huggingface.co/qualcomm/Qwen3-0.6B,official: Qualcomm AI Hub HF card; device chipset as stated 'Snapdragon® X2 Elite'; context length 4096; TTFT range 0.16073335483870968 - 5.14346735483871 s
Qualcomm,Snapdragon® X2 Elite,,Qwen3-0.6B,text-generation,ctx 4096,q4_0,tokens_per_s,48.900839,tokens/s,GENIEX_LLAMACPP,https://huggingface.co/qualcomm/Qwen3-0.6B,official: Qualcomm AI Hub HF card; device chipset as stated 'Snapdragon® X2 Elite'; context length 4096; TTFT range 0.1405927741935484 - 4.498968774193549 s
Qualcomm,Snapdragon® X2 Elite,,Qwen3-0.6B,text-generation,ctx 4096,q4_0,tokens_per_s,48.153103,tokens/s,GENIEX_LLAMACPP,https://huggingface.co/qualcomm/Qwen3-0.6B,official: Qualcomm AI Hub HF card; device chipset as stated 'Snapdragon® X2 Elite'; context length 4096; TTFT range 0.04143135483870968 - 1.3258033548387098 s
Qualcomm,Snapdragon® X Elite,,Qwen3-0.6B,text-generation,ctx 512,q4_0,tokens_per_s,112.441671,tokens/s,GENIEX_LLAMACPP,https://huggingface.co/qualcomm/Qwen3-0.6B,official: Qualcomm AI Hub HF card; device chipset as stated 'Snapdragon® X Elite'; context length 512; TTFT range 0.103547 - 0.414188 s
Qualcomm,Snapdragon® X Elite,,Qwen3-0.6B,text-generation,ctx 512,q4_0,tokens_per_s,57.687697,tokens/s,GENIEX_LLAMACPP,https://huggingface.co/qualcomm/Qwen3-0.6B,official: Qualcomm AI Hub HF card; device chipset as stated 'Snapdragon® X Elite'; context length 512; TTFT range 0.11620533333333333 - 0.4648213333333333 s
Qualcomm,Snapdragon® X Elite,,Qwen3-0.6B,text-generation,ctx 512,q4_0,tokens_per_s,54.779653,tokens/s,GENIEX_LLAMACPP,https://huggingface.co/qualcomm/Qwen3-0.6B,official: Qualcomm AI Hub HF card; device chipset as stated 'Snapdragon® X Elite'; context length 512; TTFT range 0.060453999999999994 - 0.24181599999999998 s
Qualcomm,Snapdragon® X Elite,,Qwen3-0.6B,text-generation,ctx 4096,q4_0,tokens_per_s,27.205228,tokens/s,GENIEX_LLAMACPP,https://huggingface.co/qualcomm/Qwen3-0.6B,official: Qualcomm AI Hub HF card; device chipset as stated 'Snapdragon® X Elite'; context length 4096; TTFT range 0.39615774193548386 - 12.677047741935484 s
Qualcomm,Snapdragon® X Elite,,Qwen3-0.6B,text-generation,ctx 4096,q4_0,tokens_per_s,28.264775,tokens/s,GENIEX_LLAMACPP,https://huggingface.co/qualcomm/Qwen3-0.6B,official: Qualcomm AI Hub HF card; device chipset as stated 'Snapdragon® X Elite'; context length 4096; TTFT range 0.4457638064516129 - 14.264441806451613 s
Qualcomm,Snapdragon® X Elite,,Qwen3-0.6B,text-generation,ctx 4096,q4_0,tokens_per_s,24.194512,tokens/s,GENIEX_LLAMACPP,https://huggingface.co/qualcomm/Qwen3-0.6B,official: Qualcomm AI Hub HF card; device chipset as stated 'Snapdragon® X Elite'; context length 4096; TTFT range 0.09941512903225806 - 3.181284129032258 s
Qualcomm,Qualcomm® Dragonwing™ IQ-8275,,Qwen3-0.6B,text-generation,ctx 512,q4_0,tokens_per_s,18.560212,tokens/s,GENIEX_LLAMACPP,https://huggingface.co/qualcomm/Qwen3-0.6B,official: Qualcomm AI Hub HF card; device chipset as stated 'Qualcomm® Dragonwing™ IQ-8275'; context length 512; TTFT range 0.655443 - 2.621772 s
Qualcomm,Qualcomm® Dragonwing™ IQ-8275,,Qwen3-0.6B,text-generation,ctx 512,q4_0,tokens_per_s,12.514923,tokens/s,GENIEX_LLAMACPP,https://huggingface.co/qualcomm/Qwen3-0.6B,official: Qualcomm AI Hub HF card; device chipset as stated 'Qualcomm® Dragonwing™ IQ-8275'; context length 512; TTFT range 1.1844186666666665 - 4.737674666666666 s
Qualcomm,Qualcomm® Dragonwing™ IQ-8275,,Qwen3-0.6B,text-generation,ctx 512,q4_0,tokens_per_s,44.939165,tokens/s,GENIEX_LLAMACPP,https://huggingface.co/qualcomm/Qwen3-0.6B,official: Qualcomm AI Hub HF card; device chipset as stated 'Qualcomm® Dragonwing™ IQ-8275'; context length 512; TTFT range 0.07890799999999999 - 0.31563199999999997 s
Qualcomm,Qualcomm® Dragonwing™ IQ-8275,,Qwen3-0.6B,text-generation,ctx 4096,q4_0,tokens_per_s,3.066862,tokens/s,GENIEX_LLAMACPP,https://huggingface.co/qualcomm/Qwen3-0.6B,official: Qualcomm AI Hub HF card; device chipset as stated 'Qualcomm® Dragonwing™ IQ-8275'; context length 4096; TTFT range 1.879429741935484 - 60.14175174193549 s
Qualcomm,Qualcomm® Dragonwing™ IQ-8275,,Qwen3-0.6B,text-generation,ctx 4096,q4_0,tokens_per_s,5.91564,tokens/s,GENIEX_LLAMACPP,https://huggingface.co/qualcomm/Qwen3-0.6B,official: Qualcomm AI Hub HF card; device chipset as stated 'Qualcomm® Dragonwing™ IQ-8275'; context length 4096; TTFT range 2.364673516129032 - 75.66955251612903 s
Qualcomm,Qualcomm® Dragonwing™ IQ-8275,,Qwen3-0.6B,text-generation,ctx 4096,q4_0,tokens_per_s,24.061426,tokens/s,GENIEX_LLAMACPP,https://huggingface.co/qualcomm/Qwen3-0.6B,official: Qualcomm AI Hub HF card; device chipset as stated 'Qualcomm® Dragonwing™ IQ-8275'; context length 4096; TTFT range 0.1033392258064516 - 3.3068552258064514 s
Qualcomm,Qualcomm® Dragonwing™ IQ-9075,,Qwen3-0.6B,text-generation,ctx 512,q4_0,tokens_per_s,80.733005,tokens/s,GENIEX_LLAMACPP,https://huggingface.co/qualcomm/Qwen3-0.6B,official: Qualcomm AI Hub HF card; device chipset as stated 'Qualcomm® Dragonwing™ IQ-9075'; context length 512; TTFT range 0.26653925 - 1.066157 s
Qualcomm,Qualcomm® Dragonwing™ IQ-9075,,Qwen3-0.6B,text-generation,ctx 512,q4_0,tokens_per_s,74.240385,tokens/s,GENIEX_LLAMACPP,https://huggingface.co/qualcomm/Qwen3-0.6B,official: Qualcomm AI Hub HF card; device chipset as stated 'Qualcomm® Dragonwing™ IQ-9075'; context length 512; TTFT range 0.26632825000000004 - 1.0653130000000002 s
Qualcomm,Qualcomm® Dragonwing™ IQ-9075,,Qwen3-0.6B,text-generation,ctx 512,q4_0,tokens_per_s,34.673153,tokens/s,GENIEX_LLAMACPP,https://huggingface.co/qualcomm/Qwen3-0.6B,official: Qualcomm AI Hub HF card; device chipset as stated 'Qualcomm® Dragonwing™ IQ-9075'; context length 512; TTFT range 0.10991074999999999 - 0.43964299999999995 s
Qualcomm,Qualcomm® Dragonwing™ IQ-X7181,,Qwen3-0.6B,text-generation,ctx 512,q4_0,tokens_per_s,112.441671,tokens/s,GENIEX_LLAMACPP,https://huggingface.co/qualcomm/Qwen3-0.6B,official: Qualcomm AI Hub HF card; device chipset as stated 'Qualcomm® Dragonwing™ IQ-X7181'; context length 512; TTFT range 0.103547 - 0.414188 s
Qualcomm,Qualcomm® Dragonwing™ IQ-X7181,,Qwen3-0.6B,text-generation,ctx 512,q4_0,tokens_per_s,57.687697,tokens/s,GENIEX_LLAMACPP,https://huggingface.co/qualcomm/Qwen3-0.6B,official: Qualcomm AI Hub HF card; device chipset as stated 'Qualcomm® Dragonwing™ IQ-X7181'; context length 512; TTFT range 0.11620533333333333 - 0.4648213333333333 s
Qualcomm,Qualcomm® Dragonwing™ IQ-X7181,,Qwen3-0.6B,text-generation,ctx 512,q4_0,tokens_per_s,54.779653,tokens/s,GENIEX_LLAMACPP,https://huggingface.co/qualcomm/Qwen3-0.6B,official: Qualcomm AI Hub HF card; device chipset as stated 'Qualcomm® Dragonwing™ IQ-X7181'; context length 512; TTFT range 0.060453999999999994 - 0.24181599999999998 s
Qualcomm,Qualcomm® Dragonwing™ Q-8750,,Qwen3-0.6B,text-generation,ctx 512,q4_0,tokens_per_s,104.435404,tokens/s,GENIEX_LLAMACPP,https://huggingface.co/qualcomm/Qwen3-0.6B,official: Qualcomm AI Hub HF card; device chipset as stated 'Qualcomm® Dragonwing™ Q-8750'; context length 512; TTFT range 0.14879466666666666 - 0.5951786666666666 s
Qualcomm,Qualcomm® Dragonwing™ Q-8750,,Qwen3-0.6B,text-generation,ctx 512,q4_0,tokens_per_s,89.183131,tokens/s,GENIEX_LLAMACPP,https://huggingface.co/qualcomm/Qwen3-0.6B,official: Qualcomm AI Hub HF card; device chipset as stated 'Qualcomm® Dragonwing™ Q-8750'; context length 512; TTFT range 0.07693666666666667 - 0.30774666666666667 s
Qualcomm,Qualcomm® Dragonwing™ Q-8750,,Qwen3-0.6B,text-generation,ctx 512,q4_0,tokens_per_s,86.831171,tokens/s,GENIEX_LLAMACPP,https://huggingface.co/qualcomm/Qwen3-0.6B,official: Qualcomm AI Hub HF card; device chipset as stated 'Qualcomm® Dragonwing™ Q-8750'; context length 512; TTFT range 0.032433 - 0.129732 s
Qualcomm,Qualcomm® Dragonwing™ IQ-9075,,Qwen3-0.6B,text-generation,ctx 4096,q4_0,tokens_per_s,30.105746,tokens/s,GENIEX_LLAMACPP,https://huggingface.co/qualcomm/Qwen3-0.6B,official: Qualcomm AI Hub HF card; device chipset as stated 'Qualcomm® Dragonwing™ IQ-9075'; context length 4096; TTFT range 0.70822534375 - 22.663211 s
Qualcomm,Qualcomm® Dragonwing™ IQ-9075,,Qwen3-0.6B,text-generation,ctx 4096,q4_0,tokens_per_s,29.97025,tokens/s,GENIEX_LLAMACPP,https://huggingface.co/qualcomm/Qwen3-0.6B,official: Qualcomm AI Hub HF card; device chipset as stated 'Qualcomm® Dragonwing™ IQ-9075'; context length 4096; TTFT range 0.70882696875 - 22.682463 s
Qualcomm,Qualcomm® Dragonwing™ IQ-9075,,Qwen3-0.6B,text-generation,ctx 4096,q4_0,tokens_per_s,18.282076,tokens/s,GENIEX_LLAMACPP,https://huggingface.co/qualcomm/Qwen3-0.6B,official: Qualcomm AI Hub HF card; device chipset as stated 'Qualcomm® Dragonwing™ IQ-9075'; context length 4096; TTFT range 0.1902083125 - 6.086666 s
Qualcomm,Qualcomm® Dragonwing™ IQ-X7181,,Qwen3-0.6B,text-generation,ctx 4096,q4_0,tokens_per_s,27.205228,tokens/s,GENIEX_LLAMACPP,https://huggingface.co/qualcomm/Qwen3-0.6B,official: Qualcomm AI Hub HF card; device chipset as stated 'Qualcomm® Dragonwing™ IQ-X7181'; context length 4096; TTFT range 0.39615774193548386 - 12.677047741935484 s
Qualcomm,Qualcomm® Dragonwing™ IQ-X7181,,Qwen3-0.6B,text-generation,ctx 4096,q4_0,tokens_per_s,28.264775,tokens/s,GENIEX_LLAMACPP,https://huggingface.co/qualcomm/Qwen3-0.6B,official: Qualcomm AI Hub HF card; device chipset as stated 'Qualcomm® Dragonwing™ IQ-X7181'; context length 4096; TTFT range 0.4457638064516129 - 14.264441806451613 s
Qualcomm,Qualcomm® Dragonwing™ IQ-X7181,,Qwen3-0.6B,text-generation,ctx 4096,q4_0,tokens_per_s,24.194512,tokens/s,GENIEX_LLAMACPP,https://huggingface.co/qualcomm/Qwen3-0.6B,official: Qualcomm AI Hub HF card; device chipset as stated 'Qualcomm® Dragonwing™ IQ-X7181'; context length 4096; TTFT range 0.09941512903225806 - 3.181284129032258 s
Qualcomm,Qualcomm® Dragonwing™ Q-8750,,Qwen3-0.6B,text-generation,ctx 4096,q4_0,tokens_per_s,15.782394,tokens/s,GENIEX_LLAMACPP,https://huggingface.co/qualcomm/Qwen3-0.6B,official: Qualcomm AI Hub HF card; device chipset as stated 'Qualcomm® Dragonwing™ Q-8750'; context length 4096; TTFT range 0.7385865806451614 - 23.634770580645164 s
Qualcomm,Qualcomm® Dragonwing™ Q-8750,,Qwen3-0.6B,text-generation,ctx 4096,q4_0,tokens_per_s,32.94201,tokens/s,GENIEX_LLAMACPP,https://huggingface.co/qualcomm/Qwen3-0.6B,official: Qualcomm AI Hub HF card; device chipset as stated 'Qualcomm® Dragonwing™ Q-8750'; context length 4096; TTFT range 0.25413412903225807 - 8.132292129032258 s
Qualcomm,Qualcomm® Dragonwing™ Q-8750,,Qwen3-0.6B,text-generation,ctx 4096,q4_0,tokens_per_s,30.781958,tokens/s,GENIEX_LLAMACPP,https://huggingface.co/qualcomm/Qwen3-0.6B,official: Qualcomm AI Hub HF card; device chipset as stated 'Qualcomm® Dragonwing™ Q-8750'; context length 4096; TTFT range 0.046029258064516125 - 1.472936258064516 s
Qualcomm,Snapdragon® 8 Elite Gen 5 For Galaxy Mobile,,Qwen3-0.6B,text-generation,ctx 512,w4a16,tokens_per_s,42.772857,tokens/s,GENIEX_QAIRT,https://huggingface.co/qualcomm/Qwen3-0.6B,official: Qualcomm AI Hub HF card; device chipset as stated 'Snapdragon® 8 Elite Gen 5 For Galaxy Mobile'; context length 512; TTFT range 0.03178533333333333 - 0.12714133333333333 s
Qualcomm,Snapdragon® 8 Elite Gen 5 For Galaxy Mobile,,Qwen3-0.6B,text-generation,ctx 1024,w4a16,tokens_per_s,41.966264,tokens/s,GENIEX_QAIRT,https://huggingface.co/qualcomm/Qwen3-0.6B,official: Qualcomm AI Hub HF card; device chipset as stated 'Snapdragon® 8 Elite Gen 5 For Galaxy Mobile'; context length 1024; TTFT range 0.034817 - 0.278536 s
Qualcomm,Snapdragon® 8 Elite Gen 5 For Galaxy Mobile,,Qwen3-0.6B,text-generation,ctx 4096,w4a16,tokens_per_s,30.713076,tokens/s,GENIEX_QAIRT,https://huggingface.co/qualcomm/Qwen3-0.6B,official: Qualcomm AI Hub HF card; device chipset as stated 'Snapdragon® 8 Elite Gen 5 For Galaxy Mobile'; context length 4096; TTFT range 0.051084032258064516 - 1.6346890322580645 s
Qualcomm,Snapdragon® 8 Elite For Galaxy Mobile,,Qwen3-0.6B,text-generation,ctx 512,w4a16,tokens_per_s,42.057119,tokens/s,GENIEX_QAIRT,https://huggingface.co/qualcomm/Qwen3-0.6B,official: Qualcomm AI Hub HF card; device chipset as stated 'Snapdragon® 8 Elite For Galaxy Mobile'; context length 512; TTFT range 0.037545 - 0.15018 s
Qualcomm,Snapdragon® 8 Elite For Galaxy Mobile,,Qwen3-0.6B,text-generation,ctx 1024,w4a16,tokens_per_s,42.314651,tokens/s,GENIEX_QAIRT,https://huggingface.co/qualcomm/Qwen3-0.6B,official: Qualcomm AI Hub HF card; device chipset as stated 'Snapdragon® 8 Elite For Galaxy Mobile'; context length 1024; TTFT range 0.03852685714285714 - 0.3082148571428571 s
Qualcomm,Snapdragon® 8 Elite For Galaxy Mobile,,Qwen3-0.6B,text-generation,ctx 4096,w4a16,tokens_per_s,30.531372,tokens/s,GENIEX_QAIRT,https://huggingface.co/qualcomm/Qwen3-0.6B,official: Qualcomm AI Hub HF card; device chipset as stated 'Snapdragon® 8 Elite For Galaxy Mobile'; context length 4096; TTFT range 0.05752596774193548 - 1.8408309677419354 s
Qualcomm,Snapdragon® X2 Elite,,Qwen3-0.6B,text-generation,ctx 512,w4a16,tokens_per_s,112.146618,tokens/s,GENIEX_QAIRT,https://huggingface.co/qualcomm/Qwen3-0.6B,official: Qualcomm AI Hub HF card; device chipset as stated 'Snapdragon® X2 Elite'; context length 512; TTFT range 0.016165999999999996 - 0.06466399999999999 s
Qualcomm,Snapdragon® X2 Elite,,Qwen3-0.6B,text-generation,ctx 1024,w4a16,tokens_per_s,110.239245,tokens/s,GENIEX_QAIRT,https://huggingface.co/qualcomm/Qwen3-0.6B,official: Qualcomm AI Hub HF card; device chipset as stated 'Snapdragon® X2 Elite'; context length 1024; TTFT range 0.019858 - 0.158864 s
Qualcomm,Snapdragon® X2 Elite,,Qwen3-0.6B,text-generation,ctx 4096,w4a16,tokens_per_s,63.187659,tokens/s,GENIEX_QAIRT,https://huggingface.co/qualcomm/Qwen3-0.6B,official: Qualcomm AI Hub HF card; device chipset as stated 'Snapdragon® X2 Elite'; context length 4096; TTFT range 0.029846806451612903 - 0.9550978064516129 s
Qualcomm,Snapdragon® X Elite,,Qwen3-0.6B,text-generation,ctx 4096,w4a16,tokens_per_s,89.913693,tokens/s,GENIEX_QAIRT,https://huggingface.co/qualcomm/Qwen3-0.6B,official: Qualcomm AI Hub HF card; device chipset as stated 'Snapdragon® X Elite'; context length 4096; TTFT range 0.029908 - 0.957056 s
Qualcomm,Qualcomm® Dragonwing™ IQ-8275,,Qwen3-0.6B,text-generation,ctx 4096,w4a16,tokens_per_s,75.429571,tokens/s,GENIEX_QAIRT,https://huggingface.co/qualcomm/Qwen3-0.6B,official: Qualcomm AI Hub HF card; device chipset as stated 'Qualcomm® Dragonwing™ IQ-8275'; context length 4096; TTFT range 0.02953 - 0.94496 s
Qualcomm,Qualcomm® Dragonwing™ IQ-9075,,Qwen3-0.6B,text-generation,ctx 512,w4a16,tokens_per_s,70.804293,tokens/s,GENIEX_QAIRT,https://huggingface.co/qualcomm/Qwen3-0.6B,official: Qualcomm AI Hub HF card; device chipset as stated 'Qualcomm® Dragonwing™ IQ-9075'; context length 512; TTFT range 0.030378 - 0.121512 s
Qualcomm,Qualcomm® Dragonwing™ Q-8750,,Qwen3-0.6B,text-generation,ctx 512,w4a16,tokens_per_s,42.057119,tokens/s,GENIEX_QAIRT,https://huggingface.co/qualcomm/Qwen3-0.6B,official: Qualcomm AI Hub HF card; device chipset as stated 'Qualcomm® Dragonwing™ Q-8750'; context length 512; TTFT range 0.037545 - 0.15018 s
Qualcomm,Qualcomm® Dragonwing™ IQ-9075,,Qwen3-0.6B,text-generation,ctx 1024,w4a16,tokens_per_s,49.885264,tokens/s,GENIEX_QAIRT,https://huggingface.co/qualcomm/Qwen3-0.6B,official: Qualcomm AI Hub HF card; device chipset as stated 'Qualcomm® Dragonwing™ IQ-9075'; context length 1024; TTFT range 0.03394442857142857 - 0.27155542857142856 s
Qualcomm,Qualcomm® Dragonwing™ Q-8750,,Qwen3-0.6B,text-generation,ctx 1024,w4a16,tokens_per_s,42.314651,tokens/s,GENIEX_QAIRT,https://huggingface.co/qualcomm/Qwen3-0.6B,official: Qualcomm AI Hub HF card; device chipset as stated 'Qualcomm® Dragonwing™ Q-8750'; context length 1024; TTFT range 0.03852685714285714 - 0.3082148571428571 s
Qualcomm,Qualcomm® Dragonwing™ IQ-9075,,Qwen3-0.6B,text-generation,ctx 4096,w4a16,tokens_per_s,30.140426,tokens/s,GENIEX_QAIRT,https://huggingface.co/qualcomm/Qwen3-0.6B,official: Qualcomm AI Hub HF card; device chipset as stated 'Qualcomm® Dragonwing™ IQ-9075'; context length 4096; TTFT range 0.05653651612903226 - 1.8091685161290323 s
Qualcomm,Qualcomm® Dragonwing™ IQ-X7181,,Qwen3-0.6B,text-generation,ctx 4096,w4a16,tokens_per_s,89.913693,tokens/s,GENIEX_QAIRT,https://huggingface.co/qualcomm/Qwen3-0.6B,official: Qualcomm AI Hub HF card; device chipset as stated 'Qualcomm® Dragonwing™ IQ-X7181'; context length 4096; TTFT range 0.029908 - 0.957056 s
Qualcomm,Qualcomm® Dragonwing™ Q-8750,,Qwen3-0.6B,text-generation,ctx 4096,w4a16,tokens_per_s,30.531372,tokens/s,GENIEX_QAIRT,https://huggingface.co/qualcomm/Qwen3-0.6B,official: Qualcomm AI Hub HF card; device chipset as stated 'Qualcomm® Dragonwing™ Q-8750'; context length 4096; TTFT range 0.05752596774193548 - 1.8408309677419354 s
Qualcomm,Snapdragon® 8 Elite Gen 5 For Galaxy Mobile,,Qwen3-1.7B,text-generation,ctx 4096,w4a16,tokens_per_s,58.295440673828125,tokens/s,GENIE,https://huggingface.co/qualcomm/Qwen3-1.7B,official: Qualcomm AI Hub HF card; device chipset as stated 'Snapdragon® 8 Elite Gen 5 For Galaxy Mobile'; context length 4096; TTFT range 0.028940999999999998 - 0.9261119999999999 s
Qualcomm,Snapdragon® 8 Elite For Galaxy Mobile,,Qwen3-1.7B,text-generation,ctx 4096,w4a16,tokens_per_s,56.72793197631836,tokens/s,GENIE,https://huggingface.co/qualcomm/Qwen3-1.7B,official: Qualcomm AI Hub HF card; device chipset as stated 'Snapdragon® 8 Elite For Galaxy Mobile'; context length 4096; TTFT range 0.029448000000000002 - 0.9423360000000001 s
Qualcomm,Snapdragon® X2 Elite,,Qwen3-1.7B,text-generation,ctx 4096,w4a16,tokens_per_s,71.53587341308594,tokens/s,GENIE,https://huggingface.co/qualcomm/Qwen3-1.7B,official: Qualcomm AI Hub HF card; device chipset as stated 'Snapdragon® X2 Elite'; context length 4096; TTFT range 0.026303999999999998 - 0.8417279999999999 s
Qualcomm,Snapdragon® X Elite,,Qwen3-1.7B,text-generation,ctx 4096,w4a16,tokens_per_s,9.940852165222168,tokens/s,GENIE,https://huggingface.co/qualcomm/Qwen3-1.7B,official: Qualcomm AI Hub HF card; device chipset as stated 'Snapdragon® X Elite'; context length 4096; TTFT range 0.068773 - 2.200736 s
Qualcomm,Qualcomm® Dragonwing™ IQ-8275,,Qwen3-1.7B,text-generation,ctx 4096,w4a16,tokens_per_s,35.40324401855469,tokens/s,GENIE,https://huggingface.co/qualcomm/Qwen3-1.7B,official: Qualcomm AI Hub HF card; device chipset as stated 'Qualcomm® Dragonwing™ IQ-8275'; context length 4096; TTFT range 0.048924999999999996 - 1.5655999999999999 s
Qualcomm,Qualcomm® Dragonwing™ IQ-9075,,Qwen3-1.7B,text-generation,ctx 4096,w4a16,tokens_per_s,37.216224670410156,tokens/s,GENIE,https://huggingface.co/qualcomm/Qwen3-1.7B,official: Qualcomm AI Hub HF card; device chipset as stated 'Qualcomm® Dragonwing™ IQ-9075'; context length 4096; TTFT range 0.048213 - 1.542816 s
Qualcomm,Qualcomm® Dragonwing™ IQ-X7181,,Qwen3-1.7B,text-generation,ctx 4096,w4a16,tokens_per_s,9.940852165222168,tokens/s,GENIE,https://huggingface.co/qualcomm/Qwen3-1.7B,official: Qualcomm AI Hub HF card; device chipset as stated 'Qualcomm® Dragonwing™ IQ-X7181'; context length 4096; TTFT range 0.068773 - 2.200736 s
Qualcomm,Qualcomm® Dragonwing™ Q-8750,,Qwen3-1.7B,text-generation,ctx 4096,w4a16,tokens_per_s,56.72793197631836,tokens/s,GENIE,https://huggingface.co/qualcomm/Qwen3-1.7B,official: Qualcomm AI Hub HF card; device chipset as stated 'Qualcomm® Dragonwing™ Q-8750'; context length 4096; TTFT range 0.029448000000000002 - 0.9423360000000001 s
Qualcomm,Snapdragon® 8 Elite Gen 5 For Galaxy Mobile,,Qwen3-1.7B,text-generation,ctx 512,q4_0,tokens_per_s,47.90213,tokens/s,GENIEX_LLAMACPP,https://huggingface.co/qualcomm/Qwen3-1.7B,official: Qualcomm AI Hub HF card; device chipset as stated 'Snapdragon® 8 Elite Gen 5 For Galaxy Mobile'; context length 512; TTFT range 0.36269966666666664 - 1.4507986666666666 s
Qualcomm,Snapdragon® 8 Elite Gen 5 For Galaxy Mobile,,Qwen3-1.7B,text-generation,ctx 512,q4_0,tokens_per_s,42.776903,tokens/s,GENIEX_LLAMACPP,https://huggingface.co/qualcomm/Qwen3-1.7B,official: Qualcomm AI Hub HF card; device chipset as stated 'Snapdragon® 8 Elite Gen 5 For Galaxy Mobile'; context length 512; TTFT range 0.19279366666666664 - 0.7711746666666666 s
Qualcomm,Snapdragon® 8 Elite Gen 5 For Galaxy Mobile,,Qwen3-1.7B,text-generation,ctx 512,q4_0,tokens_per_s,45.932663,tokens/s,GENIEX_LLAMACPP,https://huggingface.co/qualcomm/Qwen3-1.7B,official: Qualcomm AI Hub HF card; device chipset as stated 'Snapdragon® 8 Elite Gen 5 For Galaxy Mobile'; context length 512; TTFT range 0.048788333333333336 - 0.19515333333333335 s
Qualcomm,Snapdragon® 8 Elite Gen 5 For Galaxy Mobile,,Qwen3-1.7B,text-generation,ctx 4096,q4_0,tokens_per_s,15.102979,tokens/s,GENIEX_LLAMACPP,https://huggingface.co/qualcomm/Qwen3-1.7B,official: Qualcomm AI Hub HF card; device chipset as stated 'Snapdragon® 8 Elite Gen 5 For Galaxy Mobile'; context length 4096; TTFT range 1.0189051612903226 - 32.60496516129032 s
Qualcomm,Snapdragon® 8 Elite Gen 5 For Galaxy Mobile,,Qwen3-1.7B,text-generation,ctx 4096,q4_0,tokens_per_s,21.872124,tokens/s,GENIEX_LLAMACPP,https://huggingface.co/qualcomm/Qwen3-1.7B,official: Qualcomm AI Hub HF card; device chipset as stated 'Snapdragon® 8 Elite Gen 5 For Galaxy Mobile'; context length 4096; TTFT range 0.44482116129032256 - 14.234277161290322 s
Qualcomm,Snapdragon® 8 Elite Gen 5 For Galaxy Mobile,,Qwen3-1.7B,text-generation,ctx 4096,q4_0,tokens_per_s,22.864794,tokens/s,GENIEX_LLAMACPP,https://huggingface.co/qualcomm/Qwen3-1.7B,official: Qualcomm AI Hub HF card; device chipset as stated 'Snapdragon® 8 Elite Gen 5 For Galaxy Mobile'; context length 4096; TTFT range 0.05836125806451613 - 1.867560258064516 s
Qualcomm,Snapdragon® 8 Elite For Galaxy Mobile,,Qwen3-1.7B,text-generation,ctx 512,q4_0,tokens_per_s,46.511881,tokens/s,GENIEX_LLAMACPP,https://huggingface.co/qualcomm/Qwen3-1.7B,official: Qualcomm AI Hub HF card; device chipset as stated 'Snapdragon® 8 Elite For Galaxy Mobile'; context length 512; TTFT range 0.36958399999999997 - 1.4783359999999999 s
Qualcomm,Snapdragon® 8 Elite For Galaxy Mobile,,Qwen3-1.7B,text-generation,ctx 512,q4_0,tokens_per_s,42.466776,tokens/s,GENIEX_LLAMACPP,https://huggingface.co/qualcomm/Qwen3-1.7B,official: Qualcomm AI Hub HF card; device chipset as stated 'Snapdragon® 8 Elite For Galaxy Mobile'; context length 512; TTFT range 0.19284133333333334 - 0.7713653333333333 s
Qualcomm,Snapdragon® 8 Elite For Galaxy Mobile,,Qwen3-1.7B,text-generation,ctx 512,q4_0,tokens_per_s,35.684426,tokens/s,GENIEX_LLAMACPP,https://huggingface.co/qualcomm/Qwen3-1.7B,official: Qualcomm AI Hub HF card; device chipset as stated 'Snapdragon® 8 Elite For Galaxy Mobile'; context length 512; TTFT range 0.07104033333333333 - 0.2841613333333333 s
Qualcomm,Snapdragon® 8 Elite For Galaxy Mobile,,Qwen3-1.7B,text-generation,ctx 4096,q4_0,tokens_per_s,12.784157,tokens/s,GENIEX_LLAMACPP,https://huggingface.co/qualcomm/Qwen3-1.7B,official: Qualcomm AI Hub HF card; device chipset as stated 'Snapdragon® 8 Elite For Galaxy Mobile'; context length 4096; TTFT range 1.2334587419354837 - 39.47067974193548 s
Qualcomm,Snapdragon® 8 Elite For Galaxy Mobile,,Qwen3-1.7B,text-generation,ctx 4096,q4_0,tokens_per_s,22.447221,tokens/s,GENIEX_LLAMACPP,https://huggingface.co/qualcomm/Qwen3-1.7B,official: Qualcomm AI Hub HF card; device chipset as stated 'Snapdragon® 8 Elite For Galaxy Mobile'; context length 4096; TTFT range 0.40497790322580646 - 12.959292903225807 s
Qualcomm,Snapdragon® 8 Elite For Galaxy Mobile,,Qwen3-1.7B,text-generation,ctx 4096,q4_0,tokens_per_s,20.362413,tokens/s,GENIEX_LLAMACPP,https://huggingface.co/qualcomm/Qwen3-1.7B,official: Qualcomm AI Hub HF card; device chipset as stated 'Snapdragon® 8 Elite For Galaxy Mobile'; context length 4096; TTFT range 0.07111938709677419 - 2.275820387096774 s
Qualcomm,Snapdragon® X2 Elite,,Qwen3-1.7B,text-generation,ctx 512,q4_0,tokens_per_s,79.380731,tokens/s,GENIEX_LLAMACPP,https://huggingface.co/qualcomm/Qwen3-1.7B,official: Qualcomm AI Hub HF card; device chipset as stated 'Snapdragon® X2 Elite'; context length 512; TTFT range 0.12330433333333334 - 0.49321733333333334 s
Qualcomm,Snapdragon® X2 Elite,,Qwen3-1.7B,text-generation,ctx 512,q4_0,tokens_per_s,52.527302,tokens/s,GENIEX_LLAMACPP,https://huggingface.co/qualcomm/Qwen3-1.7B,official: Qualcomm AI Hub HF card; device chipset as stated 'Snapdragon® X2 Elite'; context length 512; TTFT range 0.10784733333333332 - 0.4313893333333333 s
Qualcomm,Snapdragon® X2 Elite,,Qwen3-1.7B,text-generation,ctx 512,q4_0,tokens_per_s,50.617814,tokens/s,GENIEX_LLAMACPP,https://huggingface.co/qualcomm/Qwen3-1.7B,official: Qualcomm AI Hub HF card; device chipset as stated 'Snapdragon® X2 Elite'; context length 512; TTFT range 0.043133333333333336 - 0.17253333333333334 s
Qualcomm,Snapdragon® X2 Elite,,Qwen3-1.7B,text-generation,ctx 4096,q4_0,tokens_per_s,43.111114,tokens/s,GENIEX_LLAMACPP,https://huggingface.co/qualcomm/Qwen3-1.7B,official: Qualcomm AI Hub HF card; device chipset as stated 'Snapdragon® X2 Elite'; context length 4096; TTFT range 0.21496283870967742 - 6.878810838709677 s
Qualcomm,Snapdragon® X2 Elite,,Qwen3-1.7B,text-generation,ctx 4096,q4_0,tokens_per_s,28.156857,tokens/s,GENIEX_LLAMACPP,https://huggingface.co/qualcomm/Qwen3-1.7B,official: Qualcomm AI Hub HF card; device chipset as stated 'Snapdragon® X2 Elite'; context length 4096; TTFT range 0.20966200000000002 - 6.7091840000000005 s
Qualcomm,Snapdragon® X2 Elite,,Qwen3-1.7B,text-generation,ctx 4096,q4_0,tokens_per_s,28.943076,tokens/s,GENIEX_LLAMACPP,https://huggingface.co/qualcomm/Qwen3-1.7B,official: Qualcomm AI Hub HF card; device chipset as stated 'Snapdragon® X2 Elite'; context length 4096; TTFT range 0.05614648387096773 - 1.7966874838709674 s
Qualcomm,Snapdragon® X Elite,,Qwen3-1.7B,text-generation,ctx 512,q4_0,tokens_per_s,62.485599,tokens/s,GENIEX_LLAMACPP,https://huggingface.co/qualcomm/Qwen3-1.7B,official: Qualcomm AI Hub HF card; device chipset as stated 'Snapdragon® X Elite'; context length 512; TTFT range 0.317065 - 1.26826 s
Qualcomm,Snapdragon® X Elite,,Qwen3-1.7B,text-generation,ctx 512,q4_0,tokens_per_s,41.525464,tokens/s,GENIEX_LLAMACPP,https://huggingface.co/qualcomm/Qwen3-1.7B,official: Qualcomm AI Hub HF card; device chipset as stated 'Snapdragon® X Elite'; context length 512; TTFT range 0.2208163333333333 - 0.8832653333333332 s
Qualcomm,Snapdragon® X Elite,,Qwen3-1.7B,text-generation,ctx 512,q4_0,tokens_per_s,28.690025,tokens/s,GENIEX_LLAMACPP,https://huggingface.co/qualcomm/Qwen3-1.7B,official: Qualcomm AI Hub HF card; device chipset as stated 'Snapdragon® X Elite'; context length 512; TTFT range 0.10156233333333332 - 0.4062493333333333 s
Qualcomm,Snapdragon® X Elite,,Qwen3-1.7B,text-generation,ctx 4096,q4_0,tokens_per_s,23.611531,tokens/s,GENIEX_LLAMACPP,https://huggingface.co/qualcomm/Qwen3-1.7B,official: Qualcomm AI Hub HF card; device chipset as stated 'Snapdragon® X Elite'; context length 4096; TTFT range 0.4395270322580645 - 14.064865032258064 s
Qualcomm,Snapdragon® X Elite,,Qwen3-1.7B,text-generation,ctx 4096,q4_0,tokens_per_s,21.895718,tokens/s,GENIEX_LLAMACPP,https://huggingface.co/qualcomm/Qwen3-1.7B,official: Qualcomm AI Hub HF card; device chipset as stated 'Snapdragon® X Elite'; context length 4096; TTFT range 0.5472200967741935 - 17.51104309677419 s
Qualcomm,Snapdragon® X Elite,,Qwen3-1.7B,text-generation,ctx 4096,q4_0,tokens_per_s,16.931528,tokens/s,GENIEX_LLAMACPP,https://huggingface.co/qualcomm/Qwen3-1.7B,official: Qualcomm AI Hub HF card; device chipset as stated 'Snapdragon® X Elite'; context length 4096; TTFT range 0.1326680322580645 - 4.245377032258064 s
Qualcomm,Qualcomm® Dragonwing™ IQ-8275,,Qwen3-1.7B,text-generation,ctx 512,q4_0,tokens_per_s,11.605908,tokens/s,GENIEX_LLAMACPP,https://huggingface.co/qualcomm/Qwen3-1.7B,official: Qualcomm AI Hub HF card; device chipset as stated 'Qualcomm® Dragonwing™ IQ-8275'; context length 512; TTFT range 1.606268 - 6.425072 s
Qualcomm,Qualcomm® Dragonwing™ IQ-8275,,Qwen3-1.7B,text-generation,ctx 512,q4_0,tokens_per_s,6.479042,tokens/s,GENIEX_LLAMACPP,https://huggingface.co/qualcomm/Qwen3-1.7B,official: Qualcomm AI Hub HF card; device chipset as stated 'Qualcomm® Dragonwing™ IQ-8275'; context length 512; TTFT range 2.3210396666666666 - 9.284158666666666 s
Qualcomm,Qualcomm® Dragonwing™ IQ-8275,,Qwen3-1.7B,text-generation,ctx 512,q4_0,tokens_per_s,28.405472,tokens/s,GENIEX_LLAMACPP,https://huggingface.co/qualcomm/Qwen3-1.7B,official: Qualcomm AI Hub HF card; device chipset as stated 'Qualcomm® Dragonwing™ IQ-8275'; context length 512; TTFT range 0.13426366666666667 - 0.5370546666666667 s
Qualcomm,Qualcomm® Dragonwing™ IQ-8275,,Qwen3-1.7B,text-generation,ctx 4096,q4_0,tokens_per_s,2.773163,tokens/s,GENIEX_LLAMACPP,https://huggingface.co/qualcomm/Qwen3-1.7B,official: Qualcomm AI Hub HF card; device chipset as stated 'Qualcomm® Dragonwing™ IQ-8275'; context length 4096; TTFT range 2.826074322580645 - 90.43437832258064 s
Qualcomm,Qualcomm® Dragonwing™ IQ-8275,,Qwen3-1.7B,text-generation,ctx 4096,q4_0,tokens_per_s,4.092746,tokens/s,GENIEX_LLAMACPP,https://huggingface.co/qualcomm/Qwen3-1.7B,official: Qualcomm AI Hub HF card; device chipset as stated 'Qualcomm® Dragonwing™ IQ-8275'; context length 4096; TTFT range 3.4951989999999995 - 111.84636799999998 s
Qualcomm,Qualcomm® Dragonwing™ IQ-8275,,Qwen3-1.7B,text-generation,ctx 4096,q4_0,tokens_per_s,16.361683,tokens/s,GENIEX_LLAMACPP,https://huggingface.co/qualcomm/Qwen3-1.7B,official: Qualcomm AI Hub HF card; device chipset as stated 'Qualcomm® Dragonwing™ IQ-8275'; context length 4096; TTFT range 0.1619628064516129 - 5.182809806451613 s
Qualcomm,Qualcomm® Dragonwing™ IQ-X7181,,Qwen3-1.7B,text-generation,ctx 512,q4_0,tokens_per_s,62.485599,tokens/s,GENIEX_LLAMACPP,https://huggingface.co/qualcomm/Qwen3-1.7B,official: Qualcomm AI Hub HF card; device chipset as stated 'Qualcomm® Dragonwing™ IQ-X7181'; context length 512; TTFT range 0.317065 - 1.26826 s
Qualcomm,Qualcomm® Dragonwing™ IQ-X7181,,Qwen3-1.7B,text-generation,ctx 512,q4_0,tokens_per_s,41.525464,tokens/s,GENIEX_LLAMACPP,https://huggingface.co/qualcomm/Qwen3-1.7B,official: Qualcomm AI Hub HF card; device chipset as stated 'Qualcomm® Dragonwing™ IQ-X7181'; context length 512; TTFT range 0.2208163333333333 - 0.8832653333333332 s
Qualcomm,Qualcomm® Dragonwing™ IQ-X7181,,Qwen3-1.7B,text-generation,ctx 512,q4_0,tokens_per_s,28.690025,tokens/s,GENIEX_LLAMACPP,https://huggingface.co/qualcomm/Qwen3-1.7B,official: Qualcomm AI Hub HF card; device chipset as stated 'Qualcomm® Dragonwing™ IQ-X7181'; context length 512; TTFT range 0.10156233333333332 - 0.4062493333333333 s
Qualcomm,Qualcomm® Dragonwing™ Q-8750,,Qwen3-1.7B,text-generation,ctx 512,q4_0,tokens_per_s,46.511881,tokens/s,GENIEX_LLAMACPP,https://huggingface.co/qualcomm/Qwen3-1.7B,official: Qualcomm AI Hub HF card; device chipset as stated 'Qualcomm® Dragonwing™ Q-8750'; context length 512; TTFT range 0.36958399999999997 - 1.4783359999999999 s
Qualcomm,Qualcomm® Dragonwing™ Q-8750,,Qwen3-1.7B,text-generation,ctx 512,q4_0,tokens_per_s,42.466776,tokens/s,GENIEX_LLAMACPP,https://huggingface.co/qualcomm/Qwen3-1.7B,official: Qualcomm AI Hub HF card; device chipset as stated 'Qualcomm® Dragonwing™ Q-8750'; context length 512; TTFT range 0.19284133333333334 - 0.7713653333333333 s
Qualcomm,Qualcomm® Dragonwing™ Q-8750,,Qwen3-1.7B,text-generation,ctx 512,q4_0,tokens_per_s,35.684426,tokens/s,GENIEX_LLAMACPP,https://huggingface.co/qualcomm/Qwen3-1.7B,official: Qualcomm AI Hub HF card; device chipset as stated 'Qualcomm® Dragonwing™ Q-8750'; context length 512; TTFT range 0.07104033333333333 - 0.2841613333333333 s
Qualcomm,Qualcomm® Dragonwing™ IQ-9075,,Qwen3-1.7B,text-generation,ctx 4096,q4_0,tokens_per_s,23.5,tokens/s,GENIEX_LLAMACPP,https://huggingface.co/qualcomm/Qwen3-1.7B,official: Qualcomm AI Hub HF card; device chipset as stated 'Qualcomm® Dragonwing™ IQ-9075'; context length 4096; TTFT range 0.9741248100000001 - 31.171993999999998 s
Qualcomm,Qualcomm® Dragonwing™ IQ-9075,,Qwen3-1.7B,text-generation,ctx 4096,q4_0,tokens_per_s,5.4,tokens/s,GENIEX_LLAMACPP,https://huggingface.co/qualcomm/Qwen3-1.7B,official: Qualcomm AI Hub HF card; device chipset as stated 'Qualcomm® Dragonwing™ IQ-9075'; context length 4096; TTFT range 1.2736318409999998 - 40.756218999999994 s
Qualcomm,Qualcomm® Dragonwing™ IQ-9075,,Qwen3-1.7B,text-generation,ctx 4096,q4_0,tokens_per_s,15.2,tokens/s,GENIEX_LLAMACPP,https://huggingface.co/qualcomm/Qwen3-1.7B,official: Qualcomm AI Hub HF card; device chipset as stated 'Qualcomm® Dragonwing™ IQ-9075'; context length 4096; TTFT range 0.254321478 - 8.138287 s
Qualcomm,Qualcomm® Dragonwing™ IQ-X7181,,Qwen3-1.7B,text-generation,ctx 4096,q4_0,tokens_per_s,23.611531,tokens/s,GENIEX_LLAMACPP,https://huggingface.co/qualcomm/Qwen3-1.7B,official: Qualcomm AI Hub HF card; device chipset as stated 'Qualcomm® Dragonwing™ IQ-X7181'; context length 4096; TTFT range 0.4395270322580645 - 14.064865032258064 s
Qualcomm,Qualcomm® Dragonwing™ IQ-X7181,,Qwen3-1.7B,text-generation,ctx 4096,q4_0,tokens_per_s,21.895718,tokens/s,GENIEX_LLAMACPP,https://huggingface.co/qualcomm/Qwen3-1.7B,official: Qualcomm AI Hub HF card; device chipset as stated 'Qualcomm® Dragonwing™ IQ-X7181'; context length 4096; TTFT range 0.5472200967741935 - 17.51104309677419 s
Qualcomm,Qualcomm® Dragonwing™ IQ-X7181,,Qwen3-1.7B,text-generation,ctx 4096,q4_0,tokens_per_s,16.931528,tokens/s,GENIEX_LLAMACPP,https://huggingface.co/qualcomm/Qwen3-1.7B,official: Qualcomm AI Hub HF card; device chipset as stated 'Qualcomm® Dragonwing™ IQ-X7181'; context length 4096; TTFT range 0.1326680322580645 - 4.245377032258064 s
Qualcomm,Qualcomm® Dragonwing™ Q-8750,,Qwen3-1.7B,text-generation,ctx 4096,q4_0,tokens_per_s,12.784157,tokens/s,GENIEX_LLAMACPP,https://huggingface.co/qualcomm/Qwen3-1.7B,official: Qualcomm AI Hub HF card; device chipset as stated 'Qualcomm® Dragonwing™ Q-8750'; context length 4096; TTFT range 1.2334587419354837 - 39.47067974193548 s
Qualcomm,Qualcomm® Dragonwing™ Q-8750,,Qwen3-1.7B,text-generation,ctx 4096,q4_0,tokens_per_s,22.447221,tokens/s,GENIEX_LLAMACPP,https://huggingface.co/qualcomm/Qwen3-1.7B,official: Qualcomm AI Hub HF card; device chipset as stated 'Qualcomm® Dragonwing™ Q-8750'; context length 4096; TTFT range 0.40497790322580646 - 12.959292903225807 s
Qualcomm,Qualcomm® Dragonwing™ Q-8750,,Qwen3-1.7B,text-generation,ctx 4096,q4_0,tokens_per_s,20.362413,tokens/s,GENIEX_LLAMACPP,https://huggingface.co/qualcomm/Qwen3-1.7B,official: Qualcomm AI Hub HF card; device chipset as stated 'Qualcomm® Dragonwing™ Q-8750'; context length 4096; TTFT range 0.07111938709677419 - 2.275820387096774 s
Qualcomm,Snapdragon® 8 Elite Gen 5 For Galaxy Mobile,,Qwen3-1.7B,text-generation,ctx 512,w4a16,tokens_per_s,25.138571,tokens/s,GENIEX_QAIRT,https://huggingface.co/qualcomm/Qwen3-1.7B,official: Qualcomm AI Hub HF card; device chipset as stated 'Snapdragon® 8 Elite Gen 5 For Galaxy Mobile'; context length 512; TTFT range 0.05623433333333333 - 0.22493733333333332 s
Qualcomm,Snapdragon® 8 Elite Gen 5 For Galaxy Mobile,,Qwen3-1.7B,text-generation,ctx 1024,w4a16,tokens_per_s,24.686296,tokens/s,GENIEX_QAIRT,https://huggingface.co/qualcomm/Qwen3-1.7B,official: Qualcomm AI Hub HF card; device chipset as stated 'Snapdragon® 8 Elite Gen 5 For Galaxy Mobile'; context length 1024; TTFT range 0.05807071428571428 - 0.46456571428571425 s
Qualcomm,Snapdragon® 8 Elite Gen 5 For Galaxy Mobile,,Qwen3-1.7B,text-generation,ctx 2048,w4a16,tokens_per_s,23.395246,tokens/s,GENIEX_QAIRT,https://huggingface.co/qualcomm/Qwen3-1.7B,official: Qualcomm AI Hub HF card; device chipset as stated 'Snapdragon® 8 Elite Gen 5 For Galaxy Mobile'; context length 2048; TTFT range 0.05994346666666667 - 0.9590954666666667 s
Qualcomm,Snapdragon® 8 Elite Gen 5 For Galaxy Mobile,,Qwen3-1.7B,text-generation,ctx 3072,w4a16,tokens_per_s,23.840663,tokens/s,GENIEX_QAIRT,https://huggingface.co/qualcomm/Qwen3-1.7B,official: Qualcomm AI Hub HF card; device chipset as stated 'Snapdragon® 8 Elite Gen 5 For Galaxy Mobile'; context length 3072; TTFT range 0.07111869565217391 - 1.7068486956521738 s
Qualcomm,Snapdragon® 8 Elite Gen 5 For Galaxy Mobile,,Qwen3-1.7B,text-generation,ctx 4096,w4a16,tokens_per_s,21.224543,tokens/s,GENIEX_QAIRT,https://huggingface.co/qualcomm/Qwen3-1.7B,official: Qualcomm AI Hub HF card; device chipset as stated 'Snapdragon® 8 Elite Gen 5 For Galaxy Mobile'; context length 4096; TTFT range 0.0754162258064516 - 2.4133192258064513 s
Qualcomm,Snapdragon® 8 Elite For Galaxy Mobile,,Qwen3-1.7B,text-generation,ctx 512,w4a16,tokens_per_s,26.950058,tokens/s,GENIEX_QAIRT,https://huggingface.co/qualcomm/Qwen3-1.7B,official: Qualcomm AI Hub HF card; device chipset as stated 'Snapdragon® 8 Elite For Galaxy Mobile'; context length 512; TTFT range 0.057949 - 0.231796 s
Qualcomm,Snapdragon® 8 Elite For Galaxy Mobile,,Qwen3-1.7B,text-generation,ctx 1024,w4a16,tokens_per_s,26.143839,tokens/s,GENIEX_QAIRT,https://huggingface.co/qualcomm/Qwen3-1.7B,official: Qualcomm AI Hub HF card; device chipset as stated 'Snapdragon® 8 Elite For Galaxy Mobile'; context length 1024; TTFT range 0.06230871428571428 - 0.49846971428571424 s
Qualcomm,Snapdragon® 8 Elite For Galaxy Mobile,,Qwen3-1.7B,text-generation,ctx 2048,w4a16,tokens_per_s,24.821041,tokens/s,GENIEX_QAIRT,https://huggingface.co/qualcomm/Qwen3-1.7B,official: Qualcomm AI Hub HF card; device chipset as stated 'Snapdragon® 8 Elite For Galaxy Mobile'; context length 2048; TTFT range 0.06882253333333332 - 1.1011605333333332 s
Qualcomm,Snapdragon® 8 Elite For Galaxy Mobile,,Qwen3-1.7B,text-generation,ctx 3072,w4a16,tokens_per_s,20.80281,tokens/s,GENIEX_QAIRT,https://huggingface.co/qualcomm/Qwen3-1.7B,official: Qualcomm AI Hub HF card; device chipset as stated 'Snapdragon® 8 Elite For Galaxy Mobile'; context length 3072; TTFT range 0.0753845652173913 - 1.8092295652173913 s
Qualcomm,Snapdragon® 8 Elite For Galaxy Mobile,,Qwen3-1.7B,text-generation,ctx 4096,w4a16,tokens_per_s,21.607599,tokens/s,GENIEX_QAIRT,https://huggingface.co/qualcomm/Qwen3-1.7B,official: Qualcomm AI Hub HF card; device chipset as stated 'Snapdragon® 8 Elite For Galaxy Mobile'; context length 4096; TTFT range 0.08568383870967741 - 2.741882838709677 s
Qualcomm,Snapdragon® X2 Elite,,Qwen3-1.7B,text-generation,ctx 512,w4a16,tokens_per_s,68.425304,tokens/s,GENIEX_QAIRT,https://huggingface.co/qualcomm/Qwen3-1.7B,official: Qualcomm AI Hub HF card; device chipset as stated 'Snapdragon® X2 Elite'; context length 512; TTFT range 0.029783999999999998 - 0.11913599999999999 s
Qualcomm,Snapdragon® X2 Elite,,Qwen3-1.7B,text-generation,ctx 1024,w4a16,tokens_per_s,65.900369,tokens/s,GENIEX_QAIRT,https://huggingface.co/qualcomm/Qwen3-1.7B,official: Qualcomm AI Hub HF card; device chipset as stated 'Snapdragon® X2 Elite'; context length 1024; TTFT range 0.03718214285714285 - 0.2974571428571428 s
Qualcomm,Snapdragon® X2 Elite,,Qwen3-1.7B,text-generation,ctx 2048,w4a16,tokens_per_s,58.65616,tokens/s,GENIEX_QAIRT,https://huggingface.co/qualcomm/Qwen3-1.7B,official: Qualcomm AI Hub HF card; device chipset as stated 'Snapdragon® X2 Elite'; context length 2048; TTFT range 0.04009386666666667 - 0.6415018666666668 s
Qualcomm,Snapdragon® X2 Elite,,Qwen3-1.7B,text-generation,ctx 3072,w4a16,tokens_per_s,53.243197,tokens/s,GENIEX_QAIRT,https://huggingface.co/qualcomm/Qwen3-1.7B,official: Qualcomm AI Hub HF card; device chipset as stated 'Snapdragon® X2 Elite'; context length 3072; TTFT range 0.04281247826086956 - 1.0274994782608697 s
Qualcomm,Snapdragon® X2 Elite,,Qwen3-1.7B,text-generation,ctx 4096,w4a16,tokens_per_s,47.696697,tokens/s,GENIEX_QAIRT,https://huggingface.co/qualcomm/Qwen3-1.7B,official: Qualcomm AI Hub HF card; device chipset as stated 'Snapdragon® X2 Elite'; context length 4096; TTFT range 0.04494054838709677 - 1.4380975483870966 s
Qualcomm,Snapdragon® X Elite,,Qwen3-1.7B,text-generation,ctx 4096,w4a16,tokens_per_s,41.531877,tokens/s,GENIEX_QAIRT,https://huggingface.co/qualcomm/Qwen3-1.7B,official: Qualcomm AI Hub HF card; device chipset as stated 'Snapdragon® X Elite'; context length 4096; TTFT range 0.050241999999999995 - 1.6077439999999998 s
Qualcomm,Qualcomm® Dragonwing™ IQ-8275,,Qwen3-1.7B,text-generation,ctx 4096,w4a16,tokens_per_s,34.203053,tokens/s,GENIEX_QAIRT,https://huggingface.co/qualcomm/Qwen3-1.7B,official: Qualcomm AI Hub HF card; device chipset as stated 'Qualcomm® Dragonwing™ IQ-8275'; context length 4096; TTFT range 0.053302 - 1.705664 s
Qualcomm,Qualcomm® Dragonwing™ IQ-9075,,Qwen3-1.7B,text-generation,ctx 512,w4a16,tokens_per_s,36.041069,tokens/s,GENIEX_QAIRT,https://huggingface.co/qualcomm/Qwen3-1.7B,official: Qualcomm AI Hub HF card; device chipset as stated 'Qualcomm® Dragonwing™ IQ-9075'; context length 512; TTFT range 0.04749266666666666 - 0.18997066666666665 s
Qualcomm,Qualcomm® Dragonwing™ Q-8750,,Qwen3-1.7B,text-generation,ctx 512,w4a16,tokens_per_s,26.950058,tokens/s,GENIEX_QAIRT,https://huggingface.co/qualcomm/Qwen3-1.7B,official: Qualcomm AI Hub HF card; device chipset as stated 'Qualcomm® Dragonwing™ Q-8750'; context length 512; TTFT range 0.057949 - 0.231796 s
Qualcomm,Qualcomm® Dragonwing™ IQ-9075,,Qwen3-1.7B,text-generation,ctx 1024,w4a16,tokens_per_s,32.221142,tokens/s,GENIEX_QAIRT,https://huggingface.co/qualcomm/Qwen3-1.7B,official: Qualcomm AI Hub HF card; device chipset as stated 'Qualcomm® Dragonwing™ IQ-9075'; context length 1024; TTFT range 0.05713142857142857 - 0.45705142857142855 s
Qualcomm,Qualcomm® Dragonwing™ Q-8750,,Qwen3-1.7B,text-generation,ctx 1024,w4a16,tokens_per_s,26.143839,tokens/s,GENIEX_QAIRT,https://huggingface.co/qualcomm/Qwen3-1.7B,official: Qualcomm AI Hub HF card; device chipset as stated 'Qualcomm® Dragonwing™ Q-8750'; context length 1024; TTFT range 0.06230871428571428 - 0.49846971428571424 s
Qualcomm,Qualcomm® Dragonwing™ IQ-9075,,Qwen3-1.7B,text-generation,ctx 2048,w4a16,tokens_per_s,29.210442,tokens/s,GENIEX_QAIRT,https://huggingface.co/qualcomm/Qwen3-1.7B,official: Qualcomm AI Hub HF card; device chipset as stated 'Qualcomm® Dragonwing™ IQ-9075'; context length 2048; TTFT range 0.063491 - 1.015856 s
Qualcomm,Qualcomm® Dragonwing™ Q-8750,,Qwen3-1.7B,text-generation,ctx 2048,w4a16,tokens_per_s,24.821041,tokens/s,GENIEX_QAIRT,https://huggingface.co/qualcomm/Qwen3-1.7B,official: Qualcomm AI Hub HF card; device chipset as stated 'Qualcomm® Dragonwing™ Q-8750'; context length 2048; TTFT range 0.06882253333333332 - 1.1011605333333332 s
Qualcomm,Qualcomm® Dragonwing™ IQ-9075,,Qwen3-1.7B,text-generation,ctx 3072,w4a16,tokens_per_s,24.525682,tokens/s,GENIEX_QAIRT,https://huggingface.co/qualcomm/Qwen3-1.7B,official: Qualcomm AI Hub HF card; device chipset as stated 'Qualcomm® Dragonwing™ IQ-9075'; context length 3072; TTFT range 0.07305439130434782 - 1.7533053913043477 s
Qualcomm,Qualcomm® Dragonwing™ Q-8750,,Qwen3-1.7B,text-generation,ctx 3072,w4a16,tokens_per_s,20.80281,tokens/s,GENIEX_QAIRT,https://huggingface.co/qualcomm/Qwen3-1.7B,official: Qualcomm AI Hub HF card; device chipset as stated 'Qualcomm® Dragonwing™ Q-8750'; context length 3072; TTFT range 0.0753845652173913 - 1.8092295652173913 s
Qualcomm,Qualcomm® Dragonwing™ IQ-9075,,Qwen3-1.7B,text-generation,ctx 4096,w4a16,tokens_per_s,21.464157,tokens/s,GENIEX_QAIRT,https://huggingface.co/qualcomm/Qwen3-1.7B,official: Qualcomm AI Hub HF card; device chipset as stated 'Qualcomm® Dragonwing™ IQ-9075'; context length 4096; TTFT range 0.07874438709677418 - 2.519820387096774 s
Qualcomm,Qualcomm® Dragonwing™ IQ-X7181,,Qwen3-1.7B,text-generation,ctx 4096,w4a16,tokens_per_s,41.531877,tokens/s,GENIEX_QAIRT,https://huggingface.co/qualcomm/Qwen3-1.7B,official: Qualcomm AI Hub HF card; device chipset as stated 'Qualcomm® Dragonwing™ IQ-X7181'; context length 4096; TTFT range 0.050241999999999995 - 1.6077439999999998 s
Qualcomm,Qualcomm® Dragonwing™ Q-8750,,Qwen3-1.7B,text-generation,ctx 4096,w4a16,tokens_per_s,21.607599,tokens/s,GENIEX_QAIRT,https://huggingface.co/qualcomm/Qwen3-1.7B,official: Qualcomm AI Hub HF card; device chipset as stated 'Qualcomm® Dragonwing™ Q-8750'; context length 4096; TTFT range 0.08568383870967741 - 2.741882838709677 s
Qualcomm,Snapdragon® 8 Elite Gen 5 For Galaxy Mobile,,Qwen3-4B-Instruct-2507,text-generation,ctx 4096,w4a16,tokens_per_s,27.985336303710938,tokens/s,GENIE,https://huggingface.co/qualcomm/Qwen3-4B-Instruct-2507,official: Qualcomm AI Hub HF card; device chipset as stated 'Snapdragon® 8 Elite Gen 5 For Galaxy Mobile'; context length 4096; TTFT range 0.05547 - 1.77504 s
Qualcomm,Snapdragon® 8 Elite For Galaxy Mobile,,Qwen3-4B-Instruct-2507,text-generation,ctx 4096,w4a16,tokens_per_s,26.66240119934082,tokens/s,GENIE,https://huggingface.co/qualcomm/Qwen3-4B-Instruct-2507,official: Qualcomm AI Hub HF card; device chipset as stated 'Snapdragon® 8 Elite For Galaxy Mobile'; context length 4096; TTFT range 0.065065 - 2.08208 s
Qualcomm,Snapdragon® X2 Elite,,Qwen3-4B-Instruct-2507,text-generation,ctx 4096,w4a16,tokens_per_s,32.163973808288574,tokens/s,GENIE,https://huggingface.co/qualcomm/Qwen3-4B-Instruct-2507,official: Qualcomm AI Hub HF card; device chipset as stated 'Snapdragon® X2 Elite'; context length 4096; TTFT range 0.07509 - 2.40288 s
Qualcomm,Snapdragon® X Elite,,Qwen3-4B-Instruct-2507,text-generation,ctx 4096,w4a16,tokens_per_s,8.30799388885498,tokens/s,GENIE,https://huggingface.co/qualcomm/Qwen3-4B-Instruct-2507,official: Qualcomm AI Hub HF card; device chipset as stated 'Snapdragon® X Elite'; context length 4096; TTFT range 0.10081799999999999 - 3.2261759999999997 s
Qualcomm,Qualcomm® Dragonwing™ IQ-8275,,Qwen3-4B-Instruct-2507,text-generation,ctx 4096,w4a16,tokens_per_s,18.114301681518555,tokens/s,GENIE,https://huggingface.co/qualcomm/Qwen3-4B-Instruct-2507,official: Qualcomm AI Hub HF card; device chipset as stated 'Qualcomm® Dragonwing™ IQ-8275'; context length 4096; TTFT range 0.094182 - 3.013824 s
Qualcomm,Qualcomm® Dragonwing™ IQ-9075,,Qwen3-4B-Instruct-2507,text-generation,ctx 4096,w4a16,tokens_per_s,19.92993297576904,tokens/s,GENIE,https://huggingface.co/qualcomm/Qwen3-4B-Instruct-2507,official: Qualcomm AI Hub HF card; device chipset as stated 'Qualcomm® Dragonwing™ IQ-9075'; context length 4096; TTFT range 0.10179260000000001 - 3.2573632000000003 s
Qualcomm,Qualcomm® Dragonwing™ IQ-X7181,,Qwen3-4B-Instruct-2507,text-generation,ctx 4096,w4a16,tokens_per_s,8.30799388885498,tokens/s,GENIE,https://huggingface.co/qualcomm/Qwen3-4B-Instruct-2507,official: Qualcomm AI Hub HF card; device chipset as stated 'Qualcomm® Dragonwing™ IQ-X7181'; context length 4096; TTFT range 0.10081799999999999 - 3.2261759999999997 s
Qualcomm,Qualcomm® Dragonwing™ Q-8750,,Qwen3-4B-Instruct-2507,text-generation,ctx 4096,w4a16,tokens_per_s,26.66240119934082,tokens/s,GENIE,https://huggingface.co/qualcomm/Qwen3-4B-Instruct-2507,official: Qualcomm AI Hub HF card; device chipset as stated 'Qualcomm® Dragonwing™ Q-8750'; context length 4096; TTFT range 0.065065 - 2.08208 s
Qualcomm,Snapdragon® 8 Elite Gen 5 For Galaxy Mobile,,Qwen3-4B-Instruct-2507,text-generation,ctx 512,q4_0,tokens_per_s,19.697929,tokens/s,GENIEX_LLAMACPP,https://huggingface.co/qualcomm/Qwen3-4B-Instruct-2507,official: Qualcomm AI Hub HF card; device chipset as stated 'Snapdragon® 8 Elite Gen 5 For Galaxy Mobile'; context length 512; TTFT range 1.3546813333333332 - 5.418725333333333 s
Qualcomm,Snapdragon® 8 Elite Gen 5 For Galaxy Mobile,,Qwen3-4B-Instruct-2507,text-generation,ctx 512,q4_0,tokens_per_s,21.139921,tokens/s,GENIEX_LLAMACPP,https://huggingface.co/qualcomm/Qwen3-4B-Instruct-2507,official: Qualcomm AI Hub HF card; device chipset as stated 'Snapdragon® 8 Elite Gen 5 For Galaxy Mobile'; context length 512; TTFT range 0.4971393333333333 - 1.9885573333333333 s
Qualcomm,Snapdragon® 8 Elite Gen 5 For Galaxy Mobile,,Qwen3-4B-Instruct-2507,text-generation,ctx 512,q4_0,tokens_per_s,22.245684,tokens/s,GENIEX_LLAMACPP,https://huggingface.co/qualcomm/Qwen3-4B-Instruct-2507,official: Qualcomm AI Hub HF card; device chipset as stated 'Snapdragon® 8 Elite Gen 5 For Galaxy Mobile'; context length 512; TTFT range 0.10473666666666664 - 0.4189466666666666 s
Qualcomm,Snapdragon® 8 Elite Gen 5 For Galaxy Mobile,,Qwen3-4B-Instruct-2507,text-generation,ctx 4096,q4_0,tokens_per_s,6.223475,tokens/s,GENIEX_LLAMACPP,https://huggingface.co/qualcomm/Qwen3-4B-Instruct-2507,official: Qualcomm AI Hub HF card; device chipset as stated 'Snapdragon® 8 Elite Gen 5 For Galaxy Mobile'; context length 4096; TTFT range 2.981126161290322 - 95.39603716129031 s
Qualcomm,Snapdragon® 8 Elite Gen 5 For Galaxy Mobile,,Qwen3-4B-Instruct-2507,text-generation,ctx 4096,q4_0,tokens_per_s,12.660195,tokens/s,GENIEX_LLAMACPP,https://huggingface.co/qualcomm/Qwen3-4B-Instruct-2507,official: Qualcomm AI Hub HF card; device chipset as stated 'Snapdragon® 8 Elite Gen 5 For Galaxy Mobile'; context length 4096; TTFT range 1.1085383548387098 - 35.47322735483871 s
Qualcomm,Snapdragon® 8 Elite Gen 5 For Galaxy Mobile,,Qwen3-4B-Instruct-2507,text-generation,ctx 4096,q4_0,tokens_per_s,11.399435,tokens/s,GENIEX_LLAMACPP,https://huggingface.co/qualcomm/Qwen3-4B-Instruct-2507,official: Qualcomm AI Hub HF card; device chipset as stated 'Snapdragon® 8 Elite Gen 5 For Galaxy Mobile'; context length 4096; TTFT range 0.13752932258064515 - 4.400938322580645 s
Qualcomm,Snapdragon® 8 Elite For Galaxy Mobile,,Qwen3-4B-Instruct-2507,text-generation,ctx 512,q4_0,tokens_per_s,21.303923,tokens/s,GENIEX_LLAMACPP,https://huggingface.co/qualcomm/Qwen3-4B-Instruct-2507,official: Qualcomm AI Hub HF card; device chipset as stated 'Snapdragon® 8 Elite For Galaxy Mobile'; context length 512; TTFT range 1.157875 - 4.6315 s
Qualcomm,Snapdragon® 8 Elite For Galaxy Mobile,,Qwen3-4B-Instruct-2507,text-generation,ctx 512,q4_0,tokens_per_s,20.209841,tokens/s,GENIEX_LLAMACPP,https://huggingface.co/qualcomm/Qwen3-4B-Instruct-2507,official: Qualcomm AI Hub HF card; device chipset as stated 'Snapdragon® 8 Elite For Galaxy Mobile'; context length 512; TTFT range 0.5405866666666665 - 2.162346666666666 s
Qualcomm,Snapdragon® 8 Elite For Galaxy Mobile,,Qwen3-4B-Instruct-2507,text-generation,ctx 512,q4_0,tokens_per_s,17.073282,tokens/s,GENIEX_LLAMACPP,https://huggingface.co/qualcomm/Qwen3-4B-Instruct-2507,official: Qualcomm AI Hub HF card; device chipset as stated 'Snapdragon® 8 Elite For Galaxy Mobile'; context length 512; TTFT range 0.12675333333333333 - 0.5070133333333333 s
Qualcomm,Snapdragon® 8 Elite For Galaxy Mobile,,Qwen3-4B-Instruct-2507,text-generation,ctx 4096,q4_0,tokens_per_s,4.981844,tokens/s,GENIEX_LLAMACPP,https://huggingface.co/qualcomm/Qwen3-4B-Instruct-2507,official: Qualcomm AI Hub HF card; device chipset as stated 'Snapdragon® 8 Elite For Galaxy Mobile'; context length 4096; TTFT range 3.0638862258064514 - 98.04435922580645 s
Qualcomm,Snapdragon® 8 Elite For Galaxy Mobile,,Qwen3-4B-Instruct-2507,text-generation,ctx 4096,q4_0,tokens_per_s,10.070317,tokens/s,GENIEX_LLAMACPP,https://huggingface.co/qualcomm/Qwen3-4B-Instruct-2507,official: Qualcomm AI Hub HF card; device chipset as stated 'Snapdragon® 8 Elite For Galaxy Mobile'; context length 4096; TTFT range 1.4112917741935482 - 45.16133677419354 s
Qualcomm,Snapdragon® 8 Elite For Galaxy Mobile,,Qwen3-4B-Instruct-2507,text-generation,ctx 4096,q4_0,tokens_per_s,8.015922,tokens/s,GENIEX_LLAMACPP,https://huggingface.co/qualcomm/Qwen3-4B-Instruct-2507,official: Qualcomm AI Hub HF card; device chipset as stated 'Snapdragon® 8 Elite For Galaxy Mobile'; context length 4096; TTFT range 0.2074222580645161 - 6.637512258064516 s
Qualcomm,Snapdragon® X2 Elite,,Qwen3-4B-Instruct-2507,text-generation,ctx 512,q4_0,tokens_per_s,36.120735,tokens/s,GENIEX_LLAMACPP,https://huggingface.co/qualcomm/Qwen3-4B-Instruct-2507,official: Qualcomm AI Hub HF card; device chipset as stated 'Snapdragon® X2 Elite'; context length 512; TTFT range 0.2838346666666666 - 1.1353386666666665 s
Qualcomm,Snapdragon® X2 Elite,,Qwen3-4B-Instruct-2507,text-generation,ctx 512,q4_0,tokens_per_s,20.878213,tokens/s,GENIEX_LLAMACPP,https://huggingface.co/qualcomm/Qwen3-4B-Instruct-2507,official: Qualcomm AI Hub HF card; device chipset as stated 'Snapdragon® X2 Elite'; context length 512; TTFT range 0.2478723333333333 - 0.9914893333333332 s
Qualcomm,Snapdragon® X2 Elite,,Qwen3-4B-Instruct-2507,text-generation,ctx 512,q4_0,tokens_per_s,20.247206,tokens/s,GENIEX_LLAMACPP,https://huggingface.co/qualcomm/Qwen3-4B-Instruct-2507,official: Qualcomm AI Hub HF card; device chipset as stated 'Snapdragon® X2 Elite'; context length 512; TTFT range 0.09196233333333334 - 0.36784933333333336 s
Qualcomm,Snapdragon® X2 Elite,,Qwen3-4B-Instruct-2507,text-generation,ctx 4096,q4_0,tokens_per_s,21.111574,tokens/s,GENIEX_LLAMACPP,https://huggingface.co/qualcomm/Qwen3-4B-Instruct-2507,official: Qualcomm AI Hub HF card; device chipset as stated 'Snapdragon® X2 Elite'; context length 4096; TTFT range 0.5152424838709677 - 16.487759483870967 s
Qualcomm,Snapdragon® X2 Elite,,Qwen3-4B-Instruct-2507,text-generation,ctx 4096,q4_0,tokens_per_s,16.904976,tokens/s,GENIEX_LLAMACPP,https://huggingface.co/qualcomm/Qwen3-4B-Instruct-2507,official: Qualcomm AI Hub HF card; device chipset as stated 'Snapdragon® X2 Elite'; context length 4096; TTFT range 0.48492470967741935 - 15.51759070967742 s
Qualcomm,Snapdragon® X2 Elite,,Qwen3-4B-Instruct-2507,text-generation,ctx 4096,q4_0,tokens_per_s,13.051477,tokens/s,GENIEX_LLAMACPP,https://huggingface.co/qualcomm/Qwen3-4B-Instruct-2507,official: Qualcomm AI Hub HF card; device chipset as stated 'Snapdragon® X2 Elite'; context length 4096; TTFT range 0.12212519354838709 - 3.908006193548387 s
Qualcomm,Snapdragon® X Elite,,Qwen3-4B-Instruct-2507,text-generation,ctx 512,q4_0,tokens_per_s,28.265948,tokens/s,GENIEX_LLAMACPP,https://huggingface.co/qualcomm/Qwen3-4B-Instruct-2507,official: Qualcomm AI Hub HF card; device chipset as stated 'Snapdragon® X Elite'; context length 512; TTFT range 0.6946986666666667 - 2.7787946666666667 s
Qualcomm,Snapdragon® X Elite,,Qwen3-4B-Instruct-2507,text-generation,ctx 512,q4_0,tokens_per_s,24.221611,tokens/s,GENIEX_LLAMACPP,https://huggingface.co/qualcomm/Qwen3-4B-Instruct-2507,official: Qualcomm AI Hub HF card; device chipset as stated 'Snapdragon® X Elite'; context length 512; TTFT range 0.5377303333333333 - 2.1509213333333332 s
Qualcomm,Snapdragon® X Elite,,Qwen3-4B-Instruct-2507,text-generation,ctx 512,q4_0,tokens_per_s,12.497374,tokens/s,GENIEX_LLAMACPP,https://huggingface.co/qualcomm/Qwen3-4B-Instruct-2507,official: Qualcomm AI Hub HF card; device chipset as stated 'Snapdragon® X Elite'; context length 512; TTFT range 0.22211166666666668 - 0.8884466666666667 s
Qualcomm,Snapdragon® X Elite,,Qwen3-4B-Instruct-2507,text-generation,ctx 4096,q4_0,tokens_per_s,7.389816,tokens/s,GENIEX_LLAMACPP,https://huggingface.co/qualcomm/Qwen3-4B-Instruct-2507,official: Qualcomm AI Hub HF card; device chipset as stated 'Snapdragon® X Elite'; context length 4096; TTFT range 1.344167612903226 - 43.013363612903234 s
Qualcomm,Snapdragon® X Elite,,Qwen3-4B-Instruct-2507,text-generation,ctx 4096,q4_0,tokens_per_s,13.675057,tokens/s,GENIEX_LLAMACPP,https://huggingface.co/qualcomm/Qwen3-4B-Instruct-2507,official: Qualcomm AI Hub HF card; device chipset as stated 'Snapdragon® X Elite'; context length 4096; TTFT range 1.2736976451612902 - 40.75832464516129 s
Qualcomm,Snapdragon® X Elite,,Qwen3-4B-Instruct-2507,text-generation,ctx 4096,q4_0,tokens_per_s,7.03239,tokens/s,GENIEX_LLAMACPP,https://huggingface.co/qualcomm/Qwen3-4B-Instruct-2507,official: Qualcomm AI Hub HF card; device chipset as stated 'Snapdragon® X Elite'; context length 4096; TTFT range 0.3106614193548387 - 9.941165419354839 s
Qualcomm,Qualcomm® Dragonwing™ IQ-8275,,Qwen3-4B-Instruct-2507,text-generation,ctx 512,q4_0,tokens_per_s,3.893702,tokens/s,GENIEX_LLAMACPP,https://huggingface.co/qualcomm/Qwen3-4B-Instruct-2507,official: Qualcomm AI Hub HF card; device chipset as stated 'Qualcomm® Dragonwing™ IQ-8275'; context length 512; TTFT range 15.624039 - 62.496156 s
Qualcomm,Qualcomm® Dragonwing™ IQ-8275,,Qwen3-4B-Instruct-2507,text-generation,ctx 512,q4_0,tokens_per_s,2.531282,tokens/s,GENIEX_LLAMACPP,https://huggingface.co/qualcomm/Qwen3-4B-Instruct-2507,official: Qualcomm AI Hub HF card; device chipset as stated 'Qualcomm® Dragonwing™ IQ-8275'; context length 512; TTFT range 22.960773 - 91.843092 s
Qualcomm,Qualcomm® Dragonwing™ IQ-8275,,Qwen3-4B-Instruct-2507,text-generation,ctx 512,q4_0,tokens_per_s,9.150978,tokens/s,GENIEX_LLAMACPP,https://huggingface.co/qualcomm/Qwen3-4B-Instruct-2507,official: Qualcomm AI Hub HF card; device chipset as stated 'Qualcomm® Dragonwing™ IQ-8275'; context length 512; TTFT range 1.254424 - 5.017696 s
Qualcomm,Qualcomm® Dragonwing™ IQ-8275,,Qwen3-4B-Instruct-2507,text-generation,ctx 4096,q4_0,tokens_per_s,1.183452,tokens/s,GENIEX_LLAMACPP,https://huggingface.co/qualcomm/Qwen3-4B-Instruct-2507,official: Qualcomm AI Hub HF card; device chipset as stated 'Qualcomm® Dragonwing™ IQ-8275'; context length 4096; TTFT range 182.75677299999998 - 5848.216735999999 s
Qualcomm,Qualcomm® Dragonwing™ IQ-8275,,Qwen3-4B-Instruct-2507,text-generation,ctx 4096,q4_0,tokens_per_s,1.931728,tokens/s,GENIEX_LLAMACPP,https://huggingface.co/qualcomm/Qwen3-4B-Instruct-2507,official: Qualcomm AI Hub HF card; device chipset as stated 'Qualcomm® Dragonwing™ IQ-8275'; context length 4096; TTFT range 283.875829 - 9084.026528 s
Qualcomm,Qualcomm® Dragonwing™ IQ-8275,,Qwen3-4B-Instruct-2507,text-generation,ctx 4096,q4_0,tokens_per_s,4.943807,tokens/s,GENIEX_LLAMACPP,https://huggingface.co/qualcomm/Qwen3-4B-Instruct-2507,official: Qualcomm AI Hub HF card; device chipset as stated 'Qualcomm® Dragonwing™ IQ-8275'; context length 4096; TTFT range 12.994411 - 415.821152 s
Qualcomm,Qualcomm® Dragonwing™ IQ-9075,,Qwen3-4B-Instruct-2507,text-generation,ctx 512,q4_0,tokens_per_s,16.567456,tokens/s,GENIEX_LLAMACPP,https://huggingface.co/qualcomm/Qwen3-4B-Instruct-2507,official: Qualcomm AI Hub HF card; device chipset as stated 'Qualcomm® Dragonwing™ IQ-9075'; context length 512; TTFT range 6.919445 - 27.67778 s
Qualcomm,Qualcomm® Dragonwing™ IQ-9075,,Qwen3-4B-Instruct-2507,text-generation,ctx 512,q4_0,tokens_per_s,7.925028,tokens/s,GENIEX_LLAMACPP,https://huggingface.co/qualcomm/Qwen3-4B-Instruct-2507,official: Qualcomm AI Hub HF card; device chipset as stated 'Qualcomm® Dragonwing™ IQ-9075'; context length 512; TTFT range 7.833494 - 31.333976 s
Qualcomm,Qualcomm® Dragonwing™ IQ-9075,,Qwen3-4B-Instruct-2507,text-generation,ctx 512,q4_0,tokens_per_s,11.404724,tokens/s,GENIEX_LLAMACPP,https://huggingface.co/qualcomm/Qwen3-4B-Instruct-2507,official: Qualcomm AI Hub HF card; device chipset as stated 'Qualcomm® Dragonwing™ IQ-9075'; context length 512; TTFT range 1.142653 - 4.570612 s
Qualcomm,Qualcomm® Dragonwing™ IQ-X7181,,Qwen3-4B-Instruct-2507,text-generation,ctx 512,q4_0,tokens_per_s,28.265948,tokens/s,GENIEX_LLAMACPP,https://huggingface.co/qualcomm/Qwen3-4B-Instruct-2507,official: Qualcomm AI Hub HF card; device chipset as stated 'Qualcomm® Dragonwing™ IQ-X7181'; context length 512; TTFT range 0.6946986666666667 - 2.7787946666666667 s
Qualcomm,Qualcomm® Dragonwing™ IQ-X7181,,Qwen3-4B-Instruct-2507,text-generation,ctx 512,q4_0,tokens_per_s,24.221611,tokens/s,GENIEX_LLAMACPP,https://huggingface.co/qualcomm/Qwen3-4B-Instruct-2507,official: Qualcomm AI Hub HF card; device chipset as stated 'Qualcomm® Dragonwing™ IQ-X7181'; context length 512; TTFT range 0.5377303333333333 - 2.1509213333333332 s
Qualcomm,Qualcomm® Dragonwing™ IQ-X7181,,Qwen3-4B-Instruct-2507,text-generation,ctx 512,q4_0,tokens_per_s,12.497374,tokens/s,GENIEX_LLAMACPP,https://huggingface.co/qualcomm/Qwen3-4B-Instruct-2507,official: Qualcomm AI Hub HF card; device chipset as stated 'Qualcomm® Dragonwing™ IQ-X7181'; context length 512; TTFT range 0.22211166666666668 - 0.8884466666666667 s
Qualcomm,Qualcomm® Dragonwing™ Q-8750,,Qwen3-4B-Instruct-2507,text-generation,ctx 512,q4_0,tokens_per_s,21.303923,tokens/s,GENIEX_LLAMACPP,https://huggingface.co/qualcomm/Qwen3-4B-Instruct-2507,official: Qualcomm AI Hub HF card; device chipset as stated 'Qualcomm® Dragonwing™ Q-8750'; context length 512; TTFT range 1.157875 - 4.6315 s
Qualcomm,Qualcomm® Dragonwing™ Q-8750,,Qwen3-4B-Instruct-2507,text-generation,ctx 512,q4_0,tokens_per_s,20.209841,tokens/s,GENIEX_LLAMACPP,https://huggingface.co/qualcomm/Qwen3-4B-Instruct-2507,official: Qualcomm AI Hub HF card; device chipset as stated 'Qualcomm® Dragonwing™ Q-8750'; context length 512; TTFT range 0.5405866666666665 - 2.162346666666666 s
Qualcomm,Qualcomm® Dragonwing™ Q-8750,,Qwen3-4B-Instruct-2507,text-generation,ctx 512,q4_0,tokens_per_s,17.073282,tokens/s,GENIEX_LLAMACPP,https://huggingface.co/qualcomm/Qwen3-4B-Instruct-2507,official: Qualcomm AI Hub HF card; device chipset as stated 'Qualcomm® Dragonwing™ Q-8750'; context length 512; TTFT range 0.12675333333333333 - 0.5070133333333333 s
Qualcomm,Qualcomm® Dragonwing™ IQ-9075,,Qwen3-4B-Instruct-2507,text-generation,ctx 4096,q4_0,tokens_per_s,10.592799,tokens/s,GENIEX_LLAMACPP,https://huggingface.co/qualcomm/Qwen3-4B-Instruct-2507,official: Qualcomm AI Hub HF card; device chipset as stated 'Qualcomm® Dragonwing™ IQ-9075'; context length 4096; TTFT range 87.13177999999999 - 2788.2169599999997 s
Qualcomm,Qualcomm® Dragonwing™ IQ-9075,,Qwen3-4B-Instruct-2507,text-generation,ctx 4096,q4_0,tokens_per_s,5.71345,tokens/s,GENIEX_LLAMACPP,https://huggingface.co/qualcomm/Qwen3-4B-Instruct-2507,official: Qualcomm AI Hub HF card; device chipset as stated 'Qualcomm® Dragonwing™ IQ-9075'; context length 4096; TTFT range 100.728905 - 3223.32496 s
Qualcomm,Qualcomm® Dragonwing™ IQ-9075,,Qwen3-4B-Instruct-2507,text-generation,ctx 4096,q4_0,tokens_per_s,5.810914,tokens/s,GENIEX_LLAMACPP,https://huggingface.co/qualcomm/Qwen3-4B-Instruct-2507,official: Qualcomm AI Hub HF card; device chipset as stated 'Qualcomm® Dragonwing™ IQ-9075'; context length 4096; TTFT range 12.2403 - 391.6896 s
Qualcomm,Qualcomm® Dragonwing™ IQ-X7181,,Qwen3-4B-Instruct-2507,text-generation,ctx 4096,q4_0,tokens_per_s,7.389816,tokens/s,GENIEX_LLAMACPP,https://huggingface.co/qualcomm/Qwen3-4B-Instruct-2507,official: Qualcomm AI Hub HF card; device chipset as stated 'Qualcomm® Dragonwing™ IQ-X7181'; context length 4096; TTFT range 1.344167612903226 - 43.013363612903234 s
Qualcomm,Qualcomm® Dragonwing™ IQ-X7181,,Qwen3-4B-Instruct-2507,text-generation,ctx 4096,q4_0,tokens_per_s,13.675057,tokens/s,GENIEX_LLAMACPP,https://huggingface.co/qualcomm/Qwen3-4B-Instruct-2507,official: Qualcomm AI Hub HF card; device chipset as stated 'Qualcomm® Dragonwing™ IQ-X7181'; context length 4096; TTFT range 1.2736976451612902 - 40.75832464516129 s
Qualcomm,Qualcomm® Dragonwing™ IQ-X7181,,Qwen3-4B-Instruct-2507,text-generation,ctx 4096,q4_0,tokens_per_s,7.03239,tokens/s,GENIEX_LLAMACPP,https://huggingface.co/qualcomm/Qwen3-4B-Instruct-2507,official: Qualcomm AI Hub HF card; device chipset as stated 'Qualcomm® Dragonwing™ IQ-X7181'; context length 4096; TTFT range 0.3106614193548387 - 9.941165419354839 s
Qualcomm,Qualcomm® Dragonwing™ Q-8750,,Qwen3-4B-Instruct-2507,text-generation,ctx 4096,q4_0,tokens_per_s,4.981844,tokens/s,GENIEX_LLAMACPP,https://huggingface.co/qualcomm/Qwen3-4B-Instruct-2507,official: Qualcomm AI Hub HF card; device chipset as stated 'Qualcomm® Dragonwing™ Q-8750'; context length 4096; TTFT range 3.0638862258064514 - 98.04435922580645 s
Qualcomm,Qualcomm® Dragonwing™ Q-8750,,Qwen3-4B-Instruct-2507,text-generation,ctx 4096,q4_0,tokens_per_s,10.070317,tokens/s,GENIEX_LLAMACPP,https://huggingface.co/qualcomm/Qwen3-4B-Instruct-2507,official: Qualcomm AI Hub HF card; device chipset as stated 'Qualcomm® Dragonwing™ Q-8750'; context length 4096; TTFT range 1.4112917741935482 - 45.16133677419354 s
Qualcomm,Qualcomm® Dragonwing™ Q-8750,,Qwen3-4B-Instruct-2507,text-generation,ctx 4096,q4_0,tokens_per_s,8.015922,tokens/s,GENIEX_LLAMACPP,https://huggingface.co/qualcomm/Qwen3-4B-Instruct-2507,official: Qualcomm AI Hub HF card; device chipset as stated 'Qualcomm® Dragonwing™ Q-8750'; context length 4096; TTFT range 0.2074222580645161 - 6.637512258064516 s
Qualcomm,Snapdragon® 8 Elite Gen 5 For Galaxy Mobile,,Qwen3-4B-Instruct-2507,text-generation,ctx 512,w4a16,tokens_per_s,17.024301,tokens/s,GENIEX_QAIRT,https://huggingface.co/qualcomm/Qwen3-4B-Instruct-2507,official: Qualcomm AI Hub HF card; device chipset as stated 'Snapdragon® 8 Elite Gen 5 For Galaxy Mobile'; context length 512; TTFT range 0.08906033333333332 - 0.3562413333333333 s
Qualcomm,Snapdragon® 8 Elite Gen 5 For Galaxy Mobile,,Qwen3-4B-Instruct-2507,text-generation,ctx 1024,w4a16,tokens_per_s,15.810341,tokens/s,GENIEX_QAIRT,https://huggingface.co/qualcomm/Qwen3-4B-Instruct-2507,official: Qualcomm AI Hub HF card; device chipset as stated 'Snapdragon® 8 Elite Gen 5 For Galaxy Mobile'; context length 1024; TTFT range 0.092818 - 0.742544 s
Qualcomm,Snapdragon® 8 Elite Gen 5 For Galaxy Mobile,,Qwen3-4B-Instruct-2507,text-generation,ctx 2048,w4a16,tokens_per_s,13.337368,tokens/s,GENIEX_QAIRT,https://huggingface.co/qualcomm/Qwen3-4B-Instruct-2507,official: Qualcomm AI Hub HF card; device chipset as stated 'Snapdragon® 8 Elite Gen 5 For Galaxy Mobile'; context length 2048; TTFT range 0.10240906666666666 - 1.6385450666666665 s
Qualcomm,Snapdragon® 8 Elite Gen 5 For Galaxy Mobile,,Qwen3-4B-Instruct-2507,text-generation,ctx 3072,w4a16,tokens_per_s,12.53338,tokens/s,GENIEX_QAIRT,https://huggingface.co/qualcomm/Qwen3-4B-Instruct-2507,official: Qualcomm AI Hub HF card; device chipset as stated 'Snapdragon® 8 Elite Gen 5 For Galaxy Mobile'; context length 3072; TTFT range 0.11044921739130434 - 2.650781217391304 s
Qualcomm,Snapdragon® 8 Elite Gen 5 For Galaxy Mobile,,Qwen3-4B-Instruct-2507,text-generation,ctx 4096,w4a16,tokens_per_s,11.425286,tokens/s,GENIEX_QAIRT,https://huggingface.co/qualcomm/Qwen3-4B-Instruct-2507,official: Qualcomm AI Hub HF card; device chipset as stated 'Snapdragon® 8 Elite Gen 5 For Galaxy Mobile'; context length 4096; TTFT range 0.12383183870967741 - 3.9626188387096772 s
Qualcomm,Snapdragon® 8 Elite For Galaxy Mobile,,Qwen3-4B-Instruct-2507,text-generation,ctx 512,w4a16,tokens_per_s,17.254415,tokens/s,GENIEX_QAIRT,https://huggingface.co/qualcomm/Qwen3-4B-Instruct-2507,official: Qualcomm AI Hub HF card; device chipset as stated 'Snapdragon® 8 Elite For Galaxy Mobile'; context length 512; TTFT range 0.091904 - 0.367616 s
Qualcomm,Snapdragon® 8 Elite For Galaxy Mobile,,Qwen3-4B-Instruct-2507,text-generation,ctx 1024,w4a16,tokens_per_s,15.960709,tokens/s,GENIEX_QAIRT,https://huggingface.co/qualcomm/Qwen3-4B-Instruct-2507,official: Qualcomm AI Hub HF card; device chipset as stated 'Snapdragon® 8 Elite For Galaxy Mobile'; context length 1024; TTFT range 0.10345585714285714 - 0.8276468571428571 s
Qualcomm,Snapdragon® 8 Elite For Galaxy Mobile,,Qwen3-4B-Instruct-2507,text-generation,ctx 2048,w4a16,tokens_per_s,15.015873,tokens/s,GENIEX_QAIRT,https://huggingface.co/qualcomm/Qwen3-4B-Instruct-2507,official: Qualcomm AI Hub HF card; device chipset as stated 'Snapdragon® 8 Elite For Galaxy Mobile'; context length 2048; TTFT range 0.10949759999999999 - 1.7519615999999998 s
Qualcomm,Snapdragon® 8 Elite For Galaxy Mobile,,Qwen3-4B-Instruct-2507,text-generation,ctx 3072,w4a16,tokens_per_s,14.223588,tokens/s,GENIEX_QAIRT,https://huggingface.co/qualcomm/Qwen3-4B-Instruct-2507,official: Qualcomm AI Hub HF card; device chipset as stated 'Snapdragon® 8 Elite For Galaxy Mobile'; context length 3072; TTFT range 0.1146168695652174 - 2.750804869565217 s
Qualcomm,Snapdragon® 8 Elite For Galaxy Mobile,,Qwen3-4B-Instruct-2507,text-generation,ctx 4096,w4a16,tokens_per_s,13.424662,tokens/s,GENIEX_QAIRT,https://huggingface.co/qualcomm/Qwen3-4B-Instruct-2507,official: Qualcomm AI Hub HF card; device chipset as stated 'Snapdragon® 8 Elite For Galaxy Mobile'; context length 4096; TTFT range 0.1365795483870968 - 4.370545548387097 s
Qualcomm,Snapdragon® X2 Elite,,Qwen3-4B-Instruct-2507,text-generation,ctx 4096,w4a16,tokens_per_s,42.6465,tokens/s,GENIEX_QAIRT,https://huggingface.co/qualcomm/Qwen3-4B-Instruct-2507,official: Qualcomm AI Hub HF card; device chipset as stated 'Snapdragon® X2 Elite'; context length 4096; TTFT range 0.045206 - 1.446592 s
Qualcomm,Snapdragon® X Elite,,Qwen3-4B-Instruct-2507,text-generation,ctx 4096,w4a16,tokens_per_s,22.612881,tokens/s,GENIEX_QAIRT,https://huggingface.co/qualcomm/Qwen3-4B-Instruct-2507,official: Qualcomm AI Hub HF card; device chipset as stated 'Snapdragon® X Elite'; context length 4096; TTFT range 0.098676 - 3.157632 s
Qualcomm,Qualcomm® Dragonwing™ IQ-8275,,Qwen3-4B-Instruct-2507,text-generation,ctx 4096,w4a16,tokens_per_s,17.863496,tokens/s,GENIEX_QAIRT,https://huggingface.co/qualcomm/Qwen3-4B-Instruct-2507,official: Qualcomm AI Hub HF card; device chipset as stated 'Qualcomm® Dragonwing™ IQ-8275'; context length 4096; TTFT range 0.09899 - 3.16768 s
Qualcomm,Qualcomm® Dragonwing™ Q-8750,,Qwen3-4B-Instruct-2507,text-generation,ctx 512,w4a16,tokens_per_s,17.254415,tokens/s,GENIEX_QAIRT,https://huggingface.co/qualcomm/Qwen3-4B-Instruct-2507,official: Qualcomm AI Hub HF card; device chipset as stated 'Qualcomm® Dragonwing™ Q-8750'; context length 512; TTFT range 0.091904 - 0.367616 s
Qualcomm,Qualcomm® Dragonwing™ Q-8750,,Qwen3-4B-Instruct-2507,text-generation,ctx 1024,w4a16,tokens_per_s,15.960709,tokens/s,GENIEX_QAIRT,https://huggingface.co/qualcomm/Qwen3-4B-Instruct-2507,official: Qualcomm AI Hub HF card; device chipset as stated 'Qualcomm® Dragonwing™ Q-8750'; context length 1024; TTFT range 0.10345585714285714 - 0.8276468571428571 s
Qualcomm,Qualcomm® Dragonwing™ Q-8750,,Qwen3-4B-Instruct-2507,text-generation,ctx 2048,w4a16,tokens_per_s,15.015873,tokens/s,GENIEX_QAIRT,https://huggingface.co/qualcomm/Qwen3-4B-Instruct-2507,official: Qualcomm AI Hub HF card; device chipset as stated 'Qualcomm® Dragonwing™ Q-8750'; context length 2048; TTFT range 0.10949759999999999 - 1.7519615999999998 s
Qualcomm,Qualcomm® Dragonwing™ Q-8750,,Qwen3-4B-Instruct-2507,text-generation,ctx 3072,w4a16,tokens_per_s,14.223588,tokens/s,GENIEX_QAIRT,https://huggingface.co/qualcomm/Qwen3-4B-Instruct-2507,official: Qualcomm AI Hub HF card; device chipset as stated 'Qualcomm® Dragonwing™ Q-8750'; context length 3072; TTFT range 0.1146168695652174 - 2.750804869565217 s
Qualcomm,Qualcomm® Dragonwing™ IQ-9075,,Qwen3-4B-Instruct-2507,text-generation,ctx 4096,w4a16,tokens_per_s,19.836973,tokens/s,GENIEX_QAIRT,https://huggingface.co/qualcomm/Qwen3-4B-Instruct-2507,official: Qualcomm AI Hub HF card; device chipset as stated 'Qualcomm® Dragonwing™ IQ-9075'; context length 4096; TTFT range 0.09678 - 3.09696 s
Qualcomm,Qualcomm® Dragonwing™ IQ-X7181,,Qwen3-4B-Instruct-2507,text-generation,ctx 4096,w4a16,tokens_per_s,22.612881,tokens/s,GENIEX_QAIRT,https://huggingface.co/qualcomm/Qwen3-4B-Instruct-2507,official: Qualcomm AI Hub HF card; device chipset as stated 'Qualcomm® Dragonwing™ IQ-X7181'; context length 4096; TTFT range 0.098676 - 3.157632 s
Qualcomm,Qualcomm® Dragonwing™ Q-8750,,Qwen3-4B-Instruct-2507,text-generation,ctx 4096,w4a16,tokens_per_s,13.424662,tokens/s,GENIEX_QAIRT,https://huggingface.co/qualcomm/Qwen3-4B-Instruct-2507,official: Qualcomm AI Hub HF card; device chipset as stated 'Qualcomm® Dragonwing™ Q-8750'; context length 4096; TTFT range 0.1365795483870968 - 4.370545548387097 s
Qualcomm,Snapdragon® 8 Elite Gen 5 For Galaxy Mobile,,Qwen3-4B,text-generation,ctx 4096,w4a16,tokens_per_s,28.636064529418945,tokens/s,GENIE,https://huggingface.co/qualcomm/Qwen3-4B,official: Qualcomm AI Hub HF card; device chipset as stated 'Snapdragon® 8 Elite Gen 5 For Galaxy Mobile'; context length 4096; TTFT range 0.053523 - 1.712736 s
Qualcomm,Snapdragon® 8 Elite For Galaxy Mobile,,Qwen3-4B,text-generation,ctx 4096,w4a16,tokens_per_s,26.132177352905273,tokens/s,GENIE,https://huggingface.co/qualcomm/Qwen3-4B,official: Qualcomm AI Hub HF card; device chipset as stated 'Snapdragon® 8 Elite For Galaxy Mobile'; context length 4096; TTFT range 0.065045 - 2.08144 s
Qualcomm,Snapdragon® X2 Elite,,Qwen3-4B,text-generation,ctx 4096,w4a16,tokens_per_s,30.268534088134764,tokens/s,GENIE,https://huggingface.co/qualcomm/Qwen3-4B,official: Qualcomm AI Hub HF card; device chipset as stated 'Snapdragon® X2 Elite'; context length 4096; TTFT range 0.06770319999999999 - 2.1665023999999997 s
Qualcomm,Snapdragon® X Elite,,Qwen3-4B,text-generation,ctx 4096,w4a16,tokens_per_s,6.053488731384277,tokens/s,GENIE,https://huggingface.co/qualcomm/Qwen3-4B,official: Qualcomm AI Hub HF card; device chipset as stated 'Snapdragon® X Elite'; context length 4096; TTFT range 0.114357 - 3.659424 s
Qualcomm,Qualcomm® Dragonwing™ IQ-8275,,Qwen3-4B,text-generation,ctx 4096,w4a16,tokens_per_s,18.016719818115234,tokens/s,GENIE,https://huggingface.co/qualcomm/Qwen3-4B,official: Qualcomm AI Hub HF card; device chipset as stated 'Qualcomm® Dragonwing™ IQ-8275'; context length 4096; TTFT range 0.092997 - 2.975904 s
Qualcomm,Qualcomm® Dragonwing™ IQ-9075,,Qwen3-4B,text-generation,ctx 4096,w4a16,tokens_per_s,17.71731367111206,tokens/s,GENIE,https://huggingface.co/qualcomm/Qwen3-4B,official: Qualcomm AI Hub HF card; device chipset as stated 'Qualcomm® Dragonwing™ IQ-9075'; context length 4096; TTFT range 0.10616810000000002 - 3.3973792000000005 s
Qualcomm,Qualcomm® Dragonwing™ IQ-X7181,,Qwen3-4B,text-generation,ctx 4096,w4a16,tokens_per_s,6.053488731384277,tokens/s,GENIE,https://huggingface.co/qualcomm/Qwen3-4B,official: Qualcomm AI Hub HF card; device chipset as stated 'Qualcomm® Dragonwing™ IQ-X7181'; context length 4096; TTFT range 0.114357 - 3.659424 s
Qualcomm,Qualcomm® Dragonwing™ Q-8750,,Qwen3-4B,text-generation,ctx 4096,w4a16,tokens_per_s,26.132177352905273,tokens/s,GENIE,https://huggingface.co/qualcomm/Qwen3-4B,official: Qualcomm AI Hub HF card; device chipset as stated 'Qualcomm® Dragonwing™ Q-8750'; context length 4096; TTFT range 0.065045 - 2.08144 s
Qualcomm,Snapdragon® 8 Elite Gen 5 For Galaxy Mobile,,Qwen3-4B,text-generation,ctx 512,q4_0,tokens_per_s,19.914303,tokens/s,GENIEX_LLAMACPP,https://huggingface.co/qualcomm/Qwen3-4B,official: Qualcomm AI Hub HF card; device chipset as stated 'Snapdragon® 8 Elite Gen 5 For Galaxy Mobile'; context length 512; TTFT range 1.193799 - 4.775196 s
Qualcomm,Snapdragon® 8 Elite Gen 5 For Galaxy Mobile,,Qwen3-4B,text-generation,ctx 512,q4_0,tokens_per_s,21.016924,tokens/s,GENIEX_LLAMACPP,https://huggingface.co/qualcomm/Qwen3-4B,official: Qualcomm AI Hub HF card; device chipset as stated 'Snapdragon® 8 Elite Gen 5 For Galaxy Mobile'; context length 512; TTFT range 0.522374 - 2.089496 s
Qualcomm,Snapdragon® 8 Elite Gen 5 For Galaxy Mobile,,Qwen3-4B,text-generation,ctx 512,q4_0,tokens_per_s,21.713909,tokens/s,GENIEX_LLAMACPP,https://huggingface.co/qualcomm/Qwen3-4B,official: Qualcomm AI Hub HF card; device chipset as stated 'Snapdragon® 8 Elite Gen 5 For Galaxy Mobile'; context length 512; TTFT range 0.10843433333333333 - 0.4337373333333333 s
Qualcomm,Snapdragon® 8 Elite Gen 5 For Galaxy Mobile,,Qwen3-4B,text-generation,ctx 4096,q4_0,tokens_per_s,5.811532,tokens/s,GENIEX_LLAMACPP,https://huggingface.co/qualcomm/Qwen3-4B,official: Qualcomm AI Hub HF card; device chipset as stated 'Snapdragon® 8 Elite Gen 5 For Galaxy Mobile'; context length 4096; TTFT range 3.1169122258064514 - 99.74119122580645 s
Qualcomm,Snapdragon® 8 Elite Gen 5 For Galaxy Mobile,,Qwen3-4B,text-generation,ctx 4096,q4_0,tokens_per_s,12.544411,tokens/s,GENIEX_LLAMACPP,https://huggingface.co/qualcomm/Qwen3-4B,official: Qualcomm AI Hub HF card; device chipset as stated 'Snapdragon® 8 Elite Gen 5 For Galaxy Mobile'; context length 4096; TTFT range 1.1424136774193547 - 36.55723767741935 s
Qualcomm,Snapdragon® 8 Elite Gen 5 For Galaxy Mobile,,Qwen3-4B,text-generation,ctx 4096,q4_0,tokens_per_s,10.352318,tokens/s,GENIEX_LLAMACPP,https://huggingface.co/qualcomm/Qwen3-4B,official: Qualcomm AI Hub HF card; device chipset as stated 'Snapdragon® 8 Elite Gen 5 For Galaxy Mobile'; context length 4096; TTFT range 0.14071248387096777 - 4.502799483870969 s
Qualcomm,Snapdragon® X2 Elite,,Qwen3-4B,text-generation,ctx 512,q4_0,tokens_per_s,36.788343,tokens/s,GENIEX_LLAMACPP,https://huggingface.co/qualcomm/Qwen3-4B,official: Qualcomm AI Hub HF card; device chipset as stated 'Snapdragon® X2 Elite'; context length 512; TTFT range 0.25942666666666664 - 1.0377066666666666 s
Qualcomm,Snapdragon® X2 Elite,,Qwen3-4B,text-generation,ctx 512,q4_0,tokens_per_s,20.550229,tokens/s,GENIEX_LLAMACPP,https://huggingface.co/qualcomm/Qwen3-4B,official: Qualcomm AI Hub HF card; device chipset as stated 'Snapdragon® X2 Elite'; context length 512; TTFT range 0.2525593333333333 - 1.0102373333333332 s
Qualcomm,Snapdragon® X2 Elite,,Qwen3-4B,text-generation,ctx 512,q4_0,tokens_per_s,19.846666,tokens/s,GENIEX_LLAMACPP,https://huggingface.co/qualcomm/Qwen3-4B,official: Qualcomm AI Hub HF card; device chipset as stated 'Snapdragon® X2 Elite'; context length 512; TTFT range 0.09317566666666666 - 0.3727026666666666 s
Qualcomm,Snapdragon® X2 Elite,,Qwen3-4B,text-generation,ctx 4096,q4_0,tokens_per_s,20.972484,tokens/s,GENIEX_LLAMACPP,https://huggingface.co/qualcomm/Qwen3-4B,official: Qualcomm AI Hub HF card; device chipset as stated 'Snapdragon® X2 Elite'; context length 4096; TTFT range 0.529950064516129 - 16.95840206451613 s
Qualcomm,Snapdragon® X2 Elite,,Qwen3-4B,text-generation,ctx 4096,q4_0,tokens_per_s,16.728114,tokens/s,GENIEX_LLAMACPP,https://huggingface.co/qualcomm/Qwen3-4B,official: Qualcomm AI Hub HF card; device chipset as stated 'Snapdragon® X2 Elite'; context length 4096; TTFT range 0.48251022580645153 - 15.440327225806449 s
Qualcomm,Snapdragon® X2 Elite,,Qwen3-4B,text-generation,ctx 4096,q4_0,tokens_per_s,12.789637,tokens/s,GENIEX_LLAMACPP,https://huggingface.co/qualcomm/Qwen3-4B,official: Qualcomm AI Hub HF card; device chipset as stated 'Snapdragon® X2 Elite'; context length 4096; TTFT range 0.12061154838709677 - 3.8595695483870966 s
Qualcomm,Snapdragon® X Elite,,Qwen3-4B,text-generation,ctx 512,q4_0,tokens_per_s,30.652332,tokens/s,GENIEX_LLAMACPP,https://huggingface.co/qualcomm/Qwen3-4B,official: Qualcomm AI Hub HF card; device chipset as stated 'Snapdragon® X Elite'; context length 512; TTFT range 0.5008503333333333 - 2.003401333333333 s
Qualcomm,Snapdragon® X Elite,,Qwen3-4B,text-generation,ctx 512,q4_0,tokens_per_s,23.405111,tokens/s,GENIEX_LLAMACPP,https://huggingface.co/qualcomm/Qwen3-4B,official: Qualcomm AI Hub HF card; device chipset as stated 'Snapdragon® X Elite'; context length 512; TTFT range 0.5396989999999999 - 2.1587959999999997 s
Qualcomm,Snapdragon® X Elite,,Qwen3-4B,text-generation,ctx 512,q4_0,tokens_per_s,12.791867,tokens/s,GENIEX_LLAMACPP,https://huggingface.co/qualcomm/Qwen3-4B,official: Qualcomm AI Hub HF card; device chipset as stated 'Snapdragon® X Elite'; context length 512; TTFT range 0.222865 - 0.89146 s
Qualcomm,Snapdragon® X Elite,,Qwen3-4B,text-generation,ctx 4096,q4_0,tokens_per_s,10.586283,tokens/s,GENIEX_LLAMACPP,https://huggingface.co/qualcomm/Qwen3-4B,official: Qualcomm AI Hub HF card; device chipset as stated 'Snapdragon® X Elite'; context length 4096; TTFT range 1.2021670000000002 - 38.46934400000001 s
Qualcomm,Snapdragon® X Elite,,Qwen3-4B,text-generation,ctx 4096,q4_0,tokens_per_s,13.749752,tokens/s,GENIEX_LLAMACPP,https://huggingface.co/qualcomm/Qwen3-4B,official: Qualcomm AI Hub HF card; device chipset as stated 'Snapdragon® X Elite'; context length 4096; TTFT range 1.370416064516129 - 43.85331406451613 s
Qualcomm,Snapdragon® X Elite,,Qwen3-4B,text-generation,ctx 4096,q4_0,tokens_per_s,7.063795,tokens/s,GENIEX_LLAMACPP,https://huggingface.co/qualcomm/Qwen3-4B,official: Qualcomm AI Hub HF card; device chipset as stated 'Snapdragon® X Elite'; context length 4096; TTFT range 0.3109857419354839 - 9.951543741935485 s
Qualcomm,Qualcomm® Dragonwing™ IQ-8275,,Qwen3-4B,text-generation,ctx 512,q4_0,tokens_per_s,5.81761,tokens/s,GENIEX_LLAMACPP,https://huggingface.co/qualcomm/Qwen3-4B,official: Qualcomm AI Hub HF card; device chipset as stated 'Qualcomm® Dragonwing™ IQ-8275'; context length 512; TTFT range 3.968277666666667 - 15.873110666666667 s
Qualcomm,Qualcomm® Dragonwing™ IQ-8275,,Qwen3-4B,text-generation,ctx 512,q4_0,tokens_per_s,2.551969,tokens/s,GENIEX_LLAMACPP,https://huggingface.co/qualcomm/Qwen3-4B,official: Qualcomm AI Hub HF card; device chipset as stated 'Qualcomm® Dragonwing™ IQ-8275'; context length 512; TTFT range 5.7568069999999985 - 23.027227999999994 s
Qualcomm,Qualcomm® Dragonwing™ IQ-8275,,Qwen3-4B,text-generation,ctx 512,q4_0,tokens_per_s,2.826793,tokens/s,GENIEX_LLAMACPP,https://huggingface.co/qualcomm/Qwen3-4B,official: Qualcomm AI Hub HF card; device chipset as stated 'Qualcomm® Dragonwing™ IQ-8275'; context length 512; TTFT range 0.4572486666666667 - 1.8289946666666668 s
Qualcomm,Qualcomm® Dragonwing™ IQ-8275,,Qwen3-4B,text-generation,ctx 4096,q4_0,tokens_per_s,1.11109,tokens/s,GENIEX_LLAMACPP,https://huggingface.co/qualcomm/Qwen3-4B,official: Qualcomm AI Hub HF card; device chipset as stated 'Qualcomm® Dragonwing™ IQ-8275'; context length 4096; TTFT range 7.169169806451612 - 229.4134338064516 s
Qualcomm,Qualcomm® Dragonwing™ IQ-8275,,Qwen3-4B,text-generation,ctx 4096,q4_0,tokens_per_s,1.94841,tokens/s,GENIEX_LLAMACPP,https://huggingface.co/qualcomm/Qwen3-4B,official: Qualcomm AI Hub HF card; device chipset as stated 'Qualcomm® Dragonwing™ IQ-8275'; context length 4096; TTFT range 8.773376419354838 - 280.7480454193548 s
Qualcomm,Qualcomm® Dragonwing™ IQ-8275,,Qwen3-4B,text-generation,ctx 4096,q4_0,tokens_per_s,2.259218,tokens/s,GENIEX_LLAMACPP,https://huggingface.co/qualcomm/Qwen3-4B,official: Qualcomm AI Hub HF card; device chipset as stated 'Qualcomm® Dragonwing™ IQ-8275'; context length 4096; TTFT range 0.45057729032258065 - 14.41847329032258 s
Qualcomm,Qualcomm® Dragonwing™ IQ-X7181,,Qwen3-4B,text-generation,ctx 512,q4_0,tokens_per_s,30.652332,tokens/s,GENIEX_LLAMACPP,https://huggingface.co/qualcomm/Qwen3-4B,official: Qualcomm AI Hub HF card; device chipset as stated 'Qualcomm® Dragonwing™ IQ-X7181'; context length 512; TTFT range 0.5008503333333333 - 2.003401333333333 s
Qualcomm,Qualcomm® Dragonwing™ IQ-X7181,,Qwen3-4B,text-generation,ctx 512,q4_0,tokens_per_s,23.405111,tokens/s,GENIEX_LLAMACPP,https://huggingface.co/qualcomm/Qwen3-4B,official: Qualcomm AI Hub HF card; device chipset as stated 'Qualcomm® Dragonwing™ IQ-X7181'; context length 512; TTFT range 0.5396989999999999 - 2.1587959999999997 s
Qualcomm,Qualcomm® Dragonwing™ IQ-X7181,,Qwen3-4B,text-generation,ctx 512,q4_0,tokens_per_s,12.791867,tokens/s,GENIEX_LLAMACPP,https://huggingface.co/qualcomm/Qwen3-4B,official: Qualcomm AI Hub HF card; device chipset as stated 'Qualcomm® Dragonwing™ IQ-X7181'; context length 512; TTFT range 0.222865 - 0.89146 s
Qualcomm,Qualcomm® Dragonwing™ Q-8750,,Qwen3-4B,text-generation,ctx 512,q4_0,tokens_per_s,22.5241,tokens/s,GENIEX_LLAMACPP,https://huggingface.co/qualcomm/Qwen3-4B,official: Qualcomm AI Hub HF card; device chipset as stated 'Qualcomm® Dragonwing™ Q-8750'; context length 512; TTFT range 0.9030943333333332 - 3.612377333333333 s
Qualcomm,Qualcomm® Dragonwing™ Q-8750,,Qwen3-4B,text-generation,ctx 512,q4_0,tokens_per_s,19.213669,tokens/s,GENIEX_LLAMACPP,https://huggingface.co/qualcomm/Qwen3-4B,official: Qualcomm AI Hub HF card; device chipset as stated 'Qualcomm® Dragonwing™ Q-8750'; context length 512; TTFT range 0.5367126666666666 - 2.1468506666666665 s
Qualcomm,Qualcomm® Dragonwing™ Q-8750,,Qwen3-4B,text-generation,ctx 512,q4_0,tokens_per_s,15.193501,tokens/s,GENIEX_LLAMACPP,https://huggingface.co/qualcomm/Qwen3-4B,official: Qualcomm AI Hub HF card; device chipset as stated 'Qualcomm® Dragonwing™ Q-8750'; context length 512; TTFT range 0.128523 - 0.514092 s
Qualcomm,Qualcomm® Dragonwing™ IQ-X7181,,Qwen3-4B,text-generation,ctx 4096,q4_0,tokens_per_s,10.586283,tokens/s,GENIEX_LLAMACPP,https://huggingface.co/qualcomm/Qwen3-4B,official: Qualcomm AI Hub HF card; device chipset as stated 'Qualcomm® Dragonwing™ IQ-X7181'; context length 4096; TTFT range 1.2021670000000002 - 38.46934400000001 s
Qualcomm,Qualcomm® Dragonwing™ IQ-X7181,,Qwen3-4B,text-generation,ctx 4096,q4_0,tokens_per_s,13.749752,tokens/s,GENIEX_LLAMACPP,https://huggingface.co/qualcomm/Qwen3-4B,official: Qualcomm AI Hub HF card; device chipset as stated 'Qualcomm® Dragonwing™ IQ-X7181'; context length 4096; TTFT range 1.370416064516129 - 43.85331406451613 s
Qualcomm,Qualcomm® Dragonwing™ IQ-X7181,,Qwen3-4B,text-generation,ctx 4096,q4_0,tokens_per_s,7.063795,tokens/s,GENIEX_LLAMACPP,https://huggingface.co/qualcomm/Qwen3-4B,official: Qualcomm AI Hub HF card; device chipset as stated 'Qualcomm® Dragonwing™ IQ-X7181'; context length 4096; TTFT range 0.3109857419354839 - 9.951543741935485 s
Qualcomm,Qualcomm® Dragonwing™ Q-8750,,Qwen3-4B,text-generation,ctx 4096,q4_0,tokens_per_s,6.217811,tokens/s,GENIEX_LLAMACPP,https://huggingface.co/qualcomm/Qwen3-4B,official: Qualcomm AI Hub HF card; device chipset as stated 'Qualcomm® Dragonwing™ Q-8750'; context length 4096; TTFT range 2.6577142903225806 - 85.04685729032258 s
Qualcomm,Qualcomm® Dragonwing™ Q-8750,,Qwen3-4B,text-generation,ctx 4096,q4_0,tokens_per_s,7.210687,tokens/s,GENIEX_LLAMACPP,https://huggingface.co/qualcomm/Qwen3-4B,official: Qualcomm AI Hub HF card; device chipset as stated 'Qualcomm® Dragonwing™ Q-8750'; context length 4096; TTFT range 1.896787741935484 - 60.697207741935486 s
Qualcomm,Qualcomm® Dragonwing™ Q-8750,,Qwen3-4B,text-generation,ctx 4096,q4_0,tokens_per_s,8.564574,tokens/s,GENIEX_LLAMACPP,https://huggingface.co/qualcomm/Qwen3-4B,official: Qualcomm AI Hub HF card; device chipset as stated 'Qualcomm® Dragonwing™ Q-8750'; context length 4096; TTFT range 0.1688638064516129 - 5.4036418064516125 s
Qualcomm,Snapdragon® 8 Elite Gen 5 For Galaxy Mobile,,Qwen3-4B,text-generation,ctx 512,w4a16,tokens_per_s,16.396187,tokens/s,GENIEX_QAIRT,https://huggingface.co/qualcomm/Qwen3-4B,official: Qualcomm AI Hub HF card; device chipset as stated 'Snapdragon® 8 Elite Gen 5 For Galaxy Mobile'; context length 512; TTFT range 0.08972066666666666 - 0.3588826666666666 s
Qualcomm,Snapdragon® 8 Elite Gen 5 For Galaxy Mobile,,Qwen3-4B,text-generation,ctx 1024,w4a16,tokens_per_s,15.037297,tokens/s,GENIEX_QAIRT,https://huggingface.co/qualcomm/Qwen3-4B,official: Qualcomm AI Hub HF card; device chipset as stated 'Snapdragon® 8 Elite Gen 5 For Galaxy Mobile'; context length 1024; TTFT range 0.09071157142857142 - 0.7256925714285714 s
Qualcomm,Snapdragon® 8 Elite Gen 5 For Galaxy Mobile,,Qwen3-4B,text-generation,ctx 2048,w4a16,tokens_per_s,13.463479,tokens/s,GENIEX_QAIRT,https://huggingface.co/qualcomm/Qwen3-4B,official: Qualcomm AI Hub HF card; device chipset as stated 'Snapdragon® 8 Elite Gen 5 For Galaxy Mobile'; context length 2048; TTFT range 0.10645066666666667 - 1.7032106666666667 s
Qualcomm,Snapdragon® 8 Elite Gen 5 For Galaxy Mobile,,Qwen3-4B,text-generation,ctx 3072,w4a16,tokens_per_s,12.641352,tokens/s,GENIEX_QAIRT,https://huggingface.co/qualcomm/Qwen3-4B,official: Qualcomm AI Hub HF card; device chipset as stated 'Snapdragon® 8 Elite Gen 5 For Galaxy Mobile'; context length 3072; TTFT range 0.10977982608695652 - 2.6347158260869565 s
Qualcomm,Snapdragon® 8 Elite Gen 5 For Galaxy Mobile,,Qwen3-4B,text-generation,ctx 4096,w4a16,tokens_per_s,11.993071,tokens/s,GENIEX_QAIRT,https://huggingface.co/qualcomm/Qwen3-4B,official: Qualcomm AI Hub HF card; device chipset as stated 'Snapdragon® 8 Elite Gen 5 For Galaxy Mobile'; context length 4096; TTFT range 0.11961625806451612 - 3.8277202580645158 s
Qualcomm,Snapdragon® 8 Elite For Galaxy Mobile,,Qwen3-4B,text-generation,ctx 512,w4a16,tokens_per_s,16.852678,tokens/s,GENIEX_QAIRT,https://huggingface.co/qualcomm/Qwen3-4B,official: Qualcomm AI Hub HF card; device chipset as stated 'Snapdragon® 8 Elite For Galaxy Mobile'; context length 512; TTFT range 0.07539233333333333 - 0.3015693333333333 s
Qualcomm,Snapdragon® 8 Elite For Galaxy Mobile,,Qwen3-4B,text-generation,ctx 1024,w4a16,tokens_per_s,15.82631,tokens/s,GENIEX_QAIRT,https://huggingface.co/qualcomm/Qwen3-4B,official: Qualcomm AI Hub HF card; device chipset as stated 'Snapdragon® 8 Elite For Galaxy Mobile'; context length 1024; TTFT range 0.09846414285714286 - 0.7877131428571429 s
Qualcomm,Snapdragon® 8 Elite For Galaxy Mobile,,Qwen3-4B,text-generation,ctx 2048,w4a16,tokens_per_s,15.079653,tokens/s,GENIEX_QAIRT,https://huggingface.co/qualcomm/Qwen3-4B,official: Qualcomm AI Hub HF card; device chipset as stated 'Snapdragon® 8 Elite For Galaxy Mobile'; context length 2048; TTFT range 0.11029119999999999 - 1.7646591999999999 s
Qualcomm,Snapdragon® 8 Elite For Galaxy Mobile,,Qwen3-4B,text-generation,ctx 3072,w4a16,tokens_per_s,14.489799,tokens/s,GENIEX_QAIRT,https://huggingface.co/qualcomm/Qwen3-4B,official: Qualcomm AI Hub HF card; device chipset as stated 'Snapdragon® 8 Elite For Galaxy Mobile'; context length 3072; TTFT range 0.1150264347826087 - 2.760634434782609 s
Qualcomm,Snapdragon® 8 Elite For Galaxy Mobile,,Qwen3-4B,text-generation,ctx 4096,w4a16,tokens_per_s,13.531329,tokens/s,GENIEX_QAIRT,https://huggingface.co/qualcomm/Qwen3-4B,official: Qualcomm AI Hub HF card; device chipset as stated 'Snapdragon® 8 Elite For Galaxy Mobile'; context length 4096; TTFT range 0.13041561290322579 - 4.173299612903225 s
Qualcomm,Snapdragon® X2 Elite,,Qwen3-4B,text-generation,ctx 512,w4a16,tokens_per_s,36.232202,tokens/s,GENIEX_QAIRT,https://huggingface.co/qualcomm/Qwen3-4B,official: Qualcomm AI Hub HF card; device chipset as stated 'Snapdragon® X2 Elite'; context length 512; TTFT range 0.05549066666666667 - 0.22196266666666667 s
Qualcomm,Snapdragon® X2 Elite,,Qwen3-4B,text-generation,ctx 1024,w4a16,tokens_per_s,35.70287,tokens/s,GENIEX_QAIRT,https://huggingface.co/qualcomm/Qwen3-4B,official: Qualcomm AI Hub HF card; device chipset as stated 'Snapdragon® X2 Elite'; context length 1024; TTFT range 0.065999 - 0.527992 s
Qualcomm,Snapdragon® X2 Elite,,Qwen3-4B,text-generation,ctx 2048,w4a16,tokens_per_s,33.150222,tokens/s,GENIEX_QAIRT,https://huggingface.co/qualcomm/Qwen3-4B,official: Qualcomm AI Hub HF card; device chipset as stated 'Snapdragon® X2 Elite'; context length 2048; TTFT range 0.06719386666666667 - 1.0751018666666667 s
Qualcomm,Snapdragon® X2 Elite,,Qwen3-4B,text-generation,ctx 3072,w4a16,tokens_per_s,30.538941,tokens/s,GENIEX_QAIRT,https://huggingface.co/qualcomm/Qwen3-4B,official: Qualcomm AI Hub HF card; device chipset as stated 'Snapdragon® X2 Elite'; context length 3072; TTFT range 0.07345560869565218 - 1.762934608695652 s
Qualcomm,Snapdragon® X2 Elite,,Qwen3-4B,text-generation,ctx 4096,w4a16,tokens_per_s,26.975355,tokens/s,GENIEX_QAIRT,https://huggingface.co/qualcomm/Qwen3-4B,official: Qualcomm AI Hub HF card; device chipset as stated 'Snapdragon® X2 Elite'; context length 4096; TTFT range 0.08009390322580645 - 2.5630049032258064 s
Qualcomm,Snapdragon® X Elite,,Qwen3-4B,text-generation,ctx 4096,w4a16,tokens_per_s,21.220268,tokens/s,GENIEX_QAIRT,https://huggingface.co/qualcomm/Qwen3-4B,official: Qualcomm AI Hub HF card; device chipset as stated 'Snapdragon® X Elite'; context length 4096; TTFT range 0.09903100000000001 - 3.1689920000000003 s
Qualcomm,Qualcomm® Dragonwing™ IQ-8275,,Qwen3-4B,text-generation,ctx 4096,w4a16,tokens_per_s,16.769441,tokens/s,GENIEX_QAIRT,https://huggingface.co/qualcomm/Qwen3-4B,official: Qualcomm AI Hub HF card; device chipset as stated 'Qualcomm® Dragonwing™ IQ-8275'; context length 4096; TTFT range 0.098417 - 3.149344 s
Qualcomm,Qualcomm® Dragonwing™ IQ-9075,,Qwen3-4B,text-generation,ctx 512,w4a16,tokens_per_s,17.876586,tokens/s,GENIEX_QAIRT,https://huggingface.co/qualcomm/Qwen3-4B,official: Qualcomm AI Hub HF card; device chipset as stated 'Qualcomm® Dragonwing™ IQ-9075'; context length 512; TTFT range 0.09332866666666666 - 0.37331466666666663 s
Qualcomm,Qualcomm® Dragonwing™ Q-8750,,Qwen3-4B,text-generation,ctx 512,w4a16,tokens_per_s,16.852678,tokens/s,GENIEX_QAIRT,https://huggingface.co/qualcomm/Qwen3-4B,official: Qualcomm AI Hub HF card; device chipset as stated 'Qualcomm® Dragonwing™ Q-8750'; context length 512; TTFT range 0.07539233333333333 - 0.3015693333333333 s
Qualcomm,Qualcomm® Dragonwing™ IQ-9075,,Qwen3-4B,text-generation,ctx 1024,w4a16,tokens_per_s,15.701198,tokens/s,GENIEX_QAIRT,https://huggingface.co/qualcomm/Qwen3-4B,official: Qualcomm AI Hub HF card; device chipset as stated 'Qualcomm® Dragonwing™ IQ-9075'; context length 1024; TTFT range 0.10103628571428572 - 0.8082902857142857 s
Qualcomm,Qualcomm® Dragonwing™ Q-8750,,Qwen3-4B,text-generation,ctx 1024,w4a16,tokens_per_s,15.82631,tokens/s,GENIEX_QAIRT,https://huggingface.co/qualcomm/Qwen3-4B,official: Qualcomm AI Hub HF card; device chipset as stated 'Qualcomm® Dragonwing™ Q-8750'; context length 1024; TTFT range 0.09846414285714286 - 0.7877131428571429 s
Qualcomm,Qualcomm® Dragonwing™ IQ-9075,,Qwen3-4B,text-generation,ctx 2048,w4a16,tokens_per_s,14.324252,tokens/s,GENIEX_QAIRT,https://huggingface.co/qualcomm/Qwen3-4B,official: Qualcomm AI Hub HF card; device chipset as stated 'Qualcomm® Dragonwing™ IQ-9075'; context length 2048; TTFT range 0.11698886666666666 - 1.8718218666666666 s
Qualcomm,Qualcomm® Dragonwing™ Q-8750,,Qwen3-4B,text-generation,ctx 2048,w4a16,tokens_per_s,15.079653,tokens/s,GENIEX_QAIRT,https://huggingface.co/qualcomm/Qwen3-4B,official: Qualcomm AI Hub HF card; device chipset as stated 'Qualcomm® Dragonwing™ Q-8750'; context length 2048; TTFT range 0.11029119999999999 - 1.7646591999999999 s
Qualcomm,Qualcomm® Dragonwing™ IQ-9075,,Qwen3-4B,text-generation,ctx 3072,w4a16,tokens_per_s,13.364087,tokens/s,GENIEX_QAIRT,https://huggingface.co/qualcomm/Qwen3-4B,official: Qualcomm AI Hub HF card; device chipset as stated 'Qualcomm® Dragonwing™ IQ-9075'; context length 3072; TTFT range 0.1298216956521739 - 3.1157206956521737 s
Qualcomm,Qualcomm® Dragonwing™ Q-8750,,Qwen3-4B,text-generation,ctx 3072,w4a16,tokens_per_s,14.489799,tokens/s,GENIEX_QAIRT,https://huggingface.co/qualcomm/Qwen3-4B,official: Qualcomm AI Hub HF card; device chipset as stated 'Qualcomm® Dragonwing™ Q-8750'; context length 3072; TTFT range 0.1150264347826087 - 2.760634434782609 s
Qualcomm,Qualcomm® Dragonwing™ IQ-9075,,Qwen3-4B,text-generation,ctx 4096,w4a16,tokens_per_s,12.04256,tokens/s,GENIEX_QAIRT,https://huggingface.co/qualcomm/Qwen3-4B,official: Qualcomm AI Hub HF card; device chipset as stated 'Qualcomm® Dragonwing™ IQ-9075'; context length 4096; TTFT range 0.1435604193548387 - 4.593933419354839 s
Qualcomm,Qualcomm® Dragonwing™ IQ-X7181,,Qwen3-4B,text-generation,ctx 4096,w4a16,tokens_per_s,21.220268,tokens/s,GENIEX_QAIRT,https://huggingface.co/qualcomm/Qwen3-4B,official: Qualcomm AI Hub HF card; device chipset as stated 'Qualcomm® Dragonwing™ IQ-X7181'; context length 4096; TTFT range 0.09903100000000001 - 3.1689920000000003 s
Qualcomm,Qualcomm® Dragonwing™ Q-8750,,Qwen3-4B,text-generation,ctx 4096,w4a16,tokens_per_s,13.531329,tokens/s,GENIEX_QAIRT,https://huggingface.co/qualcomm/Qwen3-4B,official: Qualcomm AI Hub HF card; device chipset as stated 'Qualcomm® Dragonwing™ Q-8750'; context length 4096; TTFT range 0.13041561290322579 - 4.173299612903225 s
Qualcomm,Snapdragon® X Elite,,Qwen3-8B,text-generation,ctx 4096,w4a16,tokens_per_s,4.573853969573975,tokens/s,GENIE,https://huggingface.co/qualcomm/Qwen3-8B,official: Qualcomm AI Hub HF card; device chipset as stated 'Snapdragon® X Elite'; context length 4096; TTFT range 0.173611 - 5.555552 s
Qualcomm,Qualcomm® Dragonwing™ IQ-X7181,,Qwen3-8B,text-generation,ctx 4096,w4a16,tokens_per_s,4.573853969573975,tokens/s,GENIE,https://huggingface.co/qualcomm/Qwen3-8B,official: Qualcomm AI Hub HF card; device chipset as stated 'Qualcomm® Dragonwing™ IQ-X7181'; context length 4096; TTFT range 0.173611 - 5.555552 s
Qualcomm,Snapdragon® X2 Elite,,Qwen3-8B,text-generation,ctx 4096,w4a16,tokens_per_s,25.01986,tokens/s,GENIEX_QAIRT,https://huggingface.co/qualcomm/Qwen3-8B,official: Qualcomm AI Hub HF card; device chipset as stated 'Snapdragon® X2 Elite'; context length 4096; TTFT range 0.067522 - 2.160704 s
Qualcomm,Snapdragon® X Elite,,Qwen3-8B,text-generation,ctx 4096,w4a16,tokens_per_s,13.586086,tokens/s,GENIEX_QAIRT,https://huggingface.co/qualcomm/Qwen3-8B,official: Qualcomm AI Hub HF card; device chipset as stated 'Snapdragon® X Elite'; context length 4096; TTFT range 0.15632300000000002 - 5.002336000000001 s
Qualcomm,Qualcomm® Dragonwing™ IQ-8275,,Qwen3-8B,text-generation,ctx 4096,w4a16,tokens_per_s,10.544527,tokens/s,GENIEX_QAIRT,https://huggingface.co/qualcomm/Qwen3-8B,official: Qualcomm AI Hub HF card; device chipset as stated 'Qualcomm® Dragonwing™ IQ-8275'; context length 4096; TTFT range 0.15372999999999998 - 4.919359999999999 s
Qualcomm,Qualcomm® Dragonwing™ IQ-9075,,Qwen3-8B,text-generation,ctx 4096,w4a16,tokens_per_s,12.214124,tokens/s,GENIEX_QAIRT,https://huggingface.co/qualcomm/Qwen3-8B,official: Qualcomm AI Hub HF card; device chipset as stated 'Qualcomm® Dragonwing™ IQ-9075'; context length 4096; TTFT range 0.143232 - 4.583424 s
Qualcomm,Qualcomm® Dragonwing™ IQ-X7181,,Qwen3-8B,text-generation,ctx 4096,w4a16,tokens_per_s,13.586086,tokens/s,GENIEX_QAIRT,https://huggingface.co/qualcomm/Qwen3-8B,official: Qualcomm AI Hub HF card; device chipset as stated 'Qualcomm® Dragonwing™ IQ-X7181'; context length 4096; TTFT range 0.15632300000000002 - 5.002336000000001 s
Qualcomm,Qualcomm® Dragonwing™ Q-8750,,Qwen3-8B,text-generation,ctx 4096,w4a16,tokens_per_s,17.223512,tokens/s,GENIEX_QAIRT,https://huggingface.co/qualcomm/Qwen3-8B,official: Qualcomm AI Hub HF card; device chipset as stated 'Qualcomm® Dragonwing™ Q-8750'; context length 4096; TTFT range 0.103919 - 3.325408 s
Qualcomm,Snapdragon® 8 Elite Gen 5 For Galaxy Mobile,,Qwen3-VL-2B-Instruct,text-generation,ctx 512,q4_0,tokens_per_s,49.538058,tokens/s,GENIEX_LLAMACPP,https://huggingface.co/qualcomm/Qwen3-VL-2B-Instruct,official: Qualcomm AI Hub HF card; device chipset as stated 'Snapdragon® 8 Elite Gen 5 For Galaxy Mobile'; context length 512; TTFT range 0.31101466666666666 - 1.2440586666666666 s
Qualcomm,Snapdragon® 8 Elite Gen 5 For Galaxy Mobile,,Qwen3-VL-2B-Instruct,text-generation,ctx 512,q4_0,tokens_per_s,43.4386,tokens/s,GENIEX_LLAMACPP,https://huggingface.co/qualcomm/Qwen3-VL-2B-Instruct,official: Qualcomm AI Hub HF card; device chipset as stated 'Snapdragon® 8 Elite Gen 5 For Galaxy Mobile'; context length 512; TTFT range 0.16489033333333333 - 0.6595613333333333 s
Qualcomm,Snapdragon® 8 Elite Gen 5 For Galaxy Mobile,,Qwen3-VL-2B-Instruct,text-generation,ctx 512,q4_0,tokens_per_s,44.113106,tokens/s,GENIEX_LLAMACPP,https://huggingface.co/qualcomm/Qwen3-VL-2B-Instruct,official: Qualcomm AI Hub HF card; device chipset as stated 'Snapdragon® 8 Elite Gen 5 For Galaxy Mobile'; context length 512; TTFT range 0.044076 - 0.176304 s
Qualcomm,Snapdragon® 8 Elite For Galaxy Mobile,,Qwen3-VL-2B-Instruct,text-generation,ctx 512,q4_0,tokens_per_s,47.602047,tokens/s,GENIEX_LLAMACPP,https://huggingface.co/qualcomm/Qwen3-VL-2B-Instruct,official: Qualcomm AI Hub HF card; device chipset as stated 'Snapdragon® 8 Elite For Galaxy Mobile'; context length 512; TTFT range 0.35108 - 1.40432 s
Qualcomm,Snapdragon® 8 Elite For Galaxy Mobile,,Qwen3-VL-2B-Instruct,text-generation,ctx 512,q4_0,tokens_per_s,40.997048,tokens/s,GENIEX_LLAMACPP,https://huggingface.co/qualcomm/Qwen3-VL-2B-Instruct,official: Qualcomm AI Hub HF card; device chipset as stated 'Snapdragon® 8 Elite For Galaxy Mobile'; context length 512; TTFT range 0.1773563333333333 - 0.7094253333333332 s
Qualcomm,Snapdragon® 8 Elite For Galaxy Mobile,,Qwen3-VL-2B-Instruct,text-generation,ctx 512,q4_0,tokens_per_s,36.107601,tokens/s,GENIEX_LLAMACPP,https://huggingface.co/qualcomm/Qwen3-VL-2B-Instruct,official: Qualcomm AI Hub HF card; device chipset as stated 'Snapdragon® 8 Elite For Galaxy Mobile'; context length 512; TTFT range 0.054697666666666665 - 0.21879066666666666 s
Qualcomm,Snapdragon® X2 Elite,,Qwen3-VL-2B-Instruct,text-generation,ctx 512,q4_0,tokens_per_s,73.632407,tokens/s,GENIEX_LLAMACPP,https://huggingface.co/qualcomm/Qwen3-VL-2B-Instruct,official: Qualcomm AI Hub HF card; device chipset as stated 'Snapdragon® X2 Elite'; context length 512; TTFT range 0.11290966666666666 - 0.45163866666666663 s
Qualcomm,Snapdragon® X2 Elite,,Qwen3-VL-2B-Instruct,text-generation,ctx 512,q4_0,tokens_per_s,52.657128,tokens/s,GENIEX_LLAMACPP,https://huggingface.co/qualcomm/Qwen3-VL-2B-Instruct,official: Qualcomm AI Hub HF card; device chipset as stated 'Snapdragon® X2 Elite'; context length 512; TTFT range 0.10665099999999998 - 0.4266039999999999 s
Qualcomm,Snapdragon® X2 Elite,,Qwen3-VL-2B-Instruct,text-generation,ctx 512,q4_0,tokens_per_s,29.984648,tokens/s,GENIEX_LLAMACPP,https://huggingface.co/qualcomm/Qwen3-VL-2B-Instruct,official: Qualcomm AI Hub HF card; device chipset as stated 'Snapdragon® X2 Elite'; context length 512; TTFT range 0.04529333333333333 - 0.18117333333333333 s
Qualcomm,Snapdragon® X2 Elite,,Qwen3-VL-2B-Instruct,text-generation,ctx 4096,q4_0,tokens_per_s,42.297606,tokens/s,GENIEX_LLAMACPP,https://huggingface.co/qualcomm/Qwen3-VL-2B-Instruct,official: Qualcomm AI Hub HF card; device chipset as stated 'Snapdragon® X2 Elite'; context length 4096; TTFT range 0.2151152258064516 - 6.883687225806451 s
Qualcomm,Snapdragon® X2 Elite,,Qwen3-VL-2B-Instruct,text-generation,ctx 4096,q4_0,tokens_per_s,28.750149,tokens/s,GENIEX_LLAMACPP,https://huggingface.co/qualcomm/Qwen3-VL-2B-Instruct,official: Qualcomm AI Hub HF card; device chipset as stated 'Snapdragon® X2 Elite'; context length 4096; TTFT range 0.1897586129032258 - 6.072275612903225 s
Qualcomm,Snapdragon® X2 Elite,,Qwen3-VL-2B-Instruct,text-generation,ctx 4096,q4_0,tokens_per_s,25.648918,tokens/s,GENIEX_LLAMACPP,https://huggingface.co/qualcomm/Qwen3-VL-2B-Instruct,official: Qualcomm AI Hub HF card; device chipset as stated 'Snapdragon® X2 Elite'; context length 4096; TTFT range 0.05802012903225806 - 1.856644129032258 s
Qualcomm,Snapdragon® X Elite,,Qwen3-VL-2B-Instruct,text-generation,ctx 512,q4_0,tokens_per_s,63.589277,tokens/s,GENIEX_LLAMACPP,https://huggingface.co/qualcomm/Qwen3-VL-2B-Instruct,official: Qualcomm AI Hub HF card; device chipset as stated 'Snapdragon® X Elite'; context length 512; TTFT range 0.1885053333333333 - 0.7540213333333332 s
Qualcomm,Snapdragon® X Elite,,Qwen3-VL-2B-Instruct,text-generation,ctx 512,q4_0,tokens_per_s,36.029544,tokens/s,GENIEX_LLAMACPP,https://huggingface.co/qualcomm/Qwen3-VL-2B-Instruct,official: Qualcomm AI Hub HF card; device chipset as stated 'Snapdragon® X Elite'; context length 512; TTFT range 0.22063799999999997 - 0.8825519999999999 s
Qualcomm,Snapdragon® X Elite,,Qwen3-VL-2B-Instruct,text-generation,ctx 512,q4_0,tokens_per_s,28.238105,tokens/s,GENIEX_LLAMACPP,https://huggingface.co/qualcomm/Qwen3-VL-2B-Instruct,official: Qualcomm AI Hub HF card; device chipset as stated 'Snapdragon® X Elite'; context length 512; TTFT range 0.10928299999999999 - 0.43713199999999997 s
Qualcomm,Snapdragon® X Elite,,Qwen3-VL-2B-Instruct,text-generation,ctx 4096,q4_0,tokens_per_s,26.690724,tokens/s,GENIEX_LLAMACPP,https://huggingface.co/qualcomm/Qwen3-VL-2B-Instruct,official: Qualcomm AI Hub HF card; device chipset as stated 'Snapdragon® X Elite'; context length 4096; TTFT range 0.47376622580645167 - 15.160519225806453 s
Qualcomm,Snapdragon® X Elite,,Qwen3-VL-2B-Instruct,text-generation,ctx 4096,q4_0,tokens_per_s,22.024838,tokens/s,GENIEX_LLAMACPP,https://huggingface.co/qualcomm/Qwen3-VL-2B-Instruct,official: Qualcomm AI Hub HF card; device chipset as stated 'Snapdragon® X Elite'; context length 4096; TTFT range 0.5509146451612903 - 17.62926864516129 s
Qualcomm,Snapdragon® X Elite,,Qwen3-VL-2B-Instruct,text-generation,ctx 4096,q4_0,tokens_per_s,14.24948,tokens/s,GENIEX_LLAMACPP,https://huggingface.co/qualcomm/Qwen3-VL-2B-Instruct,official: Qualcomm AI Hub HF card; device chipset as stated 'Snapdragon® X Elite'; context length 4096; TTFT range 0.14116606451612904 - 4.517314064516129 s
Qualcomm,Qualcomm® Dragonwing™ IQ-8275,,Qwen3-VL-2B-Instruct,text-generation,ctx 512,q4_0,tokens_per_s,12.150964,tokens/s,GENIEX_LLAMACPP,https://huggingface.co/qualcomm/Qwen3-VL-2B-Instruct,official: Qualcomm AI Hub HF card; device chipset as stated 'Qualcomm® Dragonwing™ IQ-8275'; context length 512; TTFT range 1.6209543333333334 - 6.4838173333333335 s
Qualcomm,Qualcomm® Dragonwing™ IQ-8275,,Qwen3-VL-2B-Instruct,text-generation,ctx 512,q4_0,tokens_per_s,6.134442,tokens/s,GENIEX_LLAMACPP,https://huggingface.co/qualcomm/Qwen3-VL-2B-Instruct,official: Qualcomm AI Hub HF card; device chipset as stated 'Qualcomm® Dragonwing™ IQ-8275'; context length 512; TTFT range 2.324654333333333 - 9.298617333333333 s
Qualcomm,Qualcomm® Dragonwing™ IQ-8275,,Qwen3-VL-2B-Instruct,text-generation,ctx 512,q4_0,tokens_per_s,27.451411,tokens/s,GENIEX_LLAMACPP,https://huggingface.co/qualcomm/Qwen3-VL-2B-Instruct,official: Qualcomm AI Hub HF card; device chipset as stated 'Qualcomm® Dragonwing™ IQ-8275'; context length 512; TTFT range 0.13920466666666664 - 0.5568186666666666 s
Qualcomm,Qualcomm® Dragonwing™ IQ-9075,,Qwen3-VL-2B-Instruct,text-generation,ctx 512,q4_0,tokens_per_s,1.882364,tokens/s,GENIEX_LLAMACPP,https://huggingface.co/qualcomm/Qwen3-VL-2B-Instruct,official: Qualcomm AI Hub HF card; device chipset as stated 'Qualcomm® Dragonwing™ IQ-9075'; context length 512; TTFT range 1.1826937499999999 - 4.7307749999999995 s
Qualcomm,Qualcomm® Dragonwing™ IQ-9075,,Qwen3-VL-2B-Instruct,text-generation,ctx 512,q4_0,tokens_per_s,1.878065,tokens/s,GENIEX_LLAMACPP,https://huggingface.co/qualcomm/Qwen3-VL-2B-Instruct,official: Qualcomm AI Hub HF card; device chipset as stated 'Qualcomm® Dragonwing™ IQ-9075'; context length 512; TTFT range 1.18503875 - 4.740155 s
Qualcomm,Qualcomm® Dragonwing™ IQ-9075,,Qwen3-VL-2B-Instruct,text-generation,ctx 512,q4_0,tokens_per_s,19.881743,tokens/s,GENIEX_LLAMACPP,https://huggingface.co/qualcomm/Qwen3-VL-2B-Instruct,official: Qualcomm AI Hub HF card; device chipset as stated 'Qualcomm® Dragonwing™ IQ-9075'; context length 512; TTFT range 0.18957975 - 0.758319 s
Qualcomm,Qualcomm® Dragonwing™ IQ-X7181,,Qwen3-VL-2B-Instruct,text-generation,ctx 512,q4_0,tokens_per_s,63.589277,tokens/s,GENIEX_LLAMACPP,https://huggingface.co/qualcomm/Qwen3-VL-2B-Instruct,official: Qualcomm AI Hub HF card; device chipset as stated 'Qualcomm® Dragonwing™ IQ-X7181'; context length 512; TTFT range 0.1885053333333333 - 0.7540213333333332 s
Qualcomm,Qualcomm® Dragonwing™ IQ-X7181,,Qwen3-VL-2B-Instruct,text-generation,ctx 512,q4_0,tokens_per_s,36.029544,tokens/s,GENIEX_LLAMACPP,https://huggingface.co/qualcomm/Qwen3-VL-2B-Instruct,official: Qualcomm AI Hub HF card; device chipset as stated 'Qualcomm® Dragonwing™ IQ-X7181'; context length 512; TTFT range 0.22063799999999997 - 0.8825519999999999 s
Qualcomm,Qualcomm® Dragonwing™ IQ-X7181,,Qwen3-VL-2B-Instruct,text-generation,ctx 512,q4_0,tokens_per_s,28.238105,tokens/s,GENIEX_LLAMACPP,https://huggingface.co/qualcomm/Qwen3-VL-2B-Instruct,official: Qualcomm AI Hub HF card; device chipset as stated 'Qualcomm® Dragonwing™ IQ-X7181'; context length 512; TTFT range 0.10928299999999999 - 0.43713199999999997 s
Qualcomm,Qualcomm® Dragonwing™ Q-8750,,Qwen3-VL-2B-Instruct,text-generation,ctx 512,q4_0,tokens_per_s,47.602047,tokens/s,GENIEX_LLAMACPP,https://huggingface.co/qualcomm/Qwen3-VL-2B-Instruct,official: Qualcomm AI Hub HF card; device chipset as stated 'Qualcomm® Dragonwing™ Q-8750'; context length 512; TTFT range 0.35108 - 1.40432 s
Qualcomm,Qualcomm® Dragonwing™ Q-8750,,Qwen3-VL-2B-Instruct,text-generation,ctx 512,q4_0,tokens_per_s,40.997048,tokens/s,GENIEX_LLAMACPP,https://huggingface.co/qualcomm/Qwen3-VL-2B-Instruct,official: Qualcomm AI Hub HF card; device chipset as stated 'Qualcomm® Dragonwing™ Q-8750'; context length 512; TTFT range 0.1773563333333333 - 0.7094253333333332 s
Qualcomm,Qualcomm® Dragonwing™ Q-8750,,Qwen3-VL-2B-Instruct,text-generation,ctx 512,q4_0,tokens_per_s,36.107601,tokens/s,GENIEX_LLAMACPP,https://huggingface.co/qualcomm/Qwen3-VL-2B-Instruct,official: Qualcomm AI Hub HF card; device chipset as stated 'Qualcomm® Dragonwing™ Q-8750'; context length 512; TTFT range 0.054697666666666665 - 0.21879066666666666 s
Qualcomm,Qualcomm® Dragonwing™ IQ-X7181,,Qwen3-VL-2B-Instruct,text-generation,ctx 4096,q4_0,tokens_per_s,26.690724,tokens/s,GENIEX_LLAMACPP,https://huggingface.co/qualcomm/Qwen3-VL-2B-Instruct,official: Qualcomm AI Hub HF card; device chipset as stated 'Qualcomm® Dragonwing™ IQ-X7181'; context length 4096; TTFT range 0.47376622580645167 - 15.160519225806453 s
Qualcomm,Qualcomm® Dragonwing™ IQ-X7181,,Qwen3-VL-2B-Instruct,text-generation,ctx 4096,q4_0,tokens_per_s,22.024838,tokens/s,GENIEX_LLAMACPP,https://huggingface.co/qualcomm/Qwen3-VL-2B-Instruct,official: Qualcomm AI Hub HF card; device chipset as stated 'Qualcomm® Dragonwing™ IQ-X7181'; context length 4096; TTFT range 0.5509146451612903 - 17.62926864516129 s
Qualcomm,Qualcomm® Dragonwing™ IQ-X7181,,Qwen3-VL-2B-Instruct,text-generation,ctx 4096,q4_0,tokens_per_s,14.24948,tokens/s,GENIEX_LLAMACPP,https://huggingface.co/qualcomm/Qwen3-VL-2B-Instruct,official: Qualcomm AI Hub HF card; device chipset as stated 'Qualcomm® Dragonwing™ IQ-X7181'; context length 4096; TTFT range 0.14116606451612904 - 4.517314064516129 s
Qualcomm,Snapdragon® 8 Elite Gen 5 For Galaxy Mobile,,Qwen3-VL-4B-Instruct,text-generation,ctx 512,q4_0,tokens_per_s,21.060619,tokens/s,GENIEX_LLAMACPP,https://huggingface.co/qualcomm/Qwen3-VL-4B-Instruct,official: Qualcomm AI Hub HF card; device chipset as stated 'Snapdragon® 8 Elite Gen 5 For Galaxy Mobile'; context length 512; TTFT range 0.9764346666666667 - 3.9057386666666667 s
Qualcomm,Snapdragon® 8 Elite Gen 5 For Galaxy Mobile,,Qwen3-VL-4B-Instruct,text-generation,ctx 512,q4_0,tokens_per_s,20.998302,tokens/s,GENIEX_LLAMACPP,https://huggingface.co/qualcomm/Qwen3-VL-4B-Instruct,official: Qualcomm AI Hub HF card; device chipset as stated 'Snapdragon® 8 Elite Gen 5 For Galaxy Mobile'; context length 512; TTFT range 0.5379623333333333 - 2.1518493333333333 s
Qualcomm,Snapdragon® 8 Elite Gen 5 For Galaxy Mobile,,Qwen3-VL-4B-Instruct,text-generation,ctx 512,q4_0,tokens_per_s,19.885145,tokens/s,GENIEX_LLAMACPP,https://huggingface.co/qualcomm/Qwen3-VL-4B-Instruct,official: Qualcomm AI Hub HF card; device chipset as stated 'Snapdragon® 8 Elite Gen 5 For Galaxy Mobile'; context length 512; TTFT range 0.11516533333333333 - 0.4606613333333333 s
Qualcomm,Snapdragon® 8 Elite Gen 5 For Galaxy Mobile,,Qwen3-VL-4B-Instruct,text-generation,ctx 4096,q4_0,tokens_per_s,5.96164,tokens/s,GENIEX_LLAMACPP,https://huggingface.co/qualcomm/Qwen3-VL-4B-Instruct,official: Qualcomm AI Hub HF card; device chipset as stated 'Snapdragon® 8 Elite Gen 5 For Galaxy Mobile'; context length 4096; TTFT range 2.9840616774193545 - 95.48997367741934 s
Qualcomm,Snapdragon® 8 Elite Gen 5 For Galaxy Mobile,,Qwen3-VL-4B-Instruct,text-generation,ctx 4096,q4_0,tokens_per_s,13.994156,tokens/s,GENIEX_LLAMACPP,https://huggingface.co/qualcomm/Qwen3-VL-4B-Instruct,official: Qualcomm AI Hub HF card; device chipset as stated 'Snapdragon® 8 Elite Gen 5 For Galaxy Mobile'; context length 4096; TTFT range 1.0128197741935483 - 32.410232774193545 s
Qualcomm,Snapdragon® 8 Elite Gen 5 For Galaxy Mobile,,Qwen3-VL-4B-Instruct,text-generation,ctx 4096,q4_0,tokens_per_s,10.74046,tokens/s,GENIEX_LLAMACPP,https://huggingface.co/qualcomm/Qwen3-VL-4B-Instruct,official: Qualcomm AI Hub HF card; device chipset as stated 'Snapdragon® 8 Elite Gen 5 For Galaxy Mobile'; context length 4096; TTFT range 0.14600483870967743 - 4.672154838709678 s
Qualcomm,Snapdragon® 8 Elite For Galaxy Mobile,,Qwen3-VL-4B-Instruct,text-generation,ctx 512,q4_0,tokens_per_s,21.01329,tokens/s,GENIEX_LLAMACPP,https://huggingface.co/qualcomm/Qwen3-VL-4B-Instruct,official: Qualcomm AI Hub HF card; device chipset as stated 'Snapdragon® 8 Elite For Galaxy Mobile'; context length 512; TTFT range 1.1112463333333333 - 4.444985333333333 s
Qualcomm,Snapdragon® 8 Elite For Galaxy Mobile,,Qwen3-VL-4B-Instruct,text-generation,ctx 512,q4_0,tokens_per_s,19.826625,tokens/s,GENIEX_LLAMACPP,https://huggingface.co/qualcomm/Qwen3-VL-4B-Instruct,official: Qualcomm AI Hub HF card; device chipset as stated 'Snapdragon® 8 Elite For Galaxy Mobile'; context length 512; TTFT range 0.5111666666666667 - 2.0446666666666666 s
Qualcomm,Snapdragon® 8 Elite For Galaxy Mobile,,Qwen3-VL-4B-Instruct,text-generation,ctx 512,q4_0,tokens_per_s,17.180041,tokens/s,GENIEX_LLAMACPP,https://huggingface.co/qualcomm/Qwen3-VL-4B-Instruct,official: Qualcomm AI Hub HF card; device chipset as stated 'Snapdragon® 8 Elite For Galaxy Mobile'; context length 512; TTFT range 0.12326733333333334 - 0.49306933333333336 s
Qualcomm,Snapdragon® 8 Elite For Galaxy Mobile,,Qwen3-VL-4B-Instruct,text-generation,ctx 4096,q4_0,tokens_per_s,5.061711,tokens/s,GENIEX_LLAMACPP,https://huggingface.co/qualcomm/Qwen3-VL-4B-Instruct,official: Qualcomm AI Hub HF card; device chipset as stated 'Snapdragon® 8 Elite For Galaxy Mobile'; context length 4096; TTFT range 2.960835548387097 - 94.7467375483871 s
Qualcomm,Snapdragon® 8 Elite For Galaxy Mobile,,Qwen3-VL-4B-Instruct,text-generation,ctx 4096,q4_0,tokens_per_s,12.541984,tokens/s,GENIEX_LLAMACPP,https://huggingface.co/qualcomm/Qwen3-VL-4B-Instruct,official: Qualcomm AI Hub HF card; device chipset as stated 'Snapdragon® 8 Elite For Galaxy Mobile'; context length 4096; TTFT range 1.1360922258064516 - 36.35495122580645 s
Qualcomm,Snapdragon® 8 Elite For Galaxy Mobile,,Qwen3-VL-4B-Instruct,text-generation,ctx 4096,q4_0,tokens_per_s,7.934172,tokens/s,GENIEX_LLAMACPP,https://huggingface.co/qualcomm/Qwen3-VL-4B-Instruct,official: Qualcomm AI Hub HF card; device chipset as stated 'Snapdragon® 8 Elite For Galaxy Mobile'; context length 4096; TTFT range 0.19025909677419356 - 6.088291096774194 s
Qualcomm,Snapdragon® X2 Elite,,Qwen3-VL-4B-Instruct,text-generation,ctx 512,q4_0,tokens_per_s,31.89261,tokens/s,GENIEX_LLAMACPP,https://huggingface.co/qualcomm/Qwen3-VL-4B-Instruct,official: Qualcomm AI Hub HF card; device chipset as stated 'Snapdragon® X2 Elite'; context length 512; TTFT range 1.117335 - 4.46934 s
Qualcomm,Snapdragon® X2 Elite,,Qwen3-VL-4B-Instruct,text-generation,ctx 512,q4_0,tokens_per_s,27.412715,tokens/s,GENIEX_LLAMACPP,https://huggingface.co/qualcomm/Qwen3-VL-4B-Instruct,official: Qualcomm AI Hub HF card; device chipset as stated 'Snapdragon® X2 Elite'; context length 512; TTFT range 0.976281 - 3.905124 s
Qualcomm,Snapdragon® X2 Elite,,Qwen3-VL-4B-Instruct,text-generation,ctx 512,q4_0,tokens_per_s,25.896353,tokens/s,GENIEX_LLAMACPP,https://huggingface.co/qualcomm/Qwen3-VL-4B-Instruct,official: Qualcomm AI Hub HF card; device chipset as stated 'Snapdragon® X2 Elite'; context length 512; TTFT range 0.399075 - 1.5963 s
Qualcomm,Snapdragon® X2 Elite,,Qwen3-VL-4B-Instruct,text-generation,ctx 4096,q4_0,tokens_per_s,18.488688,tokens/s,GENIEX_LLAMACPP,https://huggingface.co/qualcomm/Qwen3-VL-4B-Instruct,official: Qualcomm AI Hub HF card; device chipset as stated 'Snapdragon® X2 Elite'; context length 4096; TTFT range 18.655281 - 596.968992 s
Qualcomm,Snapdragon® X2 Elite,,Qwen3-VL-4B-Instruct,text-generation,ctx 4096,q4_0,tokens_per_s,22.088114,tokens/s,GENIEX_LLAMACPP,https://huggingface.co/qualcomm/Qwen3-VL-4B-Instruct,official: Qualcomm AI Hub HF card; device chipset as stated 'Snapdragon® X2 Elite'; context length 4096; TTFT range 15.776444999999999 - 504.84623999999997 s
Qualcomm,Snapdragon® X2 Elite,,Qwen3-VL-4B-Instruct,text-generation,ctx 4096,q4_0,tokens_per_s,14.693486,tokens/s,GENIEX_LLAMACPP,https://huggingface.co/qualcomm/Qwen3-VL-4B-Instruct,official: Qualcomm AI Hub HF card; device chipset as stated 'Snapdragon® X2 Elite'; context length 4096; TTFT range 4.205133 - 134.564256 s
Qualcomm,Snapdragon® X Elite,,Qwen3-VL-4B-Instruct,text-generation,ctx 512,q4_0,tokens_per_s,21.596461,tokens/s,GENIEX_LLAMACPP,https://huggingface.co/qualcomm/Qwen3-VL-4B-Instruct,official: Qualcomm AI Hub HF card; device chipset as stated 'Snapdragon® X Elite'; context length 512; TTFT range 2.323608 - 9.294432 s
Qualcomm,Snapdragon® X Elite,,Qwen3-VL-4B-Instruct,text-generation,ctx 512,q4_0,tokens_per_s,20.326375,tokens/s,GENIEX_LLAMACPP,https://huggingface.co/qualcomm/Qwen3-VL-4B-Instruct,official: Qualcomm AI Hub HF card; device chipset as stated 'Snapdragon® X Elite'; context length 512; TTFT range 2.2151439999999996 - 8.860575999999998 s
Qualcomm,Snapdragon® X Elite,,Qwen3-VL-4B-Instruct,text-generation,ctx 512,q4_0,tokens_per_s,12.642968,tokens/s,GENIEX_LLAMACPP,https://huggingface.co/qualcomm/Qwen3-VL-4B-Instruct,official: Qualcomm AI Hub HF card; device chipset as stated 'Snapdragon® X Elite'; context length 512; TTFT range 1.004591 - 4.018364 s
Qualcomm,Snapdragon® X Elite,,Qwen3-VL-4B-Instruct,text-generation,ctx 4096,q4_0,tokens_per_s,5.788148,tokens/s,GENIEX_LLAMACPP,https://huggingface.co/qualcomm/Qwen3-VL-4B-Instruct,official: Qualcomm AI Hub HF card; device chipset as stated 'Snapdragon® X Elite'; context length 4096; TTFT range 49.641781 - 1588.536992 s
Qualcomm,Snapdragon® X Elite,,Qwen3-VL-4B-Instruct,text-generation,ctx 4096,q4_0,tokens_per_s,11.385522,tokens/s,GENIEX_LLAMACPP,https://huggingface.co/qualcomm/Qwen3-VL-4B-Instruct,official: Qualcomm AI Hub HF card; device chipset as stated 'Snapdragon® X Elite'; context length 4096; TTFT range 45.134884 - 1444.316288 s
Qualcomm,Snapdragon® X Elite,,Qwen3-VL-4B-Instruct,text-generation,ctx 4096,q4_0,tokens_per_s,6.078229,tokens/s,GENIEX_LLAMACPP,https://huggingface.co/qualcomm/Qwen3-VL-4B-Instruct,official: Qualcomm AI Hub HF card; device chipset as stated 'Snapdragon® X Elite'; context length 4096; TTFT range 11.663933 - 373.245856 s
Qualcomm,Qualcomm® Dragonwing™ IQ-8275,,Qwen3-VL-4B-Instruct,text-generation,ctx 512,q4_0,tokens_per_s,3.968657,tokens/s,GENIEX_LLAMACPP,https://huggingface.co/qualcomm/Qwen3-VL-4B-Instruct,official: Qualcomm AI Hub HF card; device chipset as stated 'Qualcomm® Dragonwing™ IQ-8275'; context length 512; TTFT range 15.613197 - 62.452788 s
Qualcomm,Qualcomm® Dragonwing™ IQ-8275,,Qwen3-VL-4B-Instruct,text-generation,ctx 512,q4_0,tokens_per_s,2.530889,tokens/s,GENIEX_LLAMACPP,https://huggingface.co/qualcomm/Qwen3-VL-4B-Instruct,official: Qualcomm AI Hub HF card; device chipset as stated 'Qualcomm® Dragonwing™ IQ-8275'; context length 512; TTFT range 23.050572 - 92.202288 s
Qualcomm,Qualcomm® Dragonwing™ IQ-8275,,Qwen3-VL-4B-Instruct,text-generation,ctx 512,q4_0,tokens_per_s,9.103716,tokens/s,GENIEX_LLAMACPP,https://huggingface.co/qualcomm/Qwen3-VL-4B-Instruct,official: Qualcomm AI Hub HF card; device chipset as stated 'Qualcomm® Dragonwing™ IQ-8275'; context length 512; TTFT range 1.280274 - 5.121096 s
Qualcomm,Qualcomm® Dragonwing™ IQ-8275,,Qwen3-VL-4B-Instruct,text-generation,ctx 4096,q4_0,tokens_per_s,1.292033,tokens/s,GENIEX_LLAMACPP,https://huggingface.co/qualcomm/Qwen3-VL-4B-Instruct,official: Qualcomm AI Hub HF card; device chipset as stated 'Qualcomm® Dragonwing™ IQ-8275'; context length 4096; TTFT range 182.580826 - 5842.586432 s
Qualcomm,Qualcomm® Dragonwing™ IQ-8275,,Qwen3-VL-4B-Instruct,text-generation,ctx 4096,q4_0,tokens_per_s,1.932154,tokens/s,GENIEX_LLAMACPP,https://huggingface.co/qualcomm/Qwen3-VL-4B-Instruct,official: Qualcomm AI Hub HF card; device chipset as stated 'Qualcomm® Dragonwing™ IQ-8275'; context length 4096; TTFT range 284.515082 - 9104.482624 s
Qualcomm,Qualcomm® Dragonwing™ IQ-8275,,Qwen3-VL-4B-Instruct,text-generation,ctx 4096,q4_0,tokens_per_s,4.635059,tokens/s,GENIEX_LLAMACPP,https://huggingface.co/qualcomm/Qwen3-VL-4B-Instruct,official: Qualcomm AI Hub HF card; device chipset as stated 'Qualcomm® Dragonwing™ IQ-8275'; context length 4096; TTFT range 13.209513999999999 - 422.70444799999996 s
Qualcomm,Qualcomm® Dragonwing™ IQ-9075,,Qwen3-VL-4B-Instruct,text-generation,ctx 512,q4_0,tokens_per_s,17.084362,tokens/s,GENIEX_LLAMACPP,https://huggingface.co/qualcomm/Qwen3-VL-4B-Instruct,official: Qualcomm AI Hub HF card; device chipset as stated 'Qualcomm® Dragonwing™ IQ-9075'; context length 512; TTFT range 6.884202 - 27.536808 s
Qualcomm,Qualcomm® Dragonwing™ IQ-9075,,Qwen3-VL-4B-Instruct,text-generation,ctx 512,q4_0,tokens_per_s,7.898823,tokens/s,GENIEX_LLAMACPP,https://huggingface.co/qualcomm/Qwen3-VL-4B-Instruct,official: Qualcomm AI Hub HF card; device chipset as stated 'Qualcomm® Dragonwing™ IQ-9075'; context length 512; TTFT range 7.846550000000001 - 31.386200000000002 s
Qualcomm,Qualcomm® Dragonwing™ IQ-9075,,Qwen3-VL-4B-Instruct,text-generation,ctx 512,q4_0,tokens_per_s,11.359227,tokens/s,GENIEX_LLAMACPP,https://huggingface.co/qualcomm/Qwen3-VL-4B-Instruct,official: Qualcomm AI Hub HF card; device chipset as stated 'Qualcomm® Dragonwing™ IQ-9075'; context length 512; TTFT range 1.175309 - 4.701236 s
Qualcomm,Qualcomm® Dragonwing™ IQ-X7181,,Qwen3-VL-4B-Instruct,text-generation,ctx 512,q4_0,tokens_per_s,21.596461,tokens/s,GENIEX_LLAMACPP,https://huggingface.co/qualcomm/Qwen3-VL-4B-Instruct,official: Qualcomm AI Hub HF card; device chipset as stated 'Qualcomm® Dragonwing™ IQ-X7181'; context length 512; TTFT range 2.323608 - 9.294432 s
Qualcomm,Qualcomm® Dragonwing™ IQ-X7181,,Qwen3-VL-4B-Instruct,text-generation,ctx 512,q4_0,tokens_per_s,20.326375,tokens/s,GENIEX_LLAMACPP,https://huggingface.co/qualcomm/Qwen3-VL-4B-Instruct,official: Qualcomm AI Hub HF card; device chipset as stated 'Qualcomm® Dragonwing™ IQ-X7181'; context length 512; TTFT range 2.2151439999999996 - 8.860575999999998 s
Qualcomm,Qualcomm® Dragonwing™ IQ-X7181,,Qwen3-VL-4B-Instruct,text-generation,ctx 512,q4_0,tokens_per_s,12.642968,tokens/s,GENIEX_LLAMACPP,https://huggingface.co/qualcomm/Qwen3-VL-4B-Instruct,official: Qualcomm AI Hub HF card; device chipset as stated 'Qualcomm® Dragonwing™ IQ-X7181'; context length 512; TTFT range 1.004591 - 4.018364 s
Qualcomm,Qualcomm® Dragonwing™ Q-8750,,Qwen3-VL-4B-Instruct,text-generation,ctx 512,q4_0,tokens_per_s,21.01329,tokens/s,GENIEX_LLAMACPP,https://huggingface.co/qualcomm/Qwen3-VL-4B-Instruct,official: Qualcomm AI Hub HF card; device chipset as stated 'Qualcomm® Dragonwing™ Q-8750'; context length 512; TTFT range 1.1112463333333333 - 4.444985333333333 s
Qualcomm,Qualcomm® Dragonwing™ Q-8750,,Qwen3-VL-4B-Instruct,text-generation,ctx 512,q4_0,tokens_per_s,19.826625,tokens/s,GENIEX_LLAMACPP,https://huggingface.co/qualcomm/Qwen3-VL-4B-Instruct,official: Qualcomm AI Hub HF card; device chipset as stated 'Qualcomm® Dragonwing™ Q-8750'; context length 512; TTFT range 0.5111666666666667 - 2.0446666666666666 s
Qualcomm,Qualcomm® Dragonwing™ Q-8750,,Qwen3-VL-4B-Instruct,text-generation,ctx 512,q4_0,tokens_per_s,17.180041,tokens/s,GENIEX_LLAMACPP,https://huggingface.co/qualcomm/Qwen3-VL-4B-Instruct,official: Qualcomm AI Hub HF card; device chipset as stated 'Qualcomm® Dragonwing™ Q-8750'; context length 512; TTFT range 0.12326733333333334 - 0.49306933333333336 s
Qualcomm,Qualcomm® Dragonwing™ IQ-9075,,Qwen3-VL-4B-Instruct,text-generation,ctx 4096,q4_0,tokens_per_s,9.021444,tokens/s,GENIEX_LLAMACPP,https://huggingface.co/qualcomm/Qwen3-VL-4B-Instruct,official: Qualcomm AI Hub HF card; device chipset as stated 'Qualcomm® Dragonwing™ IQ-9075'; context length 4096; TTFT range 88.038753 - 2817.240096 s
Qualcomm,Qualcomm® Dragonwing™ IQ-9075,,Qwen3-VL-4B-Instruct,text-generation,ctx 4096,q4_0,tokens_per_s,5.696099,tokens/s,GENIEX_LLAMACPP,https://huggingface.co/qualcomm/Qwen3-VL-4B-Instruct,official: Qualcomm AI Hub HF card; device chipset as stated 'Qualcomm® Dragonwing™ IQ-9075'; context length 4096; TTFT range 100.822643 - 3226.324576 s
Qualcomm,Qualcomm® Dragonwing™ IQ-9075,,Qwen3-VL-4B-Instruct,text-generation,ctx 4096,q4_0,tokens_per_s,5.250687,tokens/s,GENIEX_LLAMACPP,https://huggingface.co/qualcomm/Qwen3-VL-4B-Instruct,official: Qualcomm AI Hub HF card; device chipset as stated 'Qualcomm® Dragonwing™ IQ-9075'; context length 4096; TTFT range 12.489227000000001 - 399.65526400000005 s
Qualcomm,Qualcomm® Dragonwing™ IQ-X7181,,Qwen3-VL-4B-Instruct,text-generation,ctx 4096,q4_0,tokens_per_s,5.788148,tokens/s,GENIEX_LLAMACPP,https://huggingface.co/qualcomm/Qwen3-VL-4B-Instruct,official: Qualcomm AI Hub HF card; device chipset as stated 'Qualcomm® Dragonwing™ IQ-X7181'; context length 4096; TTFT range 49.641781 - 1588.536992 s
Qualcomm,Qualcomm® Dragonwing™ IQ-X7181,,Qwen3-VL-4B-Instruct,text-generation,ctx 4096,q4_0,tokens_per_s,11.385522,tokens/s,GENIEX_LLAMACPP,https://huggingface.co/qualcomm/Qwen3-VL-4B-Instruct,official: Qualcomm AI Hub HF card; device chipset as stated 'Qualcomm® Dragonwing™ IQ-X7181'; context length 4096; TTFT range 45.134884 - 1444.316288 s
Qualcomm,Qualcomm® Dragonwing™ IQ-X7181,,Qwen3-VL-4B-Instruct,text-generation,ctx 4096,q4_0,tokens_per_s,6.078229,tokens/s,GENIEX_LLAMACPP,https://huggingface.co/qualcomm/Qwen3-VL-4B-Instruct,official: Qualcomm AI Hub HF card; device chipset as stated 'Qualcomm® Dragonwing™ IQ-X7181'; context length 4096; TTFT range 11.663933 - 373.245856 s
Qualcomm,Qualcomm® Dragonwing™ Q-8750,,Qwen3-VL-4B-Instruct,text-generation,ctx 4096,q4_0,tokens_per_s,5.061711,tokens/s,GENIEX_LLAMACPP,https://huggingface.co/qualcomm/Qwen3-VL-4B-Instruct,official: Qualcomm AI Hub HF card; device chipset as stated 'Qualcomm® Dragonwing™ Q-8750'; context length 4096; TTFT range 2.960835548387097 - 94.7467375483871 s
Qualcomm,Qualcomm® Dragonwing™ Q-8750,,Qwen3-VL-4B-Instruct,text-generation,ctx 4096,q4_0,tokens_per_s,12.541984,tokens/s,GENIEX_LLAMACPP,https://huggingface.co/qualcomm/Qwen3-VL-4B-Instruct,official: Qualcomm AI Hub HF card; device chipset as stated 'Qualcomm® Dragonwing™ Q-8750'; context length 4096; TTFT range 1.1360922258064516 - 36.35495122580645 s
Qualcomm,Qualcomm® Dragonwing™ Q-8750,,Qwen3-VL-4B-Instruct,text-generation,ctx 4096,q4_0,tokens_per_s,7.934172,tokens/s,GENIEX_LLAMACPP,https://huggingface.co/qualcomm/Qwen3-VL-4B-Instruct,official: Qualcomm AI Hub HF card; device chipset as stated 'Qualcomm® Dragonwing™ Q-8750'; context length 4096; TTFT range 0.19025909677419356 - 6.088291096774194 s
Qualcomm,Snapdragon® 8 Elite Gen 5 For Galaxy Mobile,,Qwen3-VL-4B-Instruct,text-generation,ctx 512,w4a16,tokens_per_s,15.998796,tokens/s,GENIEX_QAIRT,https://huggingface.co/qualcomm/Qwen3-VL-4B-Instruct,official: Qualcomm AI Hub HF card; device chipset as stated 'Snapdragon® 8 Elite Gen 5 For Galaxy Mobile'; context length 512; TTFT range 0.095944 - 0.383776 s
Qualcomm,Snapdragon® 8 Elite Gen 5 For Galaxy Mobile,,Qwen3-VL-4B-Instruct,text-generation,ctx 1024,w4a16,tokens_per_s,15.560634,tokens/s,GENIEX_QAIRT,https://huggingface.co/qualcomm/Qwen3-VL-4B-Instruct,official: Qualcomm AI Hub HF card; device chipset as stated 'Snapdragon® 8 Elite Gen 5 For Galaxy Mobile'; context length 1024; TTFT range 0.09915399999999999 - 0.7932319999999999 s
Qualcomm,Snapdragon® 8 Elite Gen 5 For Galaxy Mobile,,Qwen3-VL-4B-Instruct,text-generation,ctx 2048,w4a16,tokens_per_s,15.505643,tokens/s,GENIEX_QAIRT,https://huggingface.co/qualcomm/Qwen3-VL-4B-Instruct,official: Qualcomm AI Hub HF card; device chipset as stated 'Snapdragon® 8 Elite Gen 5 For Galaxy Mobile'; context length 2048; TTFT range 0.095107 - 1.521712 s
Qualcomm,Snapdragon® 8 Elite Gen 5 For Galaxy Mobile,,Qwen3-VL-4B-Instruct,text-generation,ctx 4096,w4a16,tokens_per_s,15.132583,tokens/s,GENIEX_QAIRT,https://huggingface.co/qualcomm/Qwen3-VL-4B-Instruct,official: Qualcomm AI Hub HF card; device chipset as stated 'Snapdragon® 8 Elite Gen 5 For Galaxy Mobile'; context length 4096; TTFT range 0.103378 - 3.308096 s
Qualcomm,Snapdragon® 8 Elite For Galaxy Mobile,,Qwen3-VL-4B-Instruct,text-generation,ctx 512,w4a16,tokens_per_s,15.937471,tokens/s,GENIEX_QAIRT,https://huggingface.co/qualcomm/Qwen3-VL-4B-Instruct,official: Qualcomm AI Hub HF card; device chipset as stated 'Snapdragon® 8 Elite For Galaxy Mobile'; context length 512; TTFT range 0.085935 - 0.34374 s
Qualcomm,Snapdragon® 8 Elite For Galaxy Mobile,,Qwen3-VL-4B-Instruct,text-generation,ctx 1024,w4a16,tokens_per_s,15.460394,tokens/s,GENIEX_QAIRT,https://huggingface.co/qualcomm/Qwen3-VL-4B-Instruct,official: Qualcomm AI Hub HF card; device chipset as stated 'Snapdragon® 8 Elite For Galaxy Mobile'; context length 1024; TTFT range 0.09641 - 0.77128 s
Qualcomm,Snapdragon® 8 Elite For Galaxy Mobile,,Qwen3-VL-4B-Instruct,text-generation,ctx 2048,w4a16,tokens_per_s,15.467407,tokens/s,GENIEX_QAIRT,https://huggingface.co/qualcomm/Qwen3-VL-4B-Instruct,official: Qualcomm AI Hub HF card; device chipset as stated 'Snapdragon® 8 Elite For Galaxy Mobile'; context length 2048; TTFT range 0.09730899999999999 - 1.5569439999999999 s
Qualcomm,Snapdragon® 8 Elite For Galaxy Mobile,,Qwen3-VL-4B-Instruct,text-generation,ctx 4096,w4a16,tokens_per_s,15.654413,tokens/s,GENIEX_QAIRT,https://huggingface.co/qualcomm/Qwen3-VL-4B-Instruct,official: Qualcomm AI Hub HF card; device chipset as stated 'Snapdragon® 8 Elite For Galaxy Mobile'; context length 4096; TTFT range 0.098193 - 3.142176 s
Qualcomm,Snapdragon® X2 Elite,,Qwen3-VL-4B-Instruct,text-generation,ctx 4096,w4a16,tokens_per_s,39.34948,tokens/s,GENIEX_QAIRT,https://huggingface.co/qualcomm/Qwen3-VL-4B-Instruct,official: Qualcomm AI Hub HF card; device chipset as stated 'Snapdragon® X2 Elite'; context length 4096; TTFT range 0.049329 - 1.578528 s
Qualcomm,Snapdragon® X Elite,,Qwen3-VL-4B-Instruct,text-generation,ctx 4096,w4a16,tokens_per_s,20.816945,tokens/s,GENIEX_QAIRT,https://huggingface.co/qualcomm/Qwen3-VL-4B-Instruct,official: Qualcomm AI Hub HF card; device chipset as stated 'Snapdragon® X Elite'; context length 4096; TTFT range 0.099474 - 3.183168 s
Qualcomm,Qualcomm® Dragonwing™ IQ-8275,,Qwen3-VL-4B-Instruct,text-generation,ctx 4096,w4a16,tokens_per_s,16.014892,tokens/s,GENIEX_QAIRT,https://huggingface.co/qualcomm/Qwen3-VL-4B-Instruct,official: Qualcomm AI Hub HF card; device chipset as stated 'Qualcomm® Dragonwing™ IQ-8275'; context length 4096; TTFT range 0.102327 - 3.274464 s
Qualcomm,Qualcomm® Dragonwing™ Q-8750,,Qwen3-VL-4B-Instruct,text-generation,ctx 512,w4a16,tokens_per_s,15.937471,tokens/s,GENIEX_QAIRT,https://huggingface.co/qualcomm/Qwen3-VL-4B-Instruct,official: Qualcomm AI Hub HF card; device chipset as stated 'Qualcomm® Dragonwing™ Q-8750'; context length 512; TTFT range 0.085935 - 0.34374 s
Qualcomm,Qualcomm® Dragonwing™ Q-8750,,Qwen3-VL-4B-Instruct,text-generation,ctx 1024,w4a16,tokens_per_s,15.460394,tokens/s,GENIEX_QAIRT,https://huggingface.co/qualcomm/Qwen3-VL-4B-Instruct,official: Qualcomm AI Hub HF card; device chipset as stated 'Qualcomm® Dragonwing™ Q-8750'; context length 1024; TTFT range 0.09641 - 0.77128 s
Qualcomm,Qualcomm® Dragonwing™ Q-8750,,Qwen3-VL-4B-Instruct,text-generation,ctx 2048,w4a16,tokens_per_s,15.467407,tokens/s,GENIEX_QAIRT,https://huggingface.co/qualcomm/Qwen3-VL-4B-Instruct,official: Qualcomm AI Hub HF card; device chipset as stated 'Qualcomm® Dragonwing™ Q-8750'; context length 2048; TTFT range 0.09730899999999999 - 1.5569439999999999 s
Qualcomm,Qualcomm® Dragonwing™ IQ-9075,,Qwen3-VL-4B-Instruct,text-generation,ctx 4096,w4a16,tokens_per_s,18.063043,tokens/s,GENIEX_QAIRT,https://huggingface.co/qualcomm/Qwen3-VL-4B-Instruct,official: Qualcomm AI Hub HF card; device chipset as stated 'Qualcomm® Dragonwing™ IQ-9075'; context length 4096; TTFT range 0.09700700000000001 - 3.1042240000000003 s
Qualcomm,Qualcomm® Dragonwing™ IQ-X7181,,Qwen3-VL-4B-Instruct,text-generation,ctx 4096,w4a16,tokens_per_s,20.816945,tokens/s,GENIEX_QAIRT,https://huggingface.co/qualcomm/Qwen3-VL-4B-Instruct,official: Qualcomm AI Hub HF card; device chipset as stated 'Qualcomm® Dragonwing™ IQ-X7181'; context length 4096; TTFT range 0.099474 - 3.183168 s
Qualcomm,Qualcomm® Dragonwing™ Q-8750,,Qwen3-VL-4B-Instruct,text-generation,ctx 4096,w4a16,tokens_per_s,15.654413,tokens/s,GENIEX_QAIRT,https://huggingface.co/qualcomm/Qwen3-VL-4B-Instruct,official: Qualcomm AI Hub HF card; device chipset as stated 'Qualcomm® Dragonwing™ Q-8750'; context length 4096; TTFT range 0.098193 - 3.142176 s
Qualcomm,Snapdragon® X2 Elite,,Qwen3-VL-8B-Instruct,text-generation,ctx 4096,w4a16,tokens_per_s,22.682886,tokens/s,GENIEX_QAIRT,https://huggingface.co/qualcomm/Qwen3-VL-8B-Instruct,official: Qualcomm AI Hub HF card; device chipset as stated 'Snapdragon® X2 Elite'; context length 4096; TTFT range 0.070745 - 2.26384 s
Qualcomm,Snapdragon® X Elite,,Qwen3-VL-8B-Instruct,text-generation,ctx 4096,w4a16,tokens_per_s,12.772102,tokens/s,GENIEX_QAIRT,https://huggingface.co/qualcomm/Qwen3-VL-8B-Instruct,official: Qualcomm AI Hub HF card; device chipset as stated 'Snapdragon® X Elite'; context length 4096; TTFT range 0.15535400000000002 - 4.971328000000001 s
Qualcomm,Qualcomm® Dragonwing™ IQ-8275,,Qwen3-VL-8B-Instruct,text-generation,ctx 4096,w4a16,tokens_per_s,9.066337,tokens/s,GENIEX_QAIRT,https://huggingface.co/qualcomm/Qwen3-VL-8B-Instruct,official: Qualcomm AI Hub HF card; device chipset as stated 'Qualcomm® Dragonwing™ IQ-8275'; context length 4096; TTFT range 0.159273 - 5.096736 s
Qualcomm,Qualcomm® Dragonwing™ IQ-9075,,Qwen3-VL-8B-Instruct,text-generation,ctx 4096,w4a16,tokens_per_s,9.47855,tokens/s,GENIEX_QAIRT,https://huggingface.co/qualcomm/Qwen3-VL-8B-Instruct,official: Qualcomm AI Hub HF card; device chipset as stated 'Qualcomm® Dragonwing™ IQ-9075'; context length 4096; TTFT range 0.156767 - 5.016544 s
Qualcomm,Qualcomm® Dragonwing™ IQ-X7181,,Qwen3-VL-8B-Instruct,text-generation,ctx 4096,w4a16,tokens_per_s,12.772102,tokens/s,GENIEX_QAIRT,https://huggingface.co/qualcomm/Qwen3-VL-8B-Instruct,official: Qualcomm AI Hub HF card; device chipset as stated 'Qualcomm® Dragonwing™ IQ-X7181'; context length 4096; TTFT range 0.15535400000000002 - 4.971328000000001 s
Qualcomm,Qualcomm® Dragonwing™ Q-8750,,Qwen3-VL-8B-Instruct,text-generation,ctx 4096,w4a16,tokens_per_s,14.451365,tokens/s,GENIEX_QAIRT,https://huggingface.co/qualcomm/Qwen3-VL-8B-Instruct,official: Qualcomm AI Hub HF card; device chipset as stated 'Qualcomm® Dragonwing™ Q-8750'; context length 4096; TTFT range 0.099091 - 3.170912 s
Qualcomm,Snapdragon® 8 Elite Gen 5 For Galaxy Mobile,,Qwen3.5-0.8B,text-generation,ctx 512,q4_0,tokens_per_s,80.926712,tokens/s,GENIEX_LLAMACPP,https://huggingface.co/qualcomm/Qwen3.5-0.8B,official: Qualcomm AI Hub HF card; device chipset as stated 'Snapdragon® 8 Elite Gen 5 For Galaxy Mobile'; context length 512; TTFT range 0.20653466666666667 - 0.8261386666666667 s
Qualcomm,Snapdragon® 8 Elite Gen 5 For Galaxy Mobile,,Qwen3.5-0.8B,text-generation,ctx 512,q4_0,tokens_per_s,61.98166,tokens/s,GENIEX_LLAMACPP,https://huggingface.co/qualcomm/Qwen3.5-0.8B,official: Qualcomm AI Hub HF card; device chipset as stated 'Snapdragon® 8 Elite Gen 5 For Galaxy Mobile'; context length 512; TTFT range 0.10571766666666667 - 0.4228706666666667 s
Qualcomm,Snapdragon® 8 Elite Gen 5 For Galaxy Mobile,,Qwen3.5-0.8B,text-generation,ctx 512,q4_0,tokens_per_s,45.724884,tokens/s,GENIEX_LLAMACPP,https://huggingface.co/qualcomm/Qwen3.5-0.8B,official: Qualcomm AI Hub HF card; device chipset as stated 'Snapdragon® 8 Elite Gen 5 For Galaxy Mobile'; context length 512; TTFT range 0.10953933333333334 - 0.43815733333333334 s
Qualcomm,Snapdragon® 8 Elite Gen 5 For Galaxy Mobile,,Qwen3.5-0.8B,text-generation,ctx 4096,q4_0,tokens_per_s,51.649308,tokens/s,GENIEX_LLAMACPP,https://huggingface.co/qualcomm/Qwen3.5-0.8B,official: Qualcomm AI Hub HF card; device chipset as stated 'Snapdragon® 8 Elite Gen 5 For Galaxy Mobile'; context length 4096; TTFT range 0.4685866451612903 - 14.994772645161289 s
Qualcomm,Snapdragon® 8 Elite Gen 5 For Galaxy Mobile,,Qwen3.5-0.8B,text-generation,ctx 4096,q4_0,tokens_per_s,46.836385,tokens/s,GENIEX_LLAMACPP,https://huggingface.co/qualcomm/Qwen3.5-0.8B,official: Qualcomm AI Hub HF card; device chipset as stated 'Snapdragon® 8 Elite Gen 5 For Galaxy Mobile'; context length 4096; TTFT range 0.1792018709677419 - 5.734459870967741 s
Qualcomm,Snapdragon® 8 Elite Gen 5 For Galaxy Mobile,,Qwen3.5-0.8B,text-generation,ctx 4096,q4_0,tokens_per_s,38.386737,tokens/s,GENIEX_LLAMACPP,https://huggingface.co/qualcomm/Qwen3.5-0.8B,official: Qualcomm AI Hub HF card; device chipset as stated 'Snapdragon® 8 Elite Gen 5 For Galaxy Mobile'; context length 4096; TTFT range 0.11433658064516129 - 3.6587705806451614 s
Qualcomm,Snapdragon® 8 Elite For Galaxy Mobile,,Qwen3.5-0.8B,text-generation,ctx 512,q4_0,tokens_per_s,83.816643,tokens/s,GENIEX_LLAMACPP,https://huggingface.co/qualcomm/Qwen3.5-0.8B,official: Qualcomm AI Hub HF card; device chipset as stated 'Snapdragon® 8 Elite For Galaxy Mobile'; context length 512; TTFT range 0.225204 - 0.900816 s
Qualcomm,Snapdragon® 8 Elite For Galaxy Mobile,,Qwen3.5-0.8B,text-generation,ctx 512,q4_0,tokens_per_s,60.858716,tokens/s,GENIEX_LLAMACPP,https://huggingface.co/qualcomm/Qwen3.5-0.8B,official: Qualcomm AI Hub HF card; device chipset as stated 'Snapdragon® 8 Elite For Galaxy Mobile'; context length 512; TTFT range 0.11578033333333333 - 0.46312133333333333 s
Qualcomm,Snapdragon® 8 Elite For Galaxy Mobile,,Qwen3.5-0.8B,text-generation,ctx 512,q4_0,tokens_per_s,42.21867,tokens/s,GENIEX_LLAMACPP,https://huggingface.co/qualcomm/Qwen3.5-0.8B,official: Qualcomm AI Hub HF card; device chipset as stated 'Snapdragon® 8 Elite For Galaxy Mobile'; context length 512; TTFT range 0.13094133333333333 - 0.5237653333333333 s
Qualcomm,Snapdragon® 8 Elite For Galaxy Mobile,,Qwen3.5-0.8B,text-generation,ctx 4096,q4_0,tokens_per_s,52.200623,tokens/s,GENIEX_LLAMACPP,https://huggingface.co/qualcomm/Qwen3.5-0.8B,official: Qualcomm AI Hub HF card; device chipset as stated 'Snapdragon® 8 Elite For Galaxy Mobile'; context length 4096; TTFT range 0.4555020322580645 - 14.576065032258064 s
Qualcomm,Snapdragon® 8 Elite For Galaxy Mobile,,Qwen3.5-0.8B,text-generation,ctx 4096,q4_0,tokens_per_s,47.196683,tokens/s,GENIEX_LLAMACPP,https://huggingface.co/qualcomm/Qwen3.5-0.8B,official: Qualcomm AI Hub HF card; device chipset as stated 'Snapdragon® 8 Elite For Galaxy Mobile'; context length 4096; TTFT range 0.15546025806451613 - 4.974728258064516 s
Qualcomm,Snapdragon® 8 Elite For Galaxy Mobile,,Qwen3.5-0.8B,text-generation,ctx 4096,q4_0,tokens_per_s,37.724579,tokens/s,GENIEX_LLAMACPP,https://huggingface.co/qualcomm/Qwen3.5-0.8B,official: Qualcomm AI Hub HF card; device chipset as stated 'Snapdragon® 8 Elite For Galaxy Mobile'; context length 4096; TTFT range 0.14393770967741937 - 4.60600670967742 s
Qualcomm,Snapdragon® X2 Elite,,Qwen3.5-0.8B,text-generation,ctx 512,q4_0,tokens_per_s,119.962737,tokens/s,GENIEX_LLAMACPP,https://huggingface.co/qualcomm/Qwen3.5-0.8B,official: Qualcomm AI Hub HF card; device chipset as stated 'Snapdragon® X2 Elite'; context length 512; TTFT range 0.22652699999999998 - 0.9061079999999999 s
Qualcomm,Snapdragon® X2 Elite,,Qwen3.5-0.8B,text-generation,ctx 512,q4_0,tokens_per_s,71.667811,tokens/s,GENIEX_LLAMACPP,https://huggingface.co/qualcomm/Qwen3.5-0.8B,official: Qualcomm AI Hub HF card; device chipset as stated 'Snapdragon® X2 Elite'; context length 512; TTFT range 0.06473033333333333 - 0.25892133333333334 s
Qualcomm,Snapdragon® X2 Elite,,Qwen3.5-0.8B,text-generation,ctx 512,q4_0,tokens_per_s,28.385554,tokens/s,GENIEX_LLAMACPP,https://huggingface.co/qualcomm/Qwen3.5-0.8B,official: Qualcomm AI Hub HF card; device chipset as stated 'Snapdragon® X2 Elite'; context length 512; TTFT range 0.06748766666666665 - 0.2699506666666666 s
Qualcomm,Snapdragon® X2 Elite,,Qwen3.5-0.8B,text-generation,ctx 4096,q4_0,tokens_per_s,15.723518,tokens/s,GENIEX_LLAMACPP,https://huggingface.co/qualcomm/Qwen3.5-0.8B,official: Qualcomm AI Hub HF card; device chipset as stated 'Snapdragon® X2 Elite'; context length 4096; TTFT range 0.07107358064516128 - 2.274354580645161 s
Qualcomm,Snapdragon® X Elite,,Qwen3.5-0.8B,text-generation,ctx 512,q4_0,tokens_per_s,99.482922,tokens/s,GENIEX_LLAMACPP,https://huggingface.co/qualcomm/Qwen3.5-0.8B,official: Qualcomm AI Hub HF card; device chipset as stated 'Snapdragon® X Elite'; context length 512; TTFT range 0.12190133333333332 - 0.4876053333333333 s
Qualcomm,Snapdragon® X Elite,,Qwen3.5-0.8B,text-generation,ctx 512,q4_0,tokens_per_s,52.177493,tokens/s,GENIEX_LLAMACPP,https://huggingface.co/qualcomm/Qwen3.5-0.8B,official: Qualcomm AI Hub HF card; device chipset as stated 'Snapdragon® X Elite'; context length 512; TTFT range 0.14411 - 0.57644 s
Qualcomm,Snapdragon® X Elite,,Qwen3.5-0.8B,text-generation,ctx 512,q4_0,tokens_per_s,23.253803,tokens/s,GENIEX_LLAMACPP,https://huggingface.co/qualcomm/Qwen3.5-0.8B,official: Qualcomm AI Hub HF card; device chipset as stated 'Snapdragon® X Elite'; context length 512; TTFT range 0.13123366666666667 - 0.5249346666666667 s
Qualcomm,Snapdragon® X Elite,,Qwen3.5-0.8B,text-generation,ctx 4096,q4_0,tokens_per_s,47.793205,tokens/s,GENIEX_LLAMACPP,https://huggingface.co/qualcomm/Qwen3.5-0.8B,official: Qualcomm AI Hub HF card; device chipset as stated 'Snapdragon® X Elite'; context length 4096; TTFT range 0.1830685806451613 - 5.858194580645161 s
Qualcomm,Qualcomm® Dragonwing™ IQ-8275,,Qwen3.5-0.8B,text-generation,ctx 512,q4_0,tokens_per_s,25.000063,tokens/s,GENIEX_LLAMACPP,https://huggingface.co/qualcomm/Qwen3.5-0.8B,official: Qualcomm AI Hub HF card; device chipset as stated 'Qualcomm® Dragonwing™ IQ-8275'; context length 512; TTFT range 0.9593533333333333 - 3.837413333333333 s
Qualcomm,Qualcomm® Dragonwing™ IQ-8275,,Qwen3.5-0.8B,text-generation,ctx 512,q4_0,tokens_per_s,11.880447,tokens/s,GENIEX_LLAMACPP,https://huggingface.co/qualcomm/Qwen3.5-0.8B,official: Qualcomm AI Hub HF card; device chipset as stated 'Qualcomm® Dragonwing™ IQ-8275'; context length 512; TTFT range 1.27388 - 5.09552 s
Qualcomm,Qualcomm® Dragonwing™ IQ-8275,,Qwen3.5-0.8B,text-generation,ctx 512,q4_0,tokens_per_s,10.710277,tokens/s,GENIEX_LLAMACPP,https://huggingface.co/qualcomm/Qwen3.5-0.8B,official: Qualcomm AI Hub HF card; device chipset as stated 'Qualcomm® Dragonwing™ IQ-8275'; context length 512; TTFT range 0.19727733333333333 - 0.7891093333333333 s
Qualcomm,Qualcomm® Dragonwing™ IQ-8275,,Qwen3.5-0.8B,text-generation,ctx 4096,q4_0,tokens_per_s,15.110655,tokens/s,GENIEX_LLAMACPP,https://huggingface.co/qualcomm/Qwen3.5-0.8B,official: Qualcomm AI Hub HF card; device chipset as stated 'Qualcomm® Dragonwing™ IQ-8275'; context length 4096; TTFT range 1.3822453870967744 - 44.23185238709678 s
Qualcomm,Qualcomm® Dragonwing™ IQ-8275,,Qwen3.5-0.8B,text-generation,ctx 4096,q4_0,tokens_per_s,10.041878,tokens/s,GENIEX_LLAMACPP,https://huggingface.co/qualcomm/Qwen3.5-0.8B,official: Qualcomm AI Hub HF card; device chipset as stated 'Qualcomm® Dragonwing™ IQ-8275'; context length 4096; TTFT range 1.512168322580645 - 48.38938632258064 s
Qualcomm,Qualcomm® Dragonwing™ IQ-8275,,Qwen3.5-0.8B,text-generation,ctx 4096,q4_0,tokens_per_s,13.497867,tokens/s,GENIEX_LLAMACPP,https://huggingface.co/qualcomm/Qwen3.5-0.8B,official: Qualcomm AI Hub HF card; device chipset as stated 'Qualcomm® Dragonwing™ IQ-8275'; context length 4096; TTFT range 0.1802066451612903 - 5.76661264516129 s
Qualcomm,Qualcomm® Dragonwing™ IQ-9075,,Qwen3.5-0.8B,text-generation,ctx 512,q4_0,tokens_per_s,50.507601,tokens/s,GENIEX_LLAMACPP,https://huggingface.co/qualcomm/Qwen3.5-0.8B,official: Qualcomm AI Hub HF card; device chipset as stated 'Qualcomm® Dragonwing™ IQ-9075'; context length 512; TTFT range 1.442949 - 5.771796 s
Qualcomm,Qualcomm® Dragonwing™ IQ-9075,,Qwen3.5-0.8B,text-generation,ctx 512,q4_0,tokens_per_s,21.022536,tokens/s,GENIEX_LLAMACPP,https://huggingface.co/qualcomm/Qwen3.5-0.8B,official: Qualcomm AI Hub HF card; device chipset as stated 'Qualcomm® Dragonwing™ IQ-9075'; context length 512; TTFT range 1.82265 - 7.2906 s
Qualcomm,Qualcomm® Dragonwing™ IQ-9075,,Qwen3.5-0.8B,text-generation,ctx 512,q4_0,tokens_per_s,9.745996,tokens/s,GENIEX_LLAMACPP,https://huggingface.co/qualcomm/Qwen3.5-0.8B,official: Qualcomm AI Hub HF card; device chipset as stated 'Qualcomm® Dragonwing™ IQ-9075'; context length 512; TTFT range 1.309253 - 5.237012 s
Qualcomm,Qualcomm® Dragonwing™ IQ-X7181,,Qwen3.5-0.8B,text-generation,ctx 512,q4_0,tokens_per_s,99.482922,tokens/s,GENIEX_LLAMACPP,https://huggingface.co/qualcomm/Qwen3.5-0.8B,official: Qualcomm AI Hub HF card; device chipset as stated 'Qualcomm® Dragonwing™ IQ-X7181'; context length 512; TTFT range 0.12190133333333332 - 0.4876053333333333 s
Qualcomm,Qualcomm® Dragonwing™ IQ-X7181,,Qwen3.5-0.8B,text-generation,ctx 512,q4_0,tokens_per_s,52.177493,tokens/s,GENIEX_LLAMACPP,https://huggingface.co/qualcomm/Qwen3.5-0.8B,official: Qualcomm AI Hub HF card; device chipset as stated 'Qualcomm® Dragonwing™ IQ-X7181'; context length 512; TTFT range 0.14411 - 0.57644 s
Qualcomm,Qualcomm® Dragonwing™ IQ-X7181,,Qwen3.5-0.8B,text-generation,ctx 512,q4_0,tokens_per_s,23.253803,tokens/s,GENIEX_LLAMACPP,https://huggingface.co/qualcomm/Qwen3.5-0.8B,official: Qualcomm AI Hub HF card; device chipset as stated 'Qualcomm® Dragonwing™ IQ-X7181'; context length 512; TTFT range 0.13123366666666667 - 0.5249346666666667 s
Qualcomm,Qualcomm® Dragonwing™ Q-8750,,Qwen3.5-0.8B,text-generation,ctx 512,q4_0,tokens_per_s,83.816643,tokens/s,GENIEX_LLAMACPP,https://huggingface.co/qualcomm/Qwen3.5-0.8B,official: Qualcomm AI Hub HF card; device chipset as stated 'Qualcomm® Dragonwing™ Q-8750'; context length 512; TTFT range 0.225204 - 0.900816 s
Qualcomm,Qualcomm® Dragonwing™ Q-8750,,Qwen3.5-0.8B,text-generation,ctx 512,q4_0,tokens_per_s,60.858716,tokens/s,GENIEX_LLAMACPP,https://huggingface.co/qualcomm/Qwen3.5-0.8B,official: Qualcomm AI Hub HF card; device chipset as stated 'Qualcomm® Dragonwing™ Q-8750'; context length 512; TTFT range 0.11578033333333333 - 0.46312133333333333 s
Qualcomm,Qualcomm® Dragonwing™ Q-8750,,Qwen3.5-0.8B,text-generation,ctx 512,q4_0,tokens_per_s,42.21867,tokens/s,GENIEX_LLAMACPP,https://huggingface.co/qualcomm/Qwen3.5-0.8B,official: Qualcomm AI Hub HF card; device chipset as stated 'Qualcomm® Dragonwing™ Q-8750'; context length 512; TTFT range 0.13094133333333333 - 0.5237653333333333 s
Qualcomm,Qualcomm® Dragonwing™ IQ-9075,,Qwen3.5-0.8B,text-generation,ctx 4096,q4_0,tokens_per_s,38.005473,tokens/s,GENIEX_LLAMACPP,https://huggingface.co/qualcomm/Qwen3.5-0.8B,official: Qualcomm AI Hub HF card; device chipset as stated 'Qualcomm® Dragonwing™ IQ-9075'; context length 4096; TTFT range 14.725108 - 471.203456 s
Qualcomm,Qualcomm® Dragonwing™ IQ-9075,,Qwen3.5-0.8B,text-generation,ctx 4096,q4_0,tokens_per_s,18.64628,tokens/s,GENIEX_LLAMACPP,https://huggingface.co/qualcomm/Qwen3.5-0.8B,official: Qualcomm AI Hub HF card; device chipset as stated 'Qualcomm® Dragonwing™ IQ-9075'; context length 4096; TTFT range 17.464153999999997 - 558.8529279999999 s
Qualcomm,Qualcomm® Dragonwing™ IQ-9075,,Qwen3.5-0.8B,text-generation,ctx 4096,q4_0,tokens_per_s,9.76354,tokens/s,GENIEX_LLAMACPP,https://huggingface.co/qualcomm/Qwen3.5-0.8B,official: Qualcomm AI Hub HF card; device chipset as stated 'Qualcomm® Dragonwing™ IQ-9075'; context length 4096; TTFT range 10.305826 - 329.786432 s
Qualcomm,Qualcomm® Dragonwing™ IQ-X7181,,Qwen3.5-0.8B,text-generation,ctx 4096,q4_0,tokens_per_s,47.793205,tokens/s,GENIEX_LLAMACPP,https://huggingface.co/qualcomm/Qwen3.5-0.8B,official: Qualcomm AI Hub HF card; device chipset as stated 'Qualcomm® Dragonwing™ IQ-X7181'; context length 4096; TTFT range 0.1830685806451613 - 5.858194580645161 s
Qualcomm,Qualcomm® Dragonwing™ Q-8750,,Qwen3.5-0.8B,text-generation,ctx 4096,q4_0,tokens_per_s,52.200623,tokens/s,GENIEX_LLAMACPP,https://huggingface.co/qualcomm/Qwen3.5-0.8B,official: Qualcomm AI Hub HF card; device chipset as stated 'Qualcomm® Dragonwing™ Q-8750'; context length 4096; TTFT range 0.4555020322580645 - 14.576065032258064 s
Qualcomm,Qualcomm® Dragonwing™ Q-8750,,Qwen3.5-0.8B,text-generation,ctx 4096,q4_0,tokens_per_s,47.196683,tokens/s,GENIEX_LLAMACPP,https://huggingface.co/qualcomm/Qwen3.5-0.8B,official: Qualcomm AI Hub HF card; device chipset as stated 'Qualcomm® Dragonwing™ Q-8750'; context length 4096; TTFT range 0.15546025806451613 - 4.974728258064516 s
Qualcomm,Qualcomm® Dragonwing™ Q-8750,,Qwen3.5-0.8B,text-generation,ctx 4096,q4_0,tokens_per_s,37.724579,tokens/s,GENIEX_LLAMACPP,https://huggingface.co/qualcomm/Qwen3.5-0.8B,official: Qualcomm AI Hub HF card; device chipset as stated 'Qualcomm® Dragonwing™ Q-8750'; context length 4096; TTFT range 0.14393770967741937 - 4.60600670967742 s
Qualcomm,Snapdragon® 8 Elite Gen 5 For Galaxy Mobile,,Qwen3.5-2B,text-generation,ctx 512,q4_0,tokens_per_s,40.243903,tokens/s,GENIEX_LLAMACPP,https://huggingface.co/qualcomm/Qwen3.5-2B,official: Qualcomm AI Hub HF card; device chipset as stated 'Snapdragon® 8 Elite Gen 5 For Galaxy Mobile'; context length 512; TTFT range 0.3891223333333333 - 1.5564893333333332 s
Qualcomm,Snapdragon® 8 Elite Gen 5 For Galaxy Mobile,,Qwen3.5-2B,text-generation,ctx 512,q4_0,tokens_per_s,35.387661,tokens/s,GENIEX_LLAMACPP,https://huggingface.co/qualcomm/Qwen3.5-2B,official: Qualcomm AI Hub HF card; device chipset as stated 'Snapdragon® 8 Elite Gen 5 For Galaxy Mobile'; context length 512; TTFT range 0.213367 - 0.853468 s
Qualcomm,Snapdragon® 8 Elite Gen 5 For Galaxy Mobile,,Qwen3.5-2B,text-generation,ctx 512,q4_0,tokens_per_s,30.436189,tokens/s,GENIEX_LLAMACPP,https://huggingface.co/qualcomm/Qwen3.5-2B,official: Qualcomm AI Hub HF card; device chipset as stated 'Snapdragon® 8 Elite Gen 5 For Galaxy Mobile'; context length 512; TTFT range 0.14088533333333333 - 0.5635413333333333 s
Qualcomm,Snapdragon® 8 Elite Gen 5 For Galaxy Mobile,,Qwen3.5-2B,text-generation,ctx 4096,q4_0,tokens_per_s,31.086107,tokens/s,GENIEX_LLAMACPP,https://huggingface.co/qualcomm/Qwen3.5-2B,official: Qualcomm AI Hub HF card; device chipset as stated 'Snapdragon® 8 Elite Gen 5 For Galaxy Mobile'; context length 4096; TTFT range 0.6930558064516128 - 22.17778580645161 s
Qualcomm,Snapdragon® 8 Elite Gen 5 For Galaxy Mobile,,Qwen3.5-2B,text-generation,ctx 4096,q4_0,tokens_per_s,29.090109,tokens/s,GENIEX_LLAMACPP,https://huggingface.co/qualcomm/Qwen3.5-2B,official: Qualcomm AI Hub HF card; device chipset as stated 'Snapdragon® 8 Elite Gen 5 For Galaxy Mobile'; context length 4096; TTFT range 0.31564609677419353 - 10.100675096774193 s
Qualcomm,Snapdragon® 8 Elite Gen 5 For Galaxy Mobile,,Qwen3.5-2B,text-generation,ctx 4096,q4_0,tokens_per_s,24.398384,tokens/s,GENIEX_LLAMACPP,https://huggingface.co/qualcomm/Qwen3.5-2B,official: Qualcomm AI Hub HF card; device chipset as stated 'Snapdragon® 8 Elite Gen 5 For Galaxy Mobile'; context length 4096; TTFT range 0.18240725806451613 - 5.837032258064516 s
Qualcomm,Snapdragon® 8 Elite For Galaxy Mobile,,Qwen3.5-2B,text-generation,ctx 512,q4_0,tokens_per_s,40.440434,tokens/s,GENIEX_LLAMACPP,https://huggingface.co/qualcomm/Qwen3.5-2B,official: Qualcomm AI Hub HF card; device chipset as stated 'Snapdragon® 8 Elite For Galaxy Mobile'; context length 512; TTFT range 0.44803733333333334 - 1.7921493333333334 s
Qualcomm,Snapdragon® 8 Elite For Galaxy Mobile,,Qwen3.5-2B,text-generation,ctx 512,q4_0,tokens_per_s,33.669591,tokens/s,GENIEX_LLAMACPP,https://huggingface.co/qualcomm/Qwen3.5-2B,official: Qualcomm AI Hub HF card; device chipset as stated 'Snapdragon® 8 Elite For Galaxy Mobile'; context length 512; TTFT range 0.23951666666666666 - 0.9580666666666666 s
Qualcomm,Snapdragon® 8 Elite For Galaxy Mobile,,Qwen3.5-2B,text-generation,ctx 512,q4_0,tokens_per_s,24.82313,tokens/s,GENIEX_LLAMACPP,https://huggingface.co/qualcomm/Qwen3.5-2B,official: Qualcomm AI Hub HF card; device chipset as stated 'Snapdragon® 8 Elite For Galaxy Mobile'; context length 512; TTFT range 0.19907233333333332 - 0.7962893333333333 s
Qualcomm,Snapdragon® 8 Elite For Galaxy Mobile,,Qwen3.5-2B,text-generation,ctx 4096,q4_0,tokens_per_s,30.230681,tokens/s,GENIEX_LLAMACPP,https://huggingface.co/qualcomm/Qwen3.5-2B,official: Qualcomm AI Hub HF card; device chipset as stated 'Snapdragon® 8 Elite For Galaxy Mobile'; context length 4096; TTFT range 0.7552956774193549 - 24.169461677419356 s
Qualcomm,Snapdragon® 8 Elite For Galaxy Mobile,,Qwen3.5-2B,text-generation,ctx 4096,q4_0,tokens_per_s,27.515449,tokens/s,GENIEX_LLAMACPP,https://huggingface.co/qualcomm/Qwen3.5-2B,official: Qualcomm AI Hub HF card; device chipset as stated 'Snapdragon® 8 Elite For Galaxy Mobile'; context length 4096; TTFT range 0.3283136129032258 - 10.506035612903226 s
Qualcomm,Snapdragon® 8 Elite For Galaxy Mobile,,Qwen3.5-2B,text-generation,ctx 4096,q4_0,tokens_per_s,22.642116,tokens/s,GENIEX_LLAMACPP,https://huggingface.co/qualcomm/Qwen3.5-2B,official: Qualcomm AI Hub HF card; device chipset as stated 'Snapdragon® 8 Elite For Galaxy Mobile'; context length 4096; TTFT range 0.21586203225806452 - 6.907585032258065 s
Qualcomm,Snapdragon® X2 Elite,,Qwen3.5-2B,text-generation,ctx 512,q4_0,tokens_per_s,66.768976,tokens/s,GENIEX_LLAMACPP,https://huggingface.co/qualcomm/Qwen3.5-2B,official: Qualcomm AI Hub HF card; device chipset as stated 'Snapdragon® X2 Elite'; context length 512; TTFT range 0.3019223333333333 - 1.2076893333333332 s
Qualcomm,Snapdragon® X2 Elite,,Qwen3.5-2B,text-generation,ctx 512,q4_0,tokens_per_s,42.660623,tokens/s,GENIEX_LLAMACPP,https://huggingface.co/qualcomm/Qwen3.5-2B,official: Qualcomm AI Hub HF card; device chipset as stated 'Snapdragon® X2 Elite'; context length 512; TTFT range 0.118745 - 0.47498 s
Qualcomm,Snapdragon® X2 Elite,,Qwen3.5-2B,text-generation,ctx 512,q4_0,tokens_per_s,20.321315,tokens/s,GENIEX_LLAMACPP,https://huggingface.co/qualcomm/Qwen3.5-2B,official: Qualcomm AI Hub HF card; device chipset as stated 'Snapdragon® X2 Elite'; context length 512; TTFT range 0.09458 - 0.37832 s
Qualcomm,Snapdragon® X2 Elite,,Qwen3.5-2B,text-generation,ctx 4096,q4_0,tokens_per_s,58.659036,tokens/s,GENIEX_LLAMACPP,https://huggingface.co/qualcomm/Qwen3.5-2B,official: Qualcomm AI Hub HF card; device chipset as stated 'Snapdragon® X2 Elite'; context length 4096; TTFT range 0.21541993548387098 - 6.893437935483871 s
Qualcomm,Snapdragon® X2 Elite,,Qwen3.5-2B,text-generation,ctx 4096,q4_0,tokens_per_s,40.736309,tokens/s,GENIEX_LLAMACPP,https://huggingface.co/qualcomm/Qwen3.5-2B,official: Qualcomm AI Hub HF card; device chipset as stated 'Snapdragon® X2 Elite'; context length 4096; TTFT range 0.12337206451612903 - 3.947906064516129 s
Qualcomm,Snapdragon® X2 Elite,,Qwen3.5-2B,text-generation,ctx 4096,q4_0,tokens_per_s,18.620861,tokens/s,GENIEX_LLAMACPP,https://huggingface.co/qualcomm/Qwen3.5-2B,official: Qualcomm AI Hub HF card; device chipset as stated 'Snapdragon® X2 Elite'; context length 4096; TTFT range 0.0855463870967742 - 2.7374843870967744 s
Qualcomm,Snapdragon® X Elite,,Qwen3.5-2B,text-generation,ctx 512,q4_0,tokens_per_s,54.631118,tokens/s,GENIEX_LLAMACPP,https://huggingface.co/qualcomm/Qwen3.5-2B,official: Qualcomm AI Hub HF card; device chipset as stated 'Snapdragon® X Elite'; context length 512; TTFT range 0.23307366666666668 - 0.9322946666666667 s
Qualcomm,Snapdragon® X Elite,,Qwen3.5-2B,text-generation,ctx 512,q4_0,tokens_per_s,36.411198,tokens/s,GENIEX_LLAMACPP,https://huggingface.co/qualcomm/Qwen3.5-2B,official: Qualcomm AI Hub HF card; device chipset as stated 'Snapdragon® X Elite'; context length 512; TTFT range 0.2482953333333333 - 0.9931813333333332 s
Qualcomm,Snapdragon® X Elite,,Qwen3.5-2B,text-generation,ctx 512,q4_0,tokens_per_s,5.113444,tokens/s,GENIEX_LLAMACPP,https://huggingface.co/qualcomm/Qwen3.5-2B,official: Qualcomm AI Hub HF card; device chipset as stated 'Snapdragon® X Elite'; context length 512; TTFT range 0.200658 - 0.802632 s
Qualcomm,Snapdragon® X Elite,,Qwen3.5-2B,text-generation,ctx 4096,q4_0,tokens_per_s,45.339715,tokens/s,GENIEX_LLAMACPP,https://huggingface.co/qualcomm/Qwen3.5-2B,official: Qualcomm AI Hub HF card; device chipset as stated 'Snapdragon® X Elite'; context length 4096; TTFT range 0.36605712903225807 - 11.713828129032258 s
Qualcomm,Snapdragon® X Elite,,Qwen3.5-2B,text-generation,ctx 4096,q4_0,tokens_per_s,34.713145,tokens/s,GENIEX_LLAMACPP,https://huggingface.co/qualcomm/Qwen3.5-2B,official: Qualcomm AI Hub HF card; device chipset as stated 'Snapdragon® X Elite'; context length 4096; TTFT range 0.28469193548387095 - 9.11014193548387 s
Qualcomm,Snapdragon® X Elite,,Qwen3.5-2B,text-generation,ctx 4096,q4_0,tokens_per_s,4.124072,tokens/s,GENIEX_LLAMACPP,https://huggingface.co/qualcomm/Qwen3.5-2B,official: Qualcomm AI Hub HF card; device chipset as stated 'Snapdragon® X Elite'; context length 4096; TTFT range 0.19158145161290321 - 6.130606451612903 s
Qualcomm,Qualcomm® Dragonwing™ IQ-8275,,Qwen3.5-2B,text-generation,ctx 512,q4_0,tokens_per_s,14.244249,tokens/s,GENIEX_LLAMACPP,https://huggingface.co/qualcomm/Qwen3.5-2B,official: Qualcomm AI Hub HF card; device chipset as stated 'Qualcomm® Dragonwing™ IQ-8275'; context length 512; TTFT range 1.827573 - 7.310292 s
Qualcomm,Qualcomm® Dragonwing™ IQ-8275,,Qwen3.5-2B,text-generation,ctx 512,q4_0,tokens_per_s,6.329349,tokens/s,GENIEX_LLAMACPP,https://huggingface.co/qualcomm/Qwen3.5-2B,official: Qualcomm AI Hub HF card; device chipset as stated 'Qualcomm® Dragonwing™ IQ-8275'; context length 512; TTFT range 2.433576 - 9.734304 s
Qualcomm,Qualcomm® Dragonwing™ IQ-8275,,Qwen3.5-2B,text-generation,ctx 512,q4_0,tokens_per_s,7.651604,tokens/s,GENIEX_LLAMACPP,https://huggingface.co/qualcomm/Qwen3.5-2B,official: Qualcomm AI Hub HF card; device chipset as stated 'Qualcomm® Dragonwing™ IQ-8275'; context length 512; TTFT range 0.3031633333333333 - 1.2126533333333331 s
Qualcomm,Qualcomm® Dragonwing™ IQ-8275,,Qwen3.5-2B,text-generation,ctx 4096,q4_0,tokens_per_s,9.359353,tokens/s,GENIEX_LLAMACPP,https://huggingface.co/qualcomm/Qwen3.5-2B,official: Qualcomm AI Hub HF card; device chipset as stated 'Qualcomm® Dragonwing™ IQ-8275'; context length 4096; TTFT range 2.627450258064516 - 84.07840825806451 s
Qualcomm,Qualcomm® Dragonwing™ IQ-8275,,Qwen3.5-2B,text-generation,ctx 4096,q4_0,tokens_per_s,5.795788,tokens/s,GENIEX_LLAMACPP,https://huggingface.co/qualcomm/Qwen3.5-2B,official: Qualcomm AI Hub HF card; device chipset as stated 'Qualcomm® Dragonwing™ IQ-8275'; context length 4096; TTFT range 2.664849612903226 - 85.27518761290324 s
Qualcomm,Qualcomm® Dragonwing™ IQ-8275,,Qwen3.5-2B,text-generation,ctx 4096,q4_0,tokens_per_s,10.314489,tokens/s,GENIEX_LLAMACPP,https://huggingface.co/qualcomm/Qwen3.5-2B,official: Qualcomm AI Hub HF card; device chipset as stated 'Qualcomm® Dragonwing™ IQ-8275'; context length 4096; TTFT range 0.2855137741935484 - 9.136440774193549 s
Qualcomm,Qualcomm® Dragonwing™ IQ-9075,,Qwen3.5-2B,text-generation,ctx 512,q4_0,tokens_per_s,29.52874,tokens/s,GENIEX_LLAMACPP,https://huggingface.co/qualcomm/Qwen3.5-2B,official: Qualcomm AI Hub HF card; device chipset as stated 'Qualcomm® Dragonwing™ IQ-9075'; context length 512; TTFT range 3.016486 - 12.065944 s
Qualcomm,Qualcomm® Dragonwing™ IQ-9075,,Qwen3.5-2B,text-generation,ctx 512,q4_0,tokens_per_s,12.519398,tokens/s,GENIEX_LLAMACPP,https://huggingface.co/qualcomm/Qwen3.5-2B,official: Qualcomm AI Hub HF card; device chipset as stated 'Qualcomm® Dragonwing™ IQ-9075'; context length 512; TTFT range 3.534936 - 14.139744 s
Qualcomm,Qualcomm® Dragonwing™ IQ-9075,,Qwen3.5-2B,text-generation,ctx 512,q4_0,tokens_per_s,8.013093,tokens/s,GENIEX_LLAMACPP,https://huggingface.co/qualcomm/Qwen3.5-2B,official: Qualcomm AI Hub HF card; device chipset as stated 'Qualcomm® Dragonwing™ IQ-9075'; context length 512; TTFT range 1.7871579999999998 - 7.148631999999999 s
Qualcomm,Qualcomm® Dragonwing™ IQ-X7181,,Qwen3.5-2B,text-generation,ctx 512,q4_0,tokens_per_s,54.631118,tokens/s,GENIEX_LLAMACPP,https://huggingface.co/qualcomm/Qwen3.5-2B,official: Qualcomm AI Hub HF card; device chipset as stated 'Qualcomm® Dragonwing™ IQ-X7181'; context length 512; TTFT range 0.23307366666666668 - 0.9322946666666667 s
Qualcomm,Qualcomm® Dragonwing™ IQ-X7181,,Qwen3.5-2B,text-generation,ctx 512,q4_0,tokens_per_s,36.411198,tokens/s,GENIEX_LLAMACPP,https://huggingface.co/qualcomm/Qwen3.5-2B,official: Qualcomm AI Hub HF card; device chipset as stated 'Qualcomm® Dragonwing™ IQ-X7181'; context length 512; TTFT range 0.2482953333333333 - 0.9931813333333332 s
Qualcomm,Qualcomm® Dragonwing™ IQ-X7181,,Qwen3.5-2B,text-generation,ctx 512,q4_0,tokens_per_s,5.113444,tokens/s,GENIEX_LLAMACPP,https://huggingface.co/qualcomm/Qwen3.5-2B,official: Qualcomm AI Hub HF card; device chipset as stated 'Qualcomm® Dragonwing™ IQ-X7181'; context length 512; TTFT range 0.200658 - 0.802632 s
Qualcomm,Qualcomm® Dragonwing™ Q-8750,,Qwen3.5-2B,text-generation,ctx 512,q4_0,tokens_per_s,40.440434,tokens/s,GENIEX_LLAMACPP,https://huggingface.co/qualcomm/Qwen3.5-2B,official: Qualcomm AI Hub HF card; device chipset as stated 'Qualcomm® Dragonwing™ Q-8750'; context length 512; TTFT range 0.44803733333333334 - 1.7921493333333334 s
Qualcomm,Qualcomm® Dragonwing™ Q-8750,,Qwen3.5-2B,text-generation,ctx 512,q4_0,tokens_per_s,33.669591,tokens/s,GENIEX_LLAMACPP,https://huggingface.co/qualcomm/Qwen3.5-2B,official: Qualcomm AI Hub HF card; device chipset as stated 'Qualcomm® Dragonwing™ Q-8750'; context length 512; TTFT range 0.23951666666666666 - 0.9580666666666666 s
Qualcomm,Qualcomm® Dragonwing™ Q-8750,,Qwen3.5-2B,text-generation,ctx 512,q4_0,tokens_per_s,24.82313,tokens/s,GENIEX_LLAMACPP,https://huggingface.co/qualcomm/Qwen3.5-2B,official: Qualcomm AI Hub HF card; device chipset as stated 'Qualcomm® Dragonwing™ Q-8750'; context length 512; TTFT range 0.19907233333333332 - 0.7962893333333333 s
Qualcomm,Qualcomm® Dragonwing™ IQ-9075,,Qwen3.5-2B,text-generation,ctx 4096,q4_0,tokens_per_s,24.800357,tokens/s,GENIEX_LLAMACPP,https://huggingface.co/qualcomm/Qwen3.5-2B,official: Qualcomm AI Hub HF card; device chipset as stated 'Qualcomm® Dragonwing™ IQ-9075'; context length 4096; TTFT range 27.320434000000002 - 874.2538880000001 s
Qualcomm,Qualcomm® Dragonwing™ IQ-9075,,Qwen3.5-2B,text-generation,ctx 4096,q4_0,tokens_per_s,11.3528,tokens/s,GENIEX_LLAMACPP,https://huggingface.co/qualcomm/Qwen3.5-2B,official: Qualcomm AI Hub HF card; device chipset as stated 'Qualcomm® Dragonwing™ IQ-9075'; context length 4096; TTFT range 31.04587 - 993.46784 s
Qualcomm,Qualcomm® Dragonwing™ IQ-9075,,Qwen3.5-2B,text-generation,ctx 4096,q4_0,tokens_per_s,7.870393,tokens/s,GENIEX_LLAMACPP,https://huggingface.co/qualcomm/Qwen3.5-2B,official: Qualcomm AI Hub HF card; device chipset as stated 'Qualcomm® Dragonwing™ IQ-9075'; context length 4096; TTFT range 13.517209000000001 - 432.55068800000004 s
Qualcomm,Qualcomm® Dragonwing™ IQ-X7181,,Qwen3.5-2B,text-generation,ctx 4096,q4_0,tokens_per_s,45.339715,tokens/s,GENIEX_LLAMACPP,https://huggingface.co/qualcomm/Qwen3.5-2B,official: Qualcomm AI Hub HF card; device chipset as stated 'Qualcomm® Dragonwing™ IQ-X7181'; context length 4096; TTFT range 0.36605712903225807 - 11.713828129032258 s
Qualcomm,Qualcomm® Dragonwing™ IQ-X7181,,Qwen3.5-2B,text-generation,ctx 4096,q4_0,tokens_per_s,34.713145,tokens/s,GENIEX_LLAMACPP,https://huggingface.co/qualcomm/Qwen3.5-2B,official: Qualcomm AI Hub HF card; device chipset as stated 'Qualcomm® Dragonwing™ IQ-X7181'; context length 4096; TTFT range 0.28469193548387095 - 9.11014193548387 s
Qualcomm,Qualcomm® Dragonwing™ IQ-X7181,,Qwen3.5-2B,text-generation,ctx 4096,q4_0,tokens_per_s,4.124072,tokens/s,GENIEX_LLAMACPP,https://huggingface.co/qualcomm/Qwen3.5-2B,official: Qualcomm AI Hub HF card; device chipset as stated 'Qualcomm® Dragonwing™ IQ-X7181'; context length 4096; TTFT range 0.19158145161290321 - 6.130606451612903 s
Qualcomm,Qualcomm® Dragonwing™ Q-8750,,Qwen3.5-2B,text-generation,ctx 4096,q4_0,tokens_per_s,30.230681,tokens/s,GENIEX_LLAMACPP,https://huggingface.co/qualcomm/Qwen3.5-2B,official: Qualcomm AI Hub HF card; device chipset as stated 'Qualcomm® Dragonwing™ Q-8750'; context length 4096; TTFT range 0.7552956774193549 - 24.169461677419356 s
Qualcomm,Qualcomm® Dragonwing™ Q-8750,,Qwen3.5-2B,text-generation,ctx 4096,q4_0,tokens_per_s,27.515449,tokens/s,GENIEX_LLAMACPP,https://huggingface.co/qualcomm/Qwen3.5-2B,official: Qualcomm AI Hub HF card; device chipset as stated 'Qualcomm® Dragonwing™ Q-8750'; context length 4096; TTFT range 0.3283136129032258 - 10.506035612903226 s
Qualcomm,Qualcomm® Dragonwing™ Q-8750,,Qwen3.5-2B,text-generation,ctx 4096,q4_0,tokens_per_s,22.642116,tokens/s,GENIEX_LLAMACPP,https://huggingface.co/qualcomm/Qwen3.5-2B,official: Qualcomm AI Hub HF card; device chipset as stated 'Qualcomm® Dragonwing™ Q-8750'; context length 4096; TTFT range 0.21586203225806452 - 6.907585032258065 s
Qualcomm,Snapdragon® 8 Elite Gen 5 For Galaxy Mobile,,Real-ESRGAN-General-x4v3,image-to-image,128x128,float,latency_ms,2.744,ms,ONNX,https://huggingface.co/qualcomm/Real-ESRGAN-General-x4v3,official: Qualcomm AI Hub HF card; device chipset as stated 'Snapdragon® 8 Elite Gen 5 For Galaxy Mobile'; peak memory 0 - 146 MB; compute unit NPU
Qualcomm,Snapdragon® 8 Elite For Galaxy Mobile,,Real-ESRGAN-General-x4v3,image-to-image,128x128,float,latency_ms,3.494,ms,ONNX,https://huggingface.co/qualcomm/Real-ESRGAN-General-x4v3,official: Qualcomm AI Hub HF card; device chipset as stated 'Snapdragon® 8 Elite For Galaxy Mobile'; peak memory 0 - 144 MB; compute unit NPU
Qualcomm,Snapdragon® X2 Elite,,Real-ESRGAN-General-x4v3,image-to-image,128x128,float,latency_ms,3.445,ms,ONNX,https://huggingface.co/qualcomm/Real-ESRGAN-General-x4v3,official: Qualcomm AI Hub HF card; device chipset as stated 'Snapdragon® X2 Elite'; peak memory 8 - 8 MB; compute unit NPU
Qualcomm,Snapdragon® X Elite,,Real-ESRGAN-General-x4v3,image-to-image,128x128,float,latency_ms,6.182,ms,ONNX,https://huggingface.co/qualcomm/Real-ESRGAN-General-x4v3,official: Qualcomm AI Hub HF card; device chipset as stated 'Snapdragon® X Elite'; peak memory 6 - 6 MB; compute unit NPU
Qualcomm,Snapdragon® 8 Gen 3 Mobile,,Real-ESRGAN-General-x4v3,image-to-image,128x128,float,latency_ms,4.54,ms,ONNX,https://huggingface.co/qualcomm/Real-ESRGAN-General-x4v3,official: Qualcomm AI Hub HF card; device chipset as stated 'Snapdragon® 8 Gen 3 Mobile'; peak memory 6 - 184 MB; compute unit NPU
Qualcomm,Snapdragon® 8 Elite Gen 5 For Galaxy Mobile,,Real-ESRGAN-General-x4v3,image-to-image,128x128,w8a8,latency_ms,0.708,ms,ONNX,https://huggingface.co/qualcomm/Real-ESRGAN-General-x4v3,official: Qualcomm AI Hub HF card; device chipset as stated 'Snapdragon® 8 Elite Gen 5 For Galaxy Mobile'; peak memory 0 - 49 MB; compute unit NPU
Qualcomm,Snapdragon® 8 Elite For Galaxy Mobile,,Real-ESRGAN-General-x4v3,image-to-image,128x128,w8a8,latency_ms,0.95,ms,ONNX,https://huggingface.co/qualcomm/Real-ESRGAN-General-x4v3,official: Qualcomm AI Hub HF card; device chipset as stated 'Snapdragon® 8 Elite For Galaxy Mobile'; peak memory 0 - 47 MB; compute unit NPU
Qualcomm,Snapdragon® X2 Elite,,Real-ESRGAN-General-x4v3,image-to-image,128x128,w8a8,latency_ms,0.85,ms,ONNX,https://huggingface.co/qualcomm/Real-ESRGAN-General-x4v3,official: Qualcomm AI Hub HF card; device chipset as stated 'Snapdragon® X2 Elite'; peak memory 3 - 3 MB; compute unit NPU
Qualcomm,Snapdragon® X Elite,,Real-ESRGAN-General-x4v3,image-to-image,128x128,w8a8,latency_ms,1.8,ms,ONNX,https://huggingface.co/qualcomm/Real-ESRGAN-General-x4v3,official: Qualcomm AI Hub HF card; device chipset as stated 'Snapdragon® X Elite'; peak memory 2 - 2 MB; compute unit NPU
Qualcomm,Snapdragon® 8 Gen 3 Mobile,,Real-ESRGAN-General-x4v3,image-to-image,128x128,w8a8,latency_ms,1.213,ms,ONNX,https://huggingface.co/qualcomm/Real-ESRGAN-General-x4v3,official: Qualcomm AI Hub HF card; device chipset as stated 'Snapdragon® 8 Gen 3 Mobile'; peak memory 0 - 168 MB; compute unit NPU
Qualcomm,Snapdragon® 8 Elite Gen 5 For Galaxy Mobile,,Real-ESRGAN-General-x4v3,image-to-image,128x128,float,latency_ms,2.421,ms,QNN_DLC,https://huggingface.co/qualcomm/Real-ESRGAN-General-x4v3,official: Qualcomm AI Hub HF card; device chipset as stated 'Snapdragon® 8 Elite Gen 5 For Galaxy Mobile'; peak memory 0 - 150 MB; compute unit NPU
Qualcomm,Snapdragon® 8 Elite For Galaxy Mobile,,Real-ESRGAN-General-x4v3,image-to-image,128x128,float,latency_ms,3.22,ms,QNN_DLC,https://huggingface.co/qualcomm/Real-ESRGAN-General-x4v3,official: Qualcomm AI Hub HF card; device chipset as stated 'Snapdragon® 8 Elite For Galaxy Mobile'; peak memory 0 - 147 MB; compute unit NPU
Qualcomm,Snapdragon® X2 Elite,,Real-ESRGAN-General-x4v3,image-to-image,128x128,float,latency_ms,3.552,ms,QNN_DLC,https://huggingface.co/qualcomm/Real-ESRGAN-General-x4v3,official: Qualcomm AI Hub HF card; device chipset as stated 'Snapdragon® X2 Elite'; peak memory 0 - 0 MB; compute unit NPU
Qualcomm,Snapdragon® X Elite,,Real-ESRGAN-General-x4v3,image-to-image,128x128,float,latency_ms,6.261,ms,QNN_DLC,https://huggingface.co/qualcomm/Real-ESRGAN-General-x4v3,official: Qualcomm AI Hub HF card; device chipset as stated 'Snapdragon® X Elite'; peak memory 0 - 0 MB; compute unit NPU
Qualcomm,Snapdragon® 8 Gen 3 Mobile,,Real-ESRGAN-General-x4v3,image-to-image,128x128,float,latency_ms,4.273,ms,QNN_DLC,https://huggingface.co/qualcomm/Real-ESRGAN-General-x4v3,official: Qualcomm AI Hub HF card; device chipset as stated 'Snapdragon® 8 Gen 3 Mobile'; peak memory 0 - 173 MB; compute unit NPU
Qualcomm,Snapdragon® 8 Elite Gen 5 For Galaxy Mobile,,Real-ESRGAN-General-x4v3,image-to-image,128x128,w8a8,latency_ms,0.669,ms,QNN_DLC,https://huggingface.co/qualcomm/Real-ESRGAN-General-x4v3,official: Qualcomm AI Hub HF card; device chipset as stated 'Snapdragon® 8 Elite Gen 5 For Galaxy Mobile'; peak memory 0 - 40 MB; compute unit NPU
Qualcomm,Snapdragon® 8 Elite For Galaxy Mobile,,Real-ESRGAN-General-x4v3,image-to-image,128x128,w8a8,latency_ms,0.919,ms,QNN_DLC,https://huggingface.co/qualcomm/Real-ESRGAN-General-x4v3,official: Qualcomm AI Hub HF card; device chipset as stated 'Snapdragon® 8 Elite For Galaxy Mobile'; peak memory 0 - 38 MB; compute unit NPU
Qualcomm,Snapdragon® X2 Elite,,Real-ESRGAN-General-x4v3,image-to-image,128x128,w8a8,latency_ms,0.975,ms,QNN_DLC,https://huggingface.co/qualcomm/Real-ESRGAN-General-x4v3,official: Qualcomm AI Hub HF card; device chipset as stated 'Snapdragon® X2 Elite'; peak memory 0 - 0 MB; compute unit NPU
Qualcomm,Snapdragon® X Elite,,Real-ESRGAN-General-x4v3,image-to-image,128x128,w8a8,latency_ms,1.983,ms,QNN_DLC,https://huggingface.co/qualcomm/Real-ESRGAN-General-x4v3,official: Qualcomm AI Hub HF card; device chipset as stated 'Snapdragon® X Elite'; peak memory 0 - 0 MB; compute unit NPU
Qualcomm,Snapdragon® 8 Gen 3 Mobile,,Real-ESRGAN-General-x4v3,image-to-image,128x128,w8a8,latency_ms,1.237,ms,QNN_DLC,https://huggingface.co/qualcomm/Real-ESRGAN-General-x4v3,official: Qualcomm AI Hub HF card; device chipset as stated 'Snapdragon® 8 Gen 3 Mobile'; peak memory 0 - 163 MB; compute unit NPU
Qualcomm,Snapdragon® 8 Elite Gen 5 For Galaxy Mobile,,Real-ESRGAN-General-x4v3,image-to-image,128x128,float,latency_ms,2.421,ms,TFLITE,https://huggingface.co/qualcomm/Real-ESRGAN-General-x4v3,official: Qualcomm AI Hub HF card; device chipset as stated 'Snapdragon® 8 Elite Gen 5 For Galaxy Mobile'; peak memory 0 - 153 MB; compute unit NPU
Qualcomm,Snapdragon® 8 Elite For Galaxy Mobile,,Real-ESRGAN-General-x4v3,image-to-image,128x128,float,latency_ms,3.265,ms,TFLITE,https://huggingface.co/qualcomm/Real-ESRGAN-General-x4v3,official: Qualcomm AI Hub HF card; device chipset as stated 'Snapdragon® 8 Elite For Galaxy Mobile'; peak memory 0 - 155 MB; compute unit NPU
Qualcomm,Snapdragon® 8 Gen 3 Mobile,,Real-ESRGAN-General-x4v3,image-to-image,128x128,float,latency_ms,4.264,ms,TFLITE,https://huggingface.co/qualcomm/Real-ESRGAN-General-x4v3,official: Qualcomm AI Hub HF card; device chipset as stated 'Snapdragon® 8 Gen 3 Mobile'; peak memory 0 - 175 MB; compute unit NPU
Qualcomm,Snapdragon® 8 Elite Gen 5 For Galaxy Mobile,,Real-ESRGAN-General-x4v3,image-to-image,128x128,w8a8,latency_ms,0.67,ms,TFLITE,https://huggingface.co/qualcomm/Real-ESRGAN-General-x4v3,official: Qualcomm AI Hub HF card; device chipset as stated 'Snapdragon® 8 Elite Gen 5 For Galaxy Mobile'; peak memory 0 - 41 MB; compute unit NPU
Qualcomm,Snapdragon® 8 Elite For Galaxy Mobile,,Real-ESRGAN-General-x4v3,image-to-image,128x128,w8a8,latency_ms,0.938,ms,TFLITE,https://huggingface.co/qualcomm/Real-ESRGAN-General-x4v3,official: Qualcomm AI Hub HF card; device chipset as stated 'Snapdragon® 8 Elite For Galaxy Mobile'; peak memory 0 - 38 MB; compute unit NPU
Qualcomm,Snapdragon® 8 Gen 3 Mobile,,Real-ESRGAN-General-x4v3,image-to-image,128x128,w8a8,latency_ms,1.236,ms,TFLITE,https://huggingface.co/qualcomm/Real-ESRGAN-General-x4v3,official: Qualcomm AI Hub HF card; device chipset as stated 'Snapdragon® 8 Gen 3 Mobile'; peak memory 0 - 161 MB; compute unit NPU
Qualcomm,Snapdragon® 8 Elite Gen 5 For Galaxy Mobile,,Real-ESRGAN-x4plus,image-to-image,128x128,float,latency_ms,26.36,ms,ONNX,https://huggingface.co/qualcomm/Real-ESRGAN-x4plus,official: Qualcomm AI Hub HF card; device chipset as stated 'Snapdragon® 8 Elite Gen 5 For Galaxy Mobile'; peak memory 5 - 336 MB; compute unit NPU
Qualcomm,Snapdragon® 8 Elite For Galaxy Mobile,,Real-ESRGAN-x4plus,image-to-image,128x128,float,latency_ms,39.755,ms,ONNX,https://huggingface.co/qualcomm/Real-ESRGAN-x4plus,official: Qualcomm AI Hub HF card; device chipset as stated 'Snapdragon® 8 Elite For Galaxy Mobile'; peak memory 6 - 331 MB; compute unit NPU
Qualcomm,Snapdragon® X2 Elite,,Real-ESRGAN-x4plus,image-to-image,128x128,float,latency_ms,34.678,ms,ONNX,https://huggingface.co/qualcomm/Real-ESRGAN-x4plus,official: Qualcomm AI Hub HF card; device chipset as stated 'Snapdragon® X2 Elite'; peak memory 8 - 8 MB; compute unit NPU
Qualcomm,Snapdragon® X Elite,,Real-ESRGAN-x4plus,image-to-image,128x128,float,latency_ms,65.211,ms,ONNX,https://huggingface.co/qualcomm/Real-ESRGAN-x4plus,official: Qualcomm AI Hub HF card; device chipset as stated 'Snapdragon® X Elite'; peak memory 38 - 38 MB; compute unit NPU
Qualcomm,Snapdragon® 8 Gen 3 Mobile,,Real-ESRGAN-x4plus,image-to-image,128x128,float,latency_ms,49.905,ms,ONNX,https://huggingface.co/qualcomm/Real-ESRGAN-x4plus,official: Qualcomm AI Hub HF card; device chipset as stated 'Snapdragon® 8 Gen 3 Mobile'; peak memory 0 - 718 MB; compute unit NPU
Qualcomm,Snapdragon® 8 Elite Gen 5 For Galaxy Mobile,,Real-ESRGAN-x4plus,image-to-image,128x128,w8a8,latency_ms,8.616,ms,ONNX,https://huggingface.co/qualcomm/Real-ESRGAN-x4plus,official: Qualcomm AI Hub HF card; device chipset as stated 'Snapdragon® 8 Elite Gen 5 For Galaxy Mobile'; peak memory 2 - 464 MB; compute unit NPU
Qualcomm,Snapdragon® 8 Elite For Galaxy Mobile,,Real-ESRGAN-x4plus,image-to-image,128x128,w8a8,latency_ms,12.296,ms,ONNX,https://huggingface.co/qualcomm/Real-ESRGAN-x4plus,official: Qualcomm AI Hub HF card; device chipset as stated 'Snapdragon® 8 Elite For Galaxy Mobile'; peak memory 2 - 456 MB; compute unit NPU
Qualcomm,Snapdragon® X2 Elite,,Real-ESRGAN-x4plus,image-to-image,128x128,w8a8,latency_ms,9.581,ms,ONNX,https://huggingface.co/qualcomm/Real-ESRGAN-x4plus,official: Qualcomm AI Hub HF card; device chipset as stated 'Snapdragon® X2 Elite'; peak memory 3 - 3 MB; compute unit NPU
Qualcomm,Snapdragon® X Elite,,Real-ESRGAN-x4plus,image-to-image,128x128,w8a8,latency_ms,23.347,ms,ONNX,https://huggingface.co/qualcomm/Real-ESRGAN-x4plus,official: Qualcomm AI Hub HF card; device chipset as stated 'Snapdragon® X Elite'; peak memory 22 - 22 MB; compute unit NPU
Qualcomm,Snapdragon® 8 Gen 3 Mobile,,Real-ESRGAN-x4plus,image-to-image,128x128,w8a8,latency_ms,15.407,ms,ONNX,https://huggingface.co/qualcomm/Real-ESRGAN-x4plus,official: Qualcomm AI Hub HF card; device chipset as stated 'Snapdragon® 8 Gen 3 Mobile'; peak memory 2 - 727 MB; compute unit NPU
Qualcomm,Snapdragon® 8 Elite Gen 5 For Galaxy Mobile,,Real-ESRGAN-x4plus,image-to-image,128x128,float,latency_ms,25.57,ms,QNN_DLC,https://huggingface.co/qualcomm/Real-ESRGAN-x4plus,official: Qualcomm AI Hub HF card; device chipset as stated 'Snapdragon® 8 Elite Gen 5 For Galaxy Mobile'; peak memory 0 - 313 MB; compute unit NPU
Qualcomm,Snapdragon® 8 Elite For Galaxy Mobile,,Real-ESRGAN-x4plus,image-to-image,128x128,float,latency_ms,37.479,ms,QNN_DLC,https://huggingface.co/qualcomm/Real-ESRGAN-x4plus,official: Qualcomm AI Hub HF card; device chipset as stated 'Snapdragon® 8 Elite For Galaxy Mobile'; peak memory 0 - 308 MB; compute unit NPU
Qualcomm,Snapdragon® X2 Elite,,Real-ESRGAN-x4plus,image-to-image,128x128,float,latency_ms,34.554,ms,QNN_DLC,https://huggingface.co/qualcomm/Real-ESRGAN-x4plus,official: Qualcomm AI Hub HF card; device chipset as stated 'Snapdragon® X2 Elite'; peak memory 0 - 0 MB; compute unit NPU
Qualcomm,Snapdragon® X Elite,,Real-ESRGAN-x4plus,image-to-image,128x128,float,latency_ms,64.864,ms,QNN_DLC,https://huggingface.co/qualcomm/Real-ESRGAN-x4plus,official: Qualcomm AI Hub HF card; device chipset as stated 'Snapdragon® X Elite'; peak memory 0 - 0 MB; compute unit NPU
Qualcomm,Snapdragon® 8 Gen 3 Mobile,,Real-ESRGAN-x4plus,image-to-image,128x128,float,latency_ms,49.348,ms,QNN_DLC,https://huggingface.co/qualcomm/Real-ESRGAN-x4plus,official: Qualcomm AI Hub HF card; device chipset as stated 'Snapdragon® 8 Gen 3 Mobile'; peak memory 0 - 674 MB; compute unit NPU
Qualcomm,Snapdragon® 8 Elite Gen 5 For Galaxy Mobile,,Real-ESRGAN-x4plus,image-to-image,128x128,w8a8,latency_ms,8.494,ms,QNN_DLC,https://huggingface.co/qualcomm/Real-ESRGAN-x4plus,official: Qualcomm AI Hub HF card; device chipset as stated 'Snapdragon® 8 Elite Gen 5 For Galaxy Mobile'; peak memory 0 - 396 MB; compute unit NPU
Qualcomm,Snapdragon® 8 Elite For Galaxy Mobile,,Real-ESRGAN-x4plus,image-to-image,128x128,w8a8,latency_ms,11.901,ms,QNN_DLC,https://huggingface.co/qualcomm/Real-ESRGAN-x4plus,official: Qualcomm AI Hub HF card; device chipset as stated 'Snapdragon® 8 Elite For Galaxy Mobile'; peak memory 0 - 386 MB; compute unit NPU
Qualcomm,Snapdragon® X2 Elite,,Real-ESRGAN-x4plus,image-to-image,128x128,w8a8,latency_ms,10.077,ms,QNN_DLC,https://huggingface.co/qualcomm/Real-ESRGAN-x4plus,official: Qualcomm AI Hub HF card; device chipset as stated 'Snapdragon® X2 Elite'; peak memory 0 - 0 MB; compute unit NPU
Qualcomm,Snapdragon® X Elite,,Real-ESRGAN-x4plus,image-to-image,128x128,w8a8,latency_ms,24.917,ms,QNN_DLC,https://huggingface.co/qualcomm/Real-ESRGAN-x4plus,official: Qualcomm AI Hub HF card; device chipset as stated 'Snapdragon® X Elite'; peak memory 0 - 0 MB; compute unit NPU
Qualcomm,Snapdragon® 8 Gen 3 Mobile,,Real-ESRGAN-x4plus,image-to-image,128x128,w8a8,latency_ms,15.406,ms,QNN_DLC,https://huggingface.co/qualcomm/Real-ESRGAN-x4plus,official: Qualcomm AI Hub HF card; device chipset as stated 'Snapdragon® 8 Gen 3 Mobile'; peak memory 0 - 642 MB; compute unit NPU
Qualcomm,Snapdragon® 8 Elite Gen 5 For Galaxy Mobile,,Real-ESRGAN-x4plus,image-to-image,128x128,float,latency_ms,25.91,ms,TFLITE,https://huggingface.co/qualcomm/Real-ESRGAN-x4plus,official: Qualcomm AI Hub HF card; device chipset as stated 'Snapdragon® 8 Elite Gen 5 For Galaxy Mobile'; peak memory 0 - 346 MB; compute unit NPU
Qualcomm,Snapdragon® 8 Elite For Galaxy Mobile,,Real-ESRGAN-x4plus,image-to-image,128x128,float,latency_ms,36.676,ms,TFLITE,https://huggingface.co/qualcomm/Real-ESRGAN-x4plus,official: Qualcomm AI Hub HF card; device chipset as stated 'Snapdragon® 8 Elite For Galaxy Mobile'; peak memory 3 - 348 MB; compute unit NPU
Qualcomm,Snapdragon® 8 Gen 3 Mobile,,Real-ESRGAN-x4plus,image-to-image,128x128,float,latency_ms,49.019,ms,TFLITE,https://huggingface.co/qualcomm/Real-ESRGAN-x4plus,official: Qualcomm AI Hub HF card; device chipset as stated 'Snapdragon® 8 Gen 3 Mobile'; peak memory 3 - 719 MB; compute unit NPU
Qualcomm,Snapdragon® 8 Elite Gen 5 For Galaxy Mobile,,Real-ESRGAN-x4plus,image-to-image,128x128,w8a8,latency_ms,7.057,ms,TFLITE,https://huggingface.co/qualcomm/Real-ESRGAN-x4plus,official: Qualcomm AI Hub HF card; device chipset as stated 'Snapdragon® 8 Elite Gen 5 For Galaxy Mobile'; peak memory 1 - 438 MB; compute unit NPU
Qualcomm,Snapdragon® 8 Elite For Galaxy Mobile,,Real-ESRGAN-x4plus,image-to-image,128x128,w8a8,latency_ms,11.52,ms,TFLITE,https://huggingface.co/qualcomm/Real-ESRGAN-x4plus,official: Qualcomm AI Hub HF card; device chipset as stated 'Snapdragon® 8 Elite For Galaxy Mobile'; peak memory 1 - 421 MB; compute unit NPU
Qualcomm,Snapdragon® 8 Gen 3 Mobile,,Real-ESRGAN-x4plus,image-to-image,128x128,w8a8,latency_ms,14.193,ms,TFLITE,https://huggingface.co/qualcomm/Real-ESRGAN-x4plus,official: Qualcomm AI Hub HF card; device chipset as stated 'Snapdragon® 8 Gen 3 Mobile'; peak memory 1 - 609 MB; compute unit NPU
Qualcomm,Snapdragon® 8 Elite Gen 5 For Galaxy Mobile,,ResNet101,image-classification,224x224,float,latency_ms,1.63,ms,ONNX,https://huggingface.co/qualcomm/ResNet101,official: Qualcomm AI Hub HF card; device chipset as stated 'Snapdragon® 8 Elite Gen 5 For Galaxy Mobile'; peak memory 0 - 70 MB; compute unit NPU
Qualcomm,Snapdragon® 8 Elite For Galaxy Mobile,,ResNet101,image-classification,224x224,float,latency_ms,1.866,ms,ONNX,https://huggingface.co/qualcomm/ResNet101,official: Qualcomm AI Hub HF card; device chipset as stated 'Snapdragon® 8 Elite For Galaxy Mobile'; peak memory 0 - 71 MB; compute unit NPU
Qualcomm,Snapdragon® X2 Elite,,ResNet101,image-classification,224x224,float,latency_ms,1.605,ms,ONNX,https://huggingface.co/qualcomm/ResNet101,official: Qualcomm AI Hub HF card; device chipset as stated 'Snapdragon® X2 Elite'; peak memory 2 - 2 MB; compute unit NPU
Qualcomm,Snapdragon® X Elite,,ResNet101,image-classification,224x224,float,latency_ms,3.023,ms,ONNX,https://huggingface.co/qualcomm/ResNet101,official: Qualcomm AI Hub HF card; device chipset as stated 'Snapdragon® X Elite'; peak memory 86 - 86 MB; compute unit NPU
Qualcomm,Snapdragon® 8 Gen 3 Mobile,,ResNet101,image-classification,224x224,float,latency_ms,2.238,ms,ONNX,https://huggingface.co/qualcomm/ResNet101,official: Qualcomm AI Hub HF card; device chipset as stated 'Snapdragon® 8 Gen 3 Mobile'; peak memory 0 - 127 MB; compute unit NPU
Qualcomm,Snapdragon® 8 Elite Gen 5 For Galaxy Mobile,,ResNet101,image-classification,224x224,w8a8,latency_ms,0.811,ms,ONNX,https://huggingface.co/qualcomm/ResNet101,official: Qualcomm AI Hub HF card; device chipset as stated 'Snapdragon® 8 Elite Gen 5 For Galaxy Mobile'; peak memory 0 - 86 MB; compute unit NPU
Qualcomm,Snapdragon® 8 Elite For Galaxy Mobile,,ResNet101,image-classification,224x224,w8a8,latency_ms,0.849,ms,ONNX,https://huggingface.co/qualcomm/ResNet101,official: Qualcomm AI Hub HF card; device chipset as stated 'Snapdragon® 8 Elite For Galaxy Mobile'; peak memory 0 - 85 MB; compute unit NPU
Qualcomm,Snapdragon® X2 Elite,,ResNet101,image-classification,224x224,w8a8,latency_ms,0.563,ms,ONNX,https://huggingface.co/qualcomm/ResNet101,official: Qualcomm AI Hub HF card; device chipset as stated 'Snapdragon® X2 Elite'; peak memory 1 - 1 MB; compute unit NPU
Qualcomm,Snapdragon® X Elite,,ResNet101,image-classification,224x224,w8a8,latency_ms,1.144,ms,ONNX,https://huggingface.co/qualcomm/ResNet101,official: Qualcomm AI Hub HF card; device chipset as stated 'Snapdragon® X Elite'; peak memory 43 - 43 MB; compute unit NPU
Qualcomm,Snapdragon® 8 Gen 3 Mobile,,ResNet101,image-classification,224x224,w8a8,latency_ms,0.973,ms,ONNX,https://huggingface.co/qualcomm/ResNet101,official: Qualcomm AI Hub HF card; device chipset as stated 'Snapdragon® 8 Gen 3 Mobile'; peak memory 0 - 147 MB; compute unit NPU
Qualcomm,Snapdragon® 8 Elite Gen 5 For Galaxy Mobile,,ResNet101,image-classification,224x224,float,latency_ms,1.67,ms,QNN_DLC,https://huggingface.co/qualcomm/ResNet101,official: Qualcomm AI Hub HF card; device chipset as stated 'Snapdragon® 8 Elite Gen 5 For Galaxy Mobile'; peak memory 1 - 70 MB; compute unit NPU
Qualcomm,Snapdragon® 8 Elite For Galaxy Mobile,,ResNet101,image-classification,224x224,float,latency_ms,1.967,ms,QNN_DLC,https://huggingface.co/qualcomm/ResNet101,official: Qualcomm AI Hub HF card; device chipset as stated 'Snapdragon® 8 Elite For Galaxy Mobile'; peak memory 0 - 67 MB; compute unit NPU
Qualcomm,Snapdragon® X2 Elite,,ResNet101,image-classification,224x224,float,latency_ms,1.979,ms,QNN_DLC,https://huggingface.co/qualcomm/ResNet101,official: Qualcomm AI Hub HF card; device chipset as stated 'Snapdragon® X2 Elite'; peak memory 1 - 1 MB; compute unit NPU
Qualcomm,Snapdragon® X Elite,,ResNet101,image-classification,224x224,float,latency_ms,3.554,ms,QNN_DLC,https://huggingface.co/qualcomm/ResNet101,official: Qualcomm AI Hub HF card; device chipset as stated 'Snapdragon® X Elite'; peak memory 1 - 1 MB; compute unit NPU
Qualcomm,Snapdragon® 8 Gen 3 Mobile,,ResNet101,image-classification,224x224,float,latency_ms,2.398,ms,QNN_DLC,https://huggingface.co/qualcomm/ResNet101,official: Qualcomm AI Hub HF card; device chipset as stated 'Snapdragon® 8 Gen 3 Mobile'; peak memory 0 - 125 MB; compute unit NPU
Qualcomm,Snapdragon® 8 Elite Gen 5 For Galaxy Mobile,,ResNet101,image-classification,224x224,w8a8,latency_ms,0.731,ms,QNN_DLC,https://huggingface.co/qualcomm/ResNet101,official: Qualcomm AI Hub HF card; device chipset as stated 'Snapdragon® 8 Elite Gen 5 For Galaxy Mobile'; peak memory 0 - 80 MB; compute unit NPU
Qualcomm,Snapdragon® 8 Elite For Galaxy Mobile,,ResNet101,image-classification,224x224,w8a8,latency_ms,0.779,ms,QNN_DLC,https://huggingface.co/qualcomm/ResNet101,official: Qualcomm AI Hub HF card; device chipset as stated 'Snapdragon® 8 Elite For Galaxy Mobile'; peak memory 0 - 77 MB; compute unit NPU
Qualcomm,Snapdragon® X2 Elite,,ResNet101,image-classification,224x224,w8a8,latency_ms,0.637,ms,QNN_DLC,https://huggingface.co/qualcomm/ResNet101,official: Qualcomm AI Hub HF card; device chipset as stated 'Snapdragon® X2 Elite'; peak memory 0 - 0 MB; compute unit NPU
Qualcomm,Snapdragon® X Elite,,ResNet101,image-classification,224x224,w8a8,latency_ms,1.266,ms,QNN_DLC,https://huggingface.co/qualcomm/ResNet101,official: Qualcomm AI Hub HF card; device chipset as stated 'Snapdragon® X Elite'; peak memory 1 - 1 MB; compute unit NPU
Qualcomm,Snapdragon® 8 Gen 3 Mobile,,ResNet101,image-classification,224x224,w8a8,latency_ms,0.97,ms,QNN_DLC,https://huggingface.co/qualcomm/ResNet101,official: Qualcomm AI Hub HF card; device chipset as stated 'Snapdragon® 8 Gen 3 Mobile'; peak memory 0 - 133 MB; compute unit NPU
Qualcomm,Snapdragon® 8 Elite Gen 5 For Galaxy Mobile,,ResNet101,image-classification,224x224,float,latency_ms,1.664,ms,TFLITE,https://huggingface.co/qualcomm/ResNet101,official: Qualcomm AI Hub HF card; device chipset as stated 'Snapdragon® 8 Elite Gen 5 For Galaxy Mobile'; peak memory 0 - 118 MB; compute unit NPU
Qualcomm,Snapdragon® 8 Elite For Galaxy Mobile,,ResNet101,image-classification,224x224,float,latency_ms,1.933,ms,TFLITE,https://huggingface.co/qualcomm/ResNet101,official: Qualcomm AI Hub HF card; device chipset as stated 'Snapdragon® 8 Elite For Galaxy Mobile'; peak memory 0 - 115 MB; compute unit NPU
Qualcomm,Snapdragon® 8 Gen 3 Mobile,,ResNet101,image-classification,224x224,float,latency_ms,2.402,ms,TFLITE,https://huggingface.co/qualcomm/ResNet101,official: Qualcomm AI Hub HF card; device chipset as stated 'Snapdragon® 8 Gen 3 Mobile'; peak memory 0 - 181 MB; compute unit NPU
Qualcomm,Snapdragon® 8 Elite Gen 5 For Galaxy Mobile,,ResNet101,image-classification,224x224,w8a8,latency_ms,0.702,ms,TFLITE,https://huggingface.co/qualcomm/ResNet101,official: Qualcomm AI Hub HF card; device chipset as stated 'Snapdragon® 8 Elite Gen 5 For Galaxy Mobile'; peak memory 0 - 75 MB; compute unit NPU
Qualcomm,Snapdragon® 8 Elite For Galaxy Mobile,,ResNet101,image-classification,224x224,w8a8,latency_ms,0.733,ms,TFLITE,https://huggingface.co/qualcomm/ResNet101,official: Qualcomm AI Hub HF card; device chipset as stated 'Snapdragon® 8 Elite For Galaxy Mobile'; peak memory 0 - 72 MB; compute unit NPU
Qualcomm,Snapdragon® 8 Gen 3 Mobile,,ResNet101,image-classification,224x224,w8a8,latency_ms,0.88,ms,TFLITE,https://huggingface.co/qualcomm/ResNet101,official: Qualcomm AI Hub HF card; device chipset as stated 'Snapdragon® 8 Gen 3 Mobile'; peak memory 0 - 133 MB; compute unit NPU
Qualcomm,Snapdragon® 8 Elite Gen 5 For Galaxy Mobile,,ResNet18,image-classification,224x224,float,latency_ms,0.551,ms,ONNX,https://huggingface.co/qualcomm/ResNet18,official: Qualcomm AI Hub HF card; device chipset as stated 'Snapdragon® 8 Elite Gen 5 For Galaxy Mobile'; peak memory 0 - 27 MB; compute unit NPU
Qualcomm,Snapdragon® 8 Elite For Galaxy Mobile,,ResNet18,image-classification,224x224,float,latency_ms,0.618,ms,ONNX,https://huggingface.co/qualcomm/ResNet18,official: Qualcomm AI Hub HF card; device chipset as stated 'Snapdragon® 8 Elite For Galaxy Mobile'; peak memory 0 - 31 MB; compute unit NPU
Qualcomm,Snapdragon® X2 Elite,,ResNet18,image-classification,224x224,float,latency_ms,0.519,ms,ONNX,https://huggingface.co/qualcomm/ResNet18,official: Qualcomm AI Hub HF card; device chipset as stated 'Snapdragon® X2 Elite'; peak memory 2 - 2 MB; compute unit NPU
Qualcomm,Snapdragon® X Elite,,ResNet18,image-classification,224x224,float,latency_ms,1.019,ms,ONNX,https://huggingface.co/qualcomm/ResNet18,official: Qualcomm AI Hub HF card; device chipset as stated 'Snapdragon® X Elite'; peak memory 23 - 23 MB; compute unit NPU
Qualcomm,Snapdragon® 8 Gen 3 Mobile,,ResNet18,image-classification,224x224,float,latency_ms,0.752,ms,ONNX,https://huggingface.co/qualcomm/ResNet18,official: Qualcomm AI Hub HF card; device chipset as stated 'Snapdragon® 8 Gen 3 Mobile'; peak memory 0 - 39 MB; compute unit NPU
Qualcomm,Snapdragon® 8 Elite Gen 5 For Galaxy Mobile,,ResNet18,image-classification,224x224,w8a8,latency_ms,0.347,ms,ONNX,https://huggingface.co/qualcomm/ResNet18,official: Qualcomm AI Hub HF card; device chipset as stated 'Snapdragon® 8 Elite Gen 5 For Galaxy Mobile'; peak memory 0 - 30 MB; compute unit NPU
Qualcomm,Snapdragon® 8 Elite For Galaxy Mobile,,ResNet18,image-classification,224x224,w8a8,latency_ms,0.359,ms,ONNX,https://huggingface.co/qualcomm/ResNet18,official: Qualcomm AI Hub HF card; device chipset as stated 'Snapdragon® 8 Elite For Galaxy Mobile'; peak memory 0 - 33 MB; compute unit NPU
Qualcomm,Snapdragon® X2 Elite,,ResNet18,image-classification,224x224,w8a8,latency_ms,0.33,ms,ONNX,https://huggingface.co/qualcomm/ResNet18,official: Qualcomm AI Hub HF card; device chipset as stated 'Snapdragon® X2 Elite'; peak memory 1 - 1 MB; compute unit NPU
Qualcomm,Snapdragon® X Elite,,ResNet18,image-classification,224x224,w8a8,latency_ms,0.504,ms,ONNX,https://huggingface.co/qualcomm/ResNet18,official: Qualcomm AI Hub HF card; device chipset as stated 'Snapdragon® X Elite'; peak memory 11 - 11 MB; compute unit NPU
Qualcomm,Snapdragon® 8 Gen 3 Mobile,,ResNet18,image-classification,224x224,w8a8,latency_ms,0.416,ms,ONNX,https://huggingface.co/qualcomm/ResNet18,official: Qualcomm AI Hub HF card; device chipset as stated 'Snapdragon® 8 Gen 3 Mobile'; peak memory 0 - 55 MB; compute unit NPU
Qualcomm,Snapdragon® 8 Elite Gen 5 For Galaxy Mobile,,ResNet18,image-classification,224x224,float,latency_ms,0.579,ms,QNN_DLC,https://huggingface.co/qualcomm/ResNet18,official: Qualcomm AI Hub HF card; device chipset as stated 'Snapdragon® 8 Elite Gen 5 For Galaxy Mobile'; peak memory 0 - 28 MB; compute unit NPU
Qualcomm,Snapdragon® 8 Elite For Galaxy Mobile,,ResNet18,image-classification,224x224,float,latency_ms,0.71,ms,QNN_DLC,https://huggingface.co/qualcomm/ResNet18,official: Qualcomm AI Hub HF card; device chipset as stated 'Snapdragon® 8 Elite For Galaxy Mobile'; peak memory 1 - 27 MB; compute unit NPU
Qualcomm,Snapdragon® X2 Elite,,ResNet18,image-classification,224x224,float,latency_ms,0.709,ms,QNN_DLC,https://huggingface.co/qualcomm/ResNet18,official: Qualcomm AI Hub HF card; device chipset as stated 'Snapdragon® X2 Elite'; peak memory 1 - 1 MB; compute unit NPU
Qualcomm,Snapdragon® X Elite,,ResNet18,image-classification,224x224,float,latency_ms,1.432,ms,QNN_DLC,https://huggingface.co/qualcomm/ResNet18,official: Qualcomm AI Hub HF card; device chipset as stated 'Snapdragon® X Elite'; peak memory 1 - 1 MB; compute unit NPU
Qualcomm,Snapdragon® 8 Gen 3 Mobile,,ResNet18,image-classification,224x224,float,latency_ms,0.928,ms,QNN_DLC,https://huggingface.co/qualcomm/ResNet18,official: Qualcomm AI Hub HF card; device chipset as stated 'Snapdragon® 8 Gen 3 Mobile'; peak memory 0 - 39 MB; compute unit NPU
Qualcomm,Snapdragon® 8 Elite Gen 5 For Galaxy Mobile,,ResNet18,image-classification,224x224,w8a8,latency_ms,0.274,ms,QNN_DLC,https://huggingface.co/qualcomm/ResNet18,official: Qualcomm AI Hub HF card; device chipset as stated 'Snapdragon® 8 Elite Gen 5 For Galaxy Mobile'; peak memory 0 - 28 MB; compute unit NPU
Qualcomm,Snapdragon® 8 Elite For Galaxy Mobile,,ResNet18,image-classification,224x224,w8a8,latency_ms,0.303,ms,QNN_DLC,https://huggingface.co/qualcomm/ResNet18,official: Qualcomm AI Hub HF card; device chipset as stated 'Snapdragon® 8 Elite For Galaxy Mobile'; peak memory 0 - 26 MB; compute unit NPU
Qualcomm,Snapdragon® X2 Elite,,ResNet18,image-classification,224x224,w8a8,latency_ms,0.302,ms,QNN_DLC,https://huggingface.co/qualcomm/ResNet18,official: Qualcomm AI Hub HF card; device chipset as stated 'Snapdragon® X2 Elite'; peak memory 0 - 0 MB; compute unit NPU
Qualcomm,Snapdragon® X Elite,,ResNet18,image-classification,224x224,w8a8,latency_ms,0.609,ms,QNN_DLC,https://huggingface.co/qualcomm/ResNet18,official: Qualcomm AI Hub HF card; device chipset as stated 'Snapdragon® X Elite'; peak memory 0 - 0 MB; compute unit NPU
Qualcomm,Snapdragon® 8 Gen 3 Mobile,,ResNet18,image-classification,224x224,w8a8,latency_ms,0.421,ms,QNN_DLC,https://huggingface.co/qualcomm/ResNet18,official: Qualcomm AI Hub HF card; device chipset as stated 'Snapdragon® 8 Gen 3 Mobile'; peak memory 0 - 51 MB; compute unit NPU
Qualcomm,Snapdragon® 8 Elite Gen 5 For Galaxy Mobile,,ResNet18,image-classification,224x224,float,latency_ms,0.594,ms,TFLITE,https://huggingface.co/qualcomm/ResNet18,official: Qualcomm AI Hub HF card; device chipset as stated 'Snapdragon® 8 Elite Gen 5 For Galaxy Mobile'; peak memory 0 - 31 MB; compute unit NPU
Qualcomm,Snapdragon® 8 Elite For Galaxy Mobile,,ResNet18,image-classification,224x224,float,latency_ms,0.725,ms,TFLITE,https://huggingface.co/qualcomm/ResNet18,official: Qualcomm AI Hub HF card; device chipset as stated 'Snapdragon® 8 Elite For Galaxy Mobile'; peak memory 0 - 34 MB; compute unit NPU
Qualcomm,Snapdragon® 8 Gen 3 Mobile,,ResNet18,image-classification,224x224,float,latency_ms,0.919,ms,TFLITE,https://huggingface.co/qualcomm/ResNet18,official: Qualcomm AI Hub HF card; device chipset as stated 'Snapdragon® 8 Gen 3 Mobile'; peak memory 0 - 60 MB; compute unit NPU
Qualcomm,Snapdragon® 8 Elite Gen 5 For Galaxy Mobile,,ResNet18,image-classification,224x224,w8a8,latency_ms,0.229,ms,TFLITE,https://huggingface.co/qualcomm/ResNet18,official: Qualcomm AI Hub HF card; device chipset as stated 'Snapdragon® 8 Elite Gen 5 For Galaxy Mobile'; peak memory 0 - 27 MB; compute unit NPU
Qualcomm,Snapdragon® 8 Elite For Galaxy Mobile,,ResNet18,image-classification,224x224,w8a8,latency_ms,0.253,ms,TFLITE,https://huggingface.co/qualcomm/ResNet18,official: Qualcomm AI Hub HF card; device chipset as stated 'Snapdragon® 8 Elite For Galaxy Mobile'; peak memory 0 - 26 MB; compute unit NPU
Qualcomm,Snapdragon® 8 Gen 3 Mobile,,ResNet18,image-classification,224x224,w8a8,latency_ms,0.298,ms,TFLITE,https://huggingface.co/qualcomm/ResNet18,official: Qualcomm AI Hub HF card; device chipset as stated 'Snapdragon® 8 Gen 3 Mobile'; peak memory 0 - 51 MB; compute unit NPU
Qualcomm,Snapdragon® 8 Elite Gen 5 For Galaxy Mobile,,ResNet50,image-classification,224x224,float,latency_ms,1.07,ms,ONNX,https://huggingface.co/qualcomm/ResNet50,official: Qualcomm AI Hub HF card; device chipset as stated 'Snapdragon® 8 Elite Gen 5 For Galaxy Mobile'; peak memory 0 - 53 MB; compute unit NPU
Qualcomm,Snapdragon® 8 Elite For Galaxy Mobile,,ResNet50,image-classification,224x224,float,latency_ms,1.224,ms,ONNX,https://huggingface.co/qualcomm/ResNet50,official: Qualcomm AI Hub HF card; device chipset as stated 'Snapdragon® 8 Elite For Galaxy Mobile'; peak memory 0 - 50 MB; compute unit NPU
Qualcomm,Snapdragon® X2 Elite,,ResNet50,image-classification,224x224,float,latency_ms,0.964,ms,ONNX,https://huggingface.co/qualcomm/ResNet50,official: Qualcomm AI Hub HF card; device chipset as stated 'Snapdragon® X2 Elite'; peak memory 2 - 2 MB; compute unit NPU
Qualcomm,Snapdragon® X Elite,,ResNet50,image-classification,224x224,float,latency_ms,1.922,ms,ONNX,https://huggingface.co/qualcomm/ResNet50,official: Qualcomm AI Hub HF card; device chipset as stated 'Snapdragon® X Elite'; peak memory 50 - 50 MB; compute unit NPU
Qualcomm,Snapdragon® 8 Gen 3 Mobile,,ResNet50,image-classification,224x224,float,latency_ms,1.434,ms,ONNX,https://huggingface.co/qualcomm/ResNet50,official: Qualcomm AI Hub HF card; device chipset as stated 'Snapdragon® 8 Gen 3 Mobile'; peak memory 0 - 82 MB; compute unit NPU
Qualcomm,Snapdragon® 8 Elite Gen 5 For Galaxy Mobile,,ResNet50,image-classification,224x224,w8a8,latency_ms,0.559,ms,ONNX,https://huggingface.co/qualcomm/ResNet50,official: Qualcomm AI Hub HF card; device chipset as stated 'Snapdragon® 8 Elite Gen 5 For Galaxy Mobile'; peak memory 0 - 58 MB; compute unit NPU
Qualcomm,Snapdragon® 8 Elite For Galaxy Mobile,,ResNet50,image-classification,224x224,w8a8,latency_ms,0.578,ms,ONNX,https://huggingface.co/qualcomm/ResNet50,official: Qualcomm AI Hub HF card; device chipset as stated 'Snapdragon® 8 Elite For Galaxy Mobile'; peak memory 0 - 53 MB; compute unit NPU
Qualcomm,Snapdragon® X2 Elite,,ResNet50,image-classification,224x224,w8a8,latency_ms,0.409,ms,ONNX,https://huggingface.co/qualcomm/ResNet50,official: Qualcomm AI Hub HF card; device chipset as stated 'Snapdragon® X2 Elite'; peak memory 1 - 1 MB; compute unit NPU
Qualcomm,Snapdragon® X Elite,,ResNet50,image-classification,224x224,w8a8,latency_ms,0.843,ms,ONNX,https://huggingface.co/qualcomm/ResNet50,official: Qualcomm AI Hub HF card; device chipset as stated 'Snapdragon® X Elite'; peak memory 25 - 25 MB; compute unit NPU
Qualcomm,Snapdragon® 8 Gen 3 Mobile,,ResNet50,image-classification,224x224,w8a8,latency_ms,0.674,ms,ONNX,https://huggingface.co/qualcomm/ResNet50,official: Qualcomm AI Hub HF card; device chipset as stated 'Snapdragon® 8 Gen 3 Mobile'; peak memory 0 - 89 MB; compute unit NPU
Qualcomm,Snapdragon® 8 Elite Gen 5 For Galaxy Mobile,,ResNet50,image-classification,224x224,float,latency_ms,1.096,ms,QNN_DLC,https://huggingface.co/qualcomm/ResNet50,official: Qualcomm AI Hub HF card; device chipset as stated 'Snapdragon® 8 Elite Gen 5 For Galaxy Mobile'; peak memory 1 - 53 MB; compute unit NPU
Qualcomm,Snapdragon® 8 Elite For Galaxy Mobile,,ResNet50,image-classification,224x224,float,latency_ms,1.281,ms,QNN_DLC,https://huggingface.co/qualcomm/ResNet50,official: Qualcomm AI Hub HF card; device chipset as stated 'Snapdragon® 8 Elite For Galaxy Mobile'; peak memory 0 - 47 MB; compute unit NPU
Qualcomm,Snapdragon® X2 Elite,,ResNet50,image-classification,224x224,float,latency_ms,1.225,ms,QNN_DLC,https://huggingface.co/qualcomm/ResNet50,official: Qualcomm AI Hub HF card; device chipset as stated 'Snapdragon® X2 Elite'; peak memory 1 - 1 MB; compute unit NPU
Qualcomm,Snapdragon® X Elite,,ResNet50,image-classification,224x224,float,latency_ms,2.348,ms,QNN_DLC,https://huggingface.co/qualcomm/ResNet50,official: Qualcomm AI Hub HF card; device chipset as stated 'Snapdragon® X Elite'; peak memory 1 - 1 MB; compute unit NPU
Qualcomm,Snapdragon® 8 Gen 3 Mobile,,ResNet50,image-classification,224x224,float,latency_ms,1.617,ms,QNN_DLC,https://huggingface.co/qualcomm/ResNet50,official: Qualcomm AI Hub HF card; device chipset as stated 'Snapdragon® 8 Gen 3 Mobile'; peak memory 0 - 79 MB; compute unit NPU
Qualcomm,Snapdragon® 8 Elite Gen 5 For Galaxy Mobile,,ResNet50,image-classification,224x224,w8a8,latency_ms,0.486,ms,QNN_DLC,https://huggingface.co/qualcomm/ResNet50,official: Qualcomm AI Hub HF card; device chipset as stated 'Snapdragon® 8 Elite Gen 5 For Galaxy Mobile'; peak memory 0 - 48 MB; compute unit NPU
Qualcomm,Snapdragon® 8 Elite For Galaxy Mobile,,ResNet50,image-classification,224x224,w8a8,latency_ms,0.534,ms,QNN_DLC,https://huggingface.co/qualcomm/ResNet50,official: Qualcomm AI Hub HF card; device chipset as stated 'Snapdragon® 8 Elite For Galaxy Mobile'; peak memory 0 - 51 MB; compute unit NPU
Qualcomm,Snapdragon® X2 Elite,,ResNet50,image-classification,224x224,w8a8,latency_ms,0.444,ms,QNN_DLC,https://huggingface.co/qualcomm/ResNet50,official: Qualcomm AI Hub HF card; device chipset as stated 'Snapdragon® X2 Elite'; peak memory 0 - 0 MB; compute unit NPU
Qualcomm,Snapdragon® X Elite,,ResNet50,image-classification,224x224,w8a8,latency_ms,0.939,ms,QNN_DLC,https://huggingface.co/qualcomm/ResNet50,official: Qualcomm AI Hub HF card; device chipset as stated 'Snapdragon® X Elite'; peak memory 0 - 0 MB; compute unit NPU
Qualcomm,Snapdragon® 8 Gen 3 Mobile,,ResNet50,image-classification,224x224,w8a8,latency_ms,0.657,ms,QNN_DLC,https://huggingface.co/qualcomm/ResNet50,official: Qualcomm AI Hub HF card; device chipset as stated 'Snapdragon® 8 Gen 3 Mobile'; peak memory 0 - 77 MB; compute unit NPU
Qualcomm,Snapdragon® 8 Elite Gen 5 For Galaxy Mobile,,ResNet50,image-classification,224x224,float,latency_ms,1.107,ms,TFLITE,https://huggingface.co/qualcomm/ResNet50,official: Qualcomm AI Hub HF card; device chipset as stated 'Snapdragon® 8 Elite Gen 5 For Galaxy Mobile'; peak memory 0 - 72 MB; compute unit NPU
Qualcomm,Snapdragon® 8 Elite For Galaxy Mobile,,ResNet50,image-classification,224x224,float,latency_ms,1.257,ms,TFLITE,https://huggingface.co/qualcomm/ResNet50,official: Qualcomm AI Hub HF card; device chipset as stated 'Snapdragon® 8 Elite For Galaxy Mobile'; peak memory 0 - 69 MB; compute unit NPU
Qualcomm,Snapdragon® 8 Gen 3 Mobile,,ResNet50,image-classification,224x224,float,latency_ms,1.592,ms,TFLITE,https://huggingface.co/qualcomm/ResNet50,official: Qualcomm AI Hub HF card; device chipset as stated 'Snapdragon® 8 Gen 3 Mobile'; peak memory 0 - 118 MB; compute unit NPU
Qualcomm,Snapdragon® 8 Elite Gen 5 For Galaxy Mobile,,ResNet50,image-classification,224x224,w8a8,latency_ms,0.453,ms,TFLITE,https://huggingface.co/qualcomm/ResNet50,official: Qualcomm AI Hub HF card; device chipset as stated 'Snapdragon® 8 Elite Gen 5 For Galaxy Mobile'; peak memory 0 - 46 MB; compute unit NPU
Qualcomm,Snapdragon® 8 Elite For Galaxy Mobile,,ResNet50,image-classification,224x224,w8a8,latency_ms,0.477,ms,TFLITE,https://huggingface.co/qualcomm/ResNet50,official: Qualcomm AI Hub HF card; device chipset as stated 'Snapdragon® 8 Elite For Galaxy Mobile'; peak memory 0 - 43 MB; compute unit NPU
Qualcomm,Snapdragon® 8 Gen 3 Mobile,,ResNet50,image-classification,224x224,w8a8,latency_ms,0.585,ms,TFLITE,https://huggingface.co/qualcomm/ResNet50,official: Qualcomm AI Hub HF card; device chipset as stated 'Snapdragon® 8 Gen 3 Mobile'; peak memory 0 - 78 MB; compute unit NPU
Qualcomm,Snapdragon® 8 Elite Gen 5 For Galaxy Mobile,,SESR-M5,image-to-image,128x128,float,latency_ms,0.968,ms,ONNX,https://huggingface.co/qualcomm/SESR-M5,official: Qualcomm AI Hub HF card; device chipset as stated 'Snapdragon® 8 Elite Gen 5 For Galaxy Mobile'; peak memory 0 - 27 MB; compute unit NPU
Qualcomm,Snapdragon® 8 Elite For Galaxy Mobile,,SESR-M5,image-to-image,128x128,float,latency_ms,1.1,ms,ONNX,https://huggingface.co/qualcomm/SESR-M5,official: Qualcomm AI Hub HF card; device chipset as stated 'Snapdragon® 8 Elite For Galaxy Mobile'; peak memory 0 - 27 MB; compute unit NPU
Qualcomm,Snapdragon® X2 Elite,,SESR-M5,image-to-image,128x128,float,latency_ms,1.127,ms,ONNX,https://huggingface.co/qualcomm/SESR-M5,official: Qualcomm AI Hub HF card; device chipset as stated 'Snapdragon® X2 Elite'; peak memory 8 - 8 MB; compute unit NPU
Qualcomm,Snapdragon® X Elite,,SESR-M5,image-to-image,128x128,float,latency_ms,2.04,ms,ONNX,https://huggingface.co/qualcomm/SESR-M5,official: Qualcomm AI Hub HF card; device chipset as stated 'Snapdragon® X Elite'; peak memory 8 - 8 MB; compute unit NPU
Qualcomm,Snapdragon® 8 Gen 3 Mobile,,SESR-M5,image-to-image,128x128,float,latency_ms,1.383,ms,ONNX,https://huggingface.co/qualcomm/SESR-M5,official: Qualcomm AI Hub HF card; device chipset as stated 'Snapdragon® 8 Gen 3 Mobile'; peak memory 0 - 40 MB; compute unit NPU
Qualcomm,Snapdragon® 8 Elite Gen 5 For Galaxy Mobile,,SESR-M5,image-to-image,128x128,w8a8,latency_ms,0.36,ms,ONNX,https://huggingface.co/qualcomm/SESR-M5,official: Qualcomm AI Hub HF card; device chipset as stated 'Snapdragon® 8 Elite Gen 5 For Galaxy Mobile'; peak memory 0 - 28 MB; compute unit NPU
Qualcomm,Snapdragon® 8 Elite For Galaxy Mobile,,SESR-M5,image-to-image,128x128,w8a8,latency_ms,0.41,ms,ONNX,https://huggingface.co/qualcomm/SESR-M5,official: Qualcomm AI Hub HF card; device chipset as stated 'Snapdragon® 8 Elite For Galaxy Mobile'; peak memory 0 - 28 MB; compute unit NPU
Qualcomm,Snapdragon® X2 Elite,,SESR-M5,image-to-image,128x128,w8a8,latency_ms,0.381,ms,ONNX,https://huggingface.co/qualcomm/SESR-M5,official: Qualcomm AI Hub HF card; device chipset as stated 'Snapdragon® X2 Elite'; peak memory 3 - 3 MB; compute unit NPU
Qualcomm,Snapdragon® X Elite,,SESR-M5,image-to-image,128x128,w8a8,latency_ms,0.755,ms,ONNX,https://huggingface.co/qualcomm/SESR-M5,official: Qualcomm AI Hub HF card; device chipset as stated 'Snapdragon® X Elite'; peak memory 3 - 3 MB; compute unit NPU
Qualcomm,Snapdragon® 8 Gen 3 Mobile,,SESR-M5,image-to-image,128x128,w8a8,latency_ms,0.53,ms,ONNX,https://huggingface.co/qualcomm/SESR-M5,official: Qualcomm AI Hub HF card; device chipset as stated 'Snapdragon® 8 Gen 3 Mobile'; peak memory 0 - 40 MB; compute unit NPU
Qualcomm,Snapdragon® 8 Elite Gen 5 For Galaxy Mobile,,SESR-M5,image-to-image,128x128,float,latency_ms,0.892,ms,QNN_DLC,https://huggingface.co/qualcomm/SESR-M5,official: Qualcomm AI Hub HF card; device chipset as stated 'Snapdragon® 8 Elite Gen 5 For Galaxy Mobile'; peak memory 0 - 30 MB; compute unit NPU
Qualcomm,Snapdragon® 8 Elite For Galaxy Mobile,,SESR-M5,image-to-image,128x128,float,latency_ms,1.036,ms,QNN_DLC,https://huggingface.co/qualcomm/SESR-M5,official: Qualcomm AI Hub HF card; device chipset as stated 'Snapdragon® 8 Elite For Galaxy Mobile'; peak memory 0 - 32 MB; compute unit NPU
Qualcomm,Snapdragon® X2 Elite,,SESR-M5,image-to-image,128x128,float,latency_ms,1.172,ms,QNN_DLC,https://huggingface.co/qualcomm/SESR-M5,official: Qualcomm AI Hub HF card; device chipset as stated 'Snapdragon® X2 Elite'; peak memory 0 - 0 MB; compute unit NPU
Qualcomm,Snapdragon® X Elite,,SESR-M5,image-to-image,128x128,float,latency_ms,2.064,ms,QNN_DLC,https://huggingface.co/qualcomm/SESR-M5,official: Qualcomm AI Hub HF card; device chipset as stated 'Snapdragon® X Elite'; peak memory 0 - 0 MB; compute unit NPU
Qualcomm,Snapdragon® 8 Gen 3 Mobile,,SESR-M5,image-to-image,128x128,float,latency_ms,1.267,ms,QNN_DLC,https://huggingface.co/qualcomm/SESR-M5,official: Qualcomm AI Hub HF card; device chipset as stated 'Snapdragon® 8 Gen 3 Mobile'; peak memory 0 - 40 MB; compute unit NPU
Qualcomm,Snapdragon® 8 Elite Gen 5 For Galaxy Mobile,,SESR-M5,image-to-image,128x128,w8a8,latency_ms,0.296,ms,QNN_DLC,https://huggingface.co/qualcomm/SESR-M5,official: Qualcomm AI Hub HF card; device chipset as stated 'Snapdragon® 8 Elite Gen 5 For Galaxy Mobile'; peak memory 0 - 30 MB; compute unit NPU
Qualcomm,Snapdragon® 8 Elite For Galaxy Mobile,,SESR-M5,image-to-image,128x128,w8a8,latency_ms,0.379,ms,QNN_DLC,https://huggingface.co/qualcomm/SESR-M5,official: Qualcomm AI Hub HF card; device chipset as stated 'Snapdragon® 8 Elite For Galaxy Mobile'; peak memory 0 - 27 MB; compute unit NPU
Qualcomm,Snapdragon® X2 Elite,,SESR-M5,image-to-image,128x128,w8a8,latency_ms,0.422,ms,QNN_DLC,https://huggingface.co/qualcomm/SESR-M5,official: Qualcomm AI Hub HF card; device chipset as stated 'Snapdragon® X2 Elite'; peak memory 0 - 0 MB; compute unit NPU
Qualcomm,Snapdragon® X Elite,,SESR-M5,image-to-image,128x128,w8a8,latency_ms,0.716,ms,QNN_DLC,https://huggingface.co/qualcomm/SESR-M5,official: Qualcomm AI Hub HF card; device chipset as stated 'Snapdragon® X Elite'; peak memory 0 - 0 MB; compute unit NPU
Qualcomm,Snapdragon® 8 Gen 3 Mobile,,SESR-M5,image-to-image,128x128,w8a8,latency_ms,0.431,ms,QNN_DLC,https://huggingface.co/qualcomm/SESR-M5,official: Qualcomm AI Hub HF card; device chipset as stated 'Snapdragon® 8 Gen 3 Mobile'; peak memory 0 - 37 MB; compute unit NPU
Qualcomm,Snapdragon® 8 Elite Gen 5 For Galaxy Mobile,,SESR-M5,image-to-image,128x128,float,latency_ms,0.895,ms,TFLITE,https://huggingface.co/qualcomm/SESR-M5,official: Qualcomm AI Hub HF card; device chipset as stated 'Snapdragon® 8 Elite Gen 5 For Galaxy Mobile'; peak memory 0 - 28 MB; compute unit NPU
Qualcomm,Snapdragon® 8 Elite For Galaxy Mobile,,SESR-M5,image-to-image,128x128,float,latency_ms,1.041,ms,TFLITE,https://huggingface.co/qualcomm/SESR-M5,official: Qualcomm AI Hub HF card; device chipset as stated 'Snapdragon® 8 Elite For Galaxy Mobile'; peak memory 0 - 27 MB; compute unit NPU
Qualcomm,Snapdragon® 8 Gen 3 Mobile,,SESR-M5,image-to-image,128x128,float,latency_ms,1.266,ms,TFLITE,https://huggingface.co/qualcomm/SESR-M5,official: Qualcomm AI Hub HF card; device chipset as stated 'Snapdragon® 8 Gen 3 Mobile'; peak memory 0 - 40 MB; compute unit NPU
Qualcomm,Snapdragon® 8 Elite Gen 5 For Galaxy Mobile,,SESR-M5,image-to-image,128x128,w8a8,latency_ms,0.298,ms,TFLITE,https://huggingface.co/qualcomm/SESR-M5,official: Qualcomm AI Hub HF card; device chipset as stated 'Snapdragon® 8 Elite Gen 5 For Galaxy Mobile'; peak memory 0 - 28 MB; compute unit NPU
Qualcomm,Snapdragon® 8 Elite For Galaxy Mobile,,SESR-M5,image-to-image,128x128,w8a8,latency_ms,0.383,ms,TFLITE,https://huggingface.co/qualcomm/SESR-M5,official: Qualcomm AI Hub HF card; device chipset as stated 'Snapdragon® 8 Elite For Galaxy Mobile'; peak memory 0 - 26 MB; compute unit NPU
Qualcomm,Snapdragon® 8 Gen 3 Mobile,,SESR-M5,image-to-image,128x128,w8a8,latency_ms,0.455,ms,TFLITE,https://huggingface.co/qualcomm/SESR-M5,official: Qualcomm AI Hub HF card; device chipset as stated 'Snapdragon® 8 Gen 3 Mobile'; peak memory 0 - 36 MB; compute unit NPU
Qualcomm,Snapdragon® 8 Elite Gen 5 For Galaxy Mobile,,Segment-Anything-Model-2,image-segmentation,720p (720x1280),float,latency_ms,3.276,ms,ONNX,https://huggingface.co/qualcomm/Segment-Anything-Model-2,official: Qualcomm AI Hub HF card; device chipset as stated 'Snapdragon® 8 Elite Gen 5 For Galaxy Mobile'; peak memory 3 - 220 MB; compute unit NPU
Qualcomm,Snapdragon® X2 Elite,,Segment-Anything-Model-2,image-segmentation,720p (720x1280),float,latency_ms,3.218,ms,ONNX,https://huggingface.co/qualcomm/Segment-Anything-Model-2,official: Qualcomm AI Hub HF card; device chipset as stated 'Snapdragon® X2 Elite'; peak memory 16 - 16 MB; compute unit NPU
Qualcomm,Snapdragon® X Elite,,Segment-Anything-Model-2,image-segmentation,720p (720x1280),float,latency_ms,6.691,ms,ONNX,https://huggingface.co/qualcomm/Segment-Anything-Model-2,official: Qualcomm AI Hub HF card; device chipset as stated 'Snapdragon® X Elite'; peak memory 16 - 16 MB; compute unit NPU
Qualcomm,Snapdragon® 8 Gen 3 Mobile,,Segment-Anything-Model-2,image-segmentation,720p (720x1280),float,latency_ms,4.682,ms,ONNX,https://huggingface.co/qualcomm/Segment-Anything-Model-2,official: Qualcomm AI Hub HF card; device chipset as stated 'Snapdragon® 8 Gen 3 Mobile'; peak memory 17 - 260 MB; compute unit NPU
Qualcomm,Snapdragon® 8 Elite Gen 5 For Galaxy Mobile,,Segment-Anything-Model-2,image-segmentation,720p (720x1280),w8a8,latency_ms,1.411,ms,ONNX,https://huggingface.co/qualcomm/Segment-Anything-Model-2,official: Qualcomm AI Hub HF card; device chipset as stated 'Snapdragon® 8 Elite Gen 5 For Galaxy Mobile'; peak memory 0 - 138 MB; compute unit NPU
Qualcomm,Snapdragon® 8 Elite For Galaxy Mobile,,Segment-Anything-Model-2,image-segmentation,720p (720x1280),w8a8,latency_ms,1.579,ms,ONNX,https://huggingface.co/qualcomm/Segment-Anything-Model-2,official: Qualcomm AI Hub HF card; device chipset as stated 'Snapdragon® 8 Elite For Galaxy Mobile'; peak memory 0 - 120 MB; compute unit NPU
Qualcomm,Snapdragon® X2 Elite,,Segment-Anything-Model-2,image-segmentation,720p (720x1280),w8a8,latency_ms,1.483,ms,ONNX,https://huggingface.co/qualcomm/Segment-Anything-Model-2,official: Qualcomm AI Hub HF card; device chipset as stated 'Snapdragon® X2 Elite'; peak memory 4 - 4 MB; compute unit NPU
Qualcomm,Snapdragon® X Elite,,Segment-Anything-Model-2,image-segmentation,720p (720x1280),w8a8,latency_ms,2.962,ms,ONNX,https://huggingface.co/qualcomm/Segment-Anything-Model-2,official: Qualcomm AI Hub HF card; device chipset as stated 'Snapdragon® X Elite'; peak memory 4 - 4 MB; compute unit NPU
Qualcomm,Snapdragon® 8 Gen 3 Mobile,,Segment-Anything-Model-2,image-segmentation,720p (720x1280),w8a8,latency_ms,1.902,ms,ONNX,https://huggingface.co/qualcomm/Segment-Anything-Model-2,official: Qualcomm AI Hub HF card; device chipset as stated 'Snapdragon® 8 Gen 3 Mobile'; peak memory 4 - 147 MB; compute unit NPU
Qualcomm,Snapdragon® 8 Elite Gen 5 For Galaxy Mobile,,Segment-Anything-Model-2,image-segmentation,720p (720x1280),float,latency_ms,2.429,ms,QNN_DLC,https://huggingface.co/qualcomm/Segment-Anything-Model-2,official: Qualcomm AI Hub HF card; device chipset as stated 'Snapdragon® 8 Elite Gen 5 For Galaxy Mobile'; peak memory 4 - 187 MB; compute unit NPU
Qualcomm,Snapdragon® 8 Elite For Galaxy Mobile,,Segment-Anything-Model-2,image-segmentation,720p (720x1280),float,latency_ms,2.828,ms,QNN_DLC,https://huggingface.co/qualcomm/Segment-Anything-Model-2,official: Qualcomm AI Hub HF card; device chipset as stated 'Snapdragon® 8 Elite For Galaxy Mobile'; peak memory 4 - 188 MB; compute unit NPU
Qualcomm,Snapdragon® X2 Elite,,Segment-Anything-Model-2,image-segmentation,720p (720x1280),float,latency_ms,2.902,ms,QNN_DLC,https://huggingface.co/qualcomm/Segment-Anything-Model-2,official: Qualcomm AI Hub HF card; device chipset as stated 'Snapdragon® X2 Elite'; peak memory 16 - 16 MB; compute unit NPU
Qualcomm,Snapdragon® X Elite,,Segment-Anything-Model-2,image-segmentation,720p (720x1280),float,latency_ms,5.662,ms,QNN_DLC,https://huggingface.co/qualcomm/Segment-Anything-Model-2,official: Qualcomm AI Hub HF card; device chipset as stated 'Snapdragon® X Elite'; peak memory 16 - 16 MB; compute unit NPU
Qualcomm,Snapdragon® 8 Gen 3 Mobile,,Segment-Anything-Model-2,image-segmentation,720p (720x1280),float,latency_ms,3.635,ms,QNN_DLC,https://huggingface.co/qualcomm/Segment-Anything-Model-2,official: Qualcomm AI Hub HF card; device chipset as stated 'Snapdragon® 8 Gen 3 Mobile'; peak memory 0 - 203 MB; compute unit NPU
Qualcomm,Snapdragon® 8 Elite Gen 5 For Galaxy Mobile,,Segment-Anything-Model-2,image-segmentation,720p (720x1280),w8a8,latency_ms,0.87,ms,QNN_DLC,https://huggingface.co/qualcomm/Segment-Anything-Model-2,official: Qualcomm AI Hub HF card; device chipset as stated 'Snapdragon® 8 Elite Gen 5 For Galaxy Mobile'; peak memory 1 - 112 MB; compute unit NPU
Qualcomm,Snapdragon® 8 Elite For Galaxy Mobile,,Segment-Anything-Model-2,image-segmentation,720p (720x1280),w8a8,latency_ms,0.957,ms,QNN_DLC,https://huggingface.co/qualcomm/Segment-Anything-Model-2,official: Qualcomm AI Hub HF card; device chipset as stated 'Snapdragon® 8 Elite For Galaxy Mobile'; peak memory 1 - 88 MB; compute unit NPU
Qualcomm,Snapdragon® X2 Elite,,Segment-Anything-Model-2,image-segmentation,720p (720x1280),w8a8,latency_ms,1.306,ms,QNN_DLC,https://huggingface.co/qualcomm/Segment-Anything-Model-2,official: Qualcomm AI Hub HF card; device chipset as stated 'Snapdragon® X2 Elite'; peak memory 4 - 4 MB; compute unit NPU
Qualcomm,Snapdragon® X Elite,,Segment-Anything-Model-2,image-segmentation,720p (720x1280),w8a8,latency_ms,2.241,ms,QNN_DLC,https://huggingface.co/qualcomm/Segment-Anything-Model-2,official: Qualcomm AI Hub HF card; device chipset as stated 'Snapdragon® X Elite'; peak memory 4 - 4 MB; compute unit NPU
Qualcomm,Snapdragon® 8 Gen 3 Mobile,,Segment-Anything-Model-2,image-segmentation,720p (720x1280),w8a8,latency_ms,1.278,ms,QNN_DLC,https://huggingface.co/qualcomm/Segment-Anything-Model-2,official: Qualcomm AI Hub HF card; device chipset as stated 'Snapdragon® 8 Gen 3 Mobile'; peak memory 0 - 108 MB; compute unit NPU
Qualcomm,Snapdragon® 8 Elite Gen 5 For Galaxy Mobile,,Segment-Anything-Model-2,image-segmentation,720p (720x1280),float,latency_ms,2.463,ms,TFLITE,https://huggingface.co/qualcomm/Segment-Anything-Model-2,official: Qualcomm AI Hub HF card; device chipset as stated 'Snapdragon® 8 Elite Gen 5 For Galaxy Mobile'; peak memory 0 - 185 MB; compute unit NPU
Qualcomm,Snapdragon® 8 Gen 3 Mobile,,Segment-Anything-Model-2,image-segmentation,720p (720x1280),float,latency_ms,3.696,ms,TFLITE,https://huggingface.co/qualcomm/Segment-Anything-Model-2,official: Qualcomm AI Hub HF card; device chipset as stated 'Snapdragon® 8 Gen 3 Mobile'; peak memory 0 - 214 MB; compute unit NPU
Qualcomm,Snapdragon® 8 Elite Gen 5 For Galaxy Mobile,,Segment-Anything-Model-2,image-segmentation,720p (720x1280),w8a8,latency_ms,2.043,ms,TFLITE,https://huggingface.co/qualcomm/Segment-Anything-Model-2,official: Qualcomm AI Hub HF card; device chipset as stated 'Snapdragon® 8 Elite Gen 5 For Galaxy Mobile'; peak memory 0 - 232 MB; compute unit NPU
Qualcomm,Snapdragon® 8 Elite For Galaxy Mobile,,Segment-Anything-Model-2,image-segmentation,720p (720x1280),w8a8,latency_ms,3.571,ms,TFLITE,https://huggingface.co/qualcomm/Segment-Anything-Model-2,official: Qualcomm AI Hub HF card; device chipset as stated 'Snapdragon® 8 Elite For Galaxy Mobile'; peak memory 0 - 205 MB; compute unit NPU
Qualcomm,Snapdragon® 8 Gen 3 Mobile,,Segment-Anything-Model-2,image-segmentation,720p (720x1280),w8a8,latency_ms,5.978,ms,TFLITE,https://huggingface.co/qualcomm/Segment-Anything-Model-2,official: Qualcomm AI Hub HF card; device chipset as stated 'Snapdragon® 8 Gen 3 Mobile'; peak memory 0 - 250 MB; compute unit NPU
Qualcomm,Snapdragon® 8 Elite Gen 5 For Galaxy Mobile,,Segment-Anything-Model-2,image-segmentation,720p (720x1280),float,latency_ms,66.505,ms,ONNX,https://huggingface.co/qualcomm/Segment-Anything-Model-2,official: Qualcomm AI Hub HF card; device chipset as stated 'Snapdragon® 8 Elite Gen 5 For Galaxy Mobile'; peak memory 43 - 1563 MB; compute unit NPU
Qualcomm,Snapdragon® X2 Elite,,Segment-Anything-Model-2,image-segmentation,720p (720x1280),float,latency_ms,81.747,ms,ONNX,https://huggingface.co/qualcomm/Segment-Anything-Model-2,official: Qualcomm AI Hub HF card; device chipset as stated 'Snapdragon® X2 Elite'; peak memory 70 - 70 MB; compute unit NPU
Qualcomm,Snapdragon® X Elite,,Segment-Anything-Model-2,image-segmentation,720p (720x1280),float,latency_ms,158.851,ms,ONNX,https://huggingface.co/qualcomm/Segment-Anything-Model-2,official: Qualcomm AI Hub HF card; device chipset as stated 'Snapdragon® X Elite'; peak memory 72 - 72 MB; compute unit NPU
Qualcomm,Snapdragon® 8 Gen 3 Mobile,,Segment-Anything-Model-2,image-segmentation,720p (720x1280),float,latency_ms,119.054,ms,ONNX,https://huggingface.co/qualcomm/Segment-Anything-Model-2,official: Qualcomm AI Hub HF card; device chipset as stated 'Snapdragon® 8 Gen 3 Mobile'; peak memory 4 - 1932 MB; compute unit NPU
Qualcomm,Snapdragon® 8 Elite Gen 5 For Galaxy Mobile,,Segment-Anything-Model-2,image-segmentation,720p (720x1280),w8a8,latency_ms,38.539,ms,ONNX,https://huggingface.co/qualcomm/Segment-Anything-Model-2,official: Qualcomm AI Hub HF card; device chipset as stated 'Snapdragon® 8 Elite Gen 5 For Galaxy Mobile'; peak memory 10 - 1834 MB; compute unit NPU
Qualcomm,Snapdragon® 8 Elite For Galaxy Mobile,,Segment-Anything-Model-2,image-segmentation,720p (720x1280),w8a8,latency_ms,37.846,ms,ONNX,https://huggingface.co/qualcomm/Segment-Anything-Model-2,official: Qualcomm AI Hub HF card; device chipset as stated 'Snapdragon® 8 Elite For Galaxy Mobile'; peak memory 12 - 1641 MB; compute unit NPU
Qualcomm,Snapdragon® X2 Elite,,Segment-Anything-Model-2,image-segmentation,720p (720x1280),w8a8,latency_ms,37.684,ms,ONNX,https://huggingface.co/qualcomm/Segment-Anything-Model-2,official: Qualcomm AI Hub HF card; device chipset as stated 'Snapdragon® X2 Elite'; peak memory 18 - 18 MB; compute unit NPU
Qualcomm,Snapdragon® X Elite,,Segment-Anything-Model-2,image-segmentation,720p (720x1280),w8a8,latency_ms,73.258,ms,ONNX,https://huggingface.co/qualcomm/Segment-Anything-Model-2,official: Qualcomm AI Hub HF card; device chipset as stated 'Snapdragon® X Elite'; peak memory 46 - 46 MB; compute unit NPU
Qualcomm,Snapdragon® 8 Gen 3 Mobile,,Segment-Anything-Model-2,image-segmentation,720p (720x1280),w8a8,latency_ms,49.966,ms,ONNX,https://huggingface.co/qualcomm/Segment-Anything-Model-2,official: Qualcomm AI Hub HF card; device chipset as stated 'Snapdragon® 8 Gen 3 Mobile'; peak memory 15 - 1923 MB; compute unit NPU
Qualcomm,Snapdragon® 8 Elite Gen 5 For Galaxy Mobile,,Segment-Anything-Model-2,image-segmentation,720p (720x1280),float,latency_ms,67.948,ms,QNN_DLC,https://huggingface.co/qualcomm/Segment-Anything-Model-2,official: Qualcomm AI Hub HF card; device chipset as stated 'Snapdragon® 8 Elite Gen 5 For Galaxy Mobile'; peak memory 12 - 1554 MB; compute unit NPU
Qualcomm,Snapdragon® 8 Elite For Galaxy Mobile,,Segment-Anything-Model-2,image-segmentation,720p (720x1280),float,latency_ms,101.231,ms,QNN_DLC,https://huggingface.co/qualcomm/Segment-Anything-Model-2,official: Qualcomm AI Hub HF card; device chipset as stated 'Snapdragon® 8 Elite For Galaxy Mobile'; peak memory 12 - 1566 MB; compute unit NPU
Qualcomm,Snapdragon® X2 Elite,,Segment-Anything-Model-2,image-segmentation,720p (720x1280),float,latency_ms,75.886,ms,QNN_DLC,https://huggingface.co/qualcomm/Segment-Anything-Model-2,official: Qualcomm AI Hub HF card; device chipset as stated 'Snapdragon® X2 Elite'; peak memory 12 - 12 MB; compute unit NPU
Qualcomm,Snapdragon® X Elite,,Segment-Anything-Model-2,image-segmentation,720p (720x1280),float,latency_ms,167.132,ms,QNN_DLC,https://huggingface.co/qualcomm/Segment-Anything-Model-2,official: Qualcomm AI Hub HF card; device chipset as stated 'Snapdragon® X Elite'; peak memory 12 - 12 MB; compute unit NPU
Qualcomm,Snapdragon® 8 Gen 3 Mobile,,Segment-Anything-Model-2,image-segmentation,720p (720x1280),float,latency_ms,124.655,ms,QNN_DLC,https://huggingface.co/qualcomm/Segment-Anything-Model-2,official: Qualcomm AI Hub HF card; device chipset as stated 'Snapdragon® 8 Gen 3 Mobile'; peak memory 12 - 4387 MB; compute unit NPU
Qualcomm,Snapdragon® 8 Elite Gen 5 For Galaxy Mobile,,Segment-Anything-Model-2,image-segmentation,720p (720x1280),w8a8,latency_ms,39.936,ms,QNN_DLC,https://huggingface.co/qualcomm/Segment-Anything-Model-2,official: Qualcomm AI Hub HF card; device chipset as stated 'Snapdragon® 8 Elite Gen 5 For Galaxy Mobile'; peak memory 3 - 1818 MB; compute unit NPU
Qualcomm,Snapdragon® 8 Elite For Galaxy Mobile,,Segment-Anything-Model-2,image-segmentation,720p (720x1280),w8a8,latency_ms,52.515,ms,QNN_DLC,https://huggingface.co/qualcomm/Segment-Anything-Model-2,official: Qualcomm AI Hub HF card; device chipset as stated 'Snapdragon® 8 Elite For Galaxy Mobile'; peak memory 3 - 1715 MB; compute unit NPU
Qualcomm,Snapdragon® X2 Elite,,Segment-Anything-Model-2,image-segmentation,720p (720x1280),w8a8,latency_ms,39.585,ms,QNN_DLC,https://huggingface.co/qualcomm/Segment-Anything-Model-2,official: Qualcomm AI Hub HF card; device chipset as stated 'Snapdragon® X2 Elite'; peak memory 3 - 3 MB; compute unit NPU
Qualcomm,Snapdragon® X Elite,,Segment-Anything-Model-2,image-segmentation,720p (720x1280),w8a8,latency_ms,79.52,ms,QNN_DLC,https://huggingface.co/qualcomm/Segment-Anything-Model-2,official: Qualcomm AI Hub HF card; device chipset as stated 'Snapdragon® X Elite'; peak memory 3 - 3 MB; compute unit NPU
Qualcomm,Snapdragon® 8 Gen 3 Mobile,,Segment-Anything-Model-2,image-segmentation,720p (720x1280),w8a8,latency_ms,53.091,ms,QNN_DLC,https://huggingface.co/qualcomm/Segment-Anything-Model-2,official: Qualcomm AI Hub HF card; device chipset as stated 'Snapdragon® 8 Gen 3 Mobile'; peak memory 3 - 1895 MB; compute unit NPU
Qualcomm,Snapdragon® 8 Elite Gen 5 For Galaxy Mobile,,Segment-Anything-Model-2,image-segmentation,720p (720x1280),float,latency_ms,67.284,ms,TFLITE,https://huggingface.co/qualcomm/Segment-Anything-Model-2,official: Qualcomm AI Hub HF card; device chipset as stated 'Snapdragon® 8 Elite Gen 5 For Galaxy Mobile'; peak memory 9 - 1587 MB; compute unit NPU
Qualcomm,Snapdragon® 8 Gen 3 Mobile,,Segment-Anything-Model-2,image-segmentation,720p (720x1280),float,latency_ms,124.433,ms,TFLITE,https://huggingface.co/qualcomm/Segment-Anything-Model-2,official: Qualcomm AI Hub HF card; device chipset as stated 'Snapdragon® 8 Gen 3 Mobile'; peak memory 18 - 2013 MB; compute unit NPU
Qualcomm,Snapdragon® 8 Elite Gen 5 For Galaxy Mobile,,Segment-Anything-Model-2,image-segmentation,720p (720x1280),w8a8,latency_ms,34.694,ms,TFLITE,https://huggingface.co/qualcomm/Segment-Anything-Model-2,official: Qualcomm AI Hub HF card; device chipset as stated 'Snapdragon® 8 Elite Gen 5 For Galaxy Mobile'; peak memory 4 - 1816 MB; compute unit NPU
Qualcomm,Snapdragon® 8 Elite For Galaxy Mobile,,Segment-Anything-Model-2,image-segmentation,720p (720x1280),w8a8,latency_ms,41.23,ms,TFLITE,https://huggingface.co/qualcomm/Segment-Anything-Model-2,official: Qualcomm AI Hub HF card; device chipset as stated 'Snapdragon® 8 Elite For Galaxy Mobile'; peak memory 4 - 1691 MB; compute unit NPU
Qualcomm,Snapdragon® 8 Gen 3 Mobile,,Segment-Anything-Model-2,image-segmentation,720p (720x1280),w8a8,latency_ms,56.716,ms,TFLITE,https://huggingface.co/qualcomm/Segment-Anything-Model-2,official: Qualcomm AI Hub HF card; device chipset as stated 'Snapdragon® 8 Gen 3 Mobile'; peak memory 89 - 2049 MB; compute unit NPU
Qualcomm,Snapdragon® 8 Elite Gen 5 For Galaxy Mobile,,SmolLM2-1.7B-Instruct,text-generation,ctx 4096,w4a16,tokens_per_s,21.054242,tokens/s,GENIEX_QAIRT,https://huggingface.co/qualcomm/SmolLM2-1.7B-Instruct,official: Qualcomm AI Hub HF card; device chipset as stated 'Snapdragon® 8 Elite Gen 5 For Galaxy Mobile'; context length 4096; TTFT range 0.08103493548387097 - 2.593117935483871 s
Qualcomm,Snapdragon® 8 Elite For Galaxy Mobile,,SmolLM2-1.7B-Instruct,text-generation,ctx 4096,w4a16,tokens_per_s,20.544417,tokens/s,GENIEX_QAIRT,https://huggingface.co/qualcomm/SmolLM2-1.7B-Instruct,official: Qualcomm AI Hub HF card; device chipset as stated 'Snapdragon® 8 Elite For Galaxy Mobile'; context length 4096; TTFT range 0.09430112903225805 - 3.0176361290322578 s
Qualcomm,Snapdragon® X2 Elite,,SmolLM2-1.7B-Instruct,text-generation,ctx 4096,w4a16,tokens_per_s,7.847375,tokens/s,GENIEX_QAIRT,https://huggingface.co/qualcomm/SmolLM2-1.7B-Instruct,official: Qualcomm AI Hub HF card; device chipset as stated 'Snapdragon® X2 Elite'; context length 4096; TTFT range 0.18334345161290322 - 5.866990451612903 s
Qualcomm,Qualcomm® Dragonwing™ Q-8750,,SmolLM2-1.7B-Instruct,text-generation,ctx 4096,w4a16,tokens_per_s,20.544417,tokens/s,GENIEX_QAIRT,https://huggingface.co/qualcomm/SmolLM2-1.7B-Instruct,official: Qualcomm AI Hub HF card; device chipset as stated 'Qualcomm® Dragonwing™ Q-8750'; context length 4096; TTFT range 0.09430112903225805 - 3.0176361290322578 s
Qualcomm,Snapdragon® 8 Elite Gen 5 For Galaxy Mobile,,SmolVLM2-2.2B-Instruct,text-generation,ctx 512,q8_0,tokens_per_s,29.436277,tokens/s,GENIEX_LLAMACPP,https://huggingface.co/qualcomm/SmolVLM2-2.2B-Instruct,official: Qualcomm AI Hub HF card; device chipset as stated 'Snapdragon® 8 Elite Gen 5 For Galaxy Mobile'; context length 512; TTFT range 0.38540099999999994 - 1.5416039999999998 s
Qualcomm,Snapdragon® 8 Elite Gen 5 For Galaxy Mobile,,SmolVLM2-2.2B-Instruct,text-generation,ctx 512,q8_0,tokens_per_s,28.538412,tokens/s,GENIEX_LLAMACPP,https://huggingface.co/qualcomm/SmolVLM2-2.2B-Instruct,official: Qualcomm AI Hub HF card; device chipset as stated 'Snapdragon® 8 Elite Gen 5 For Galaxy Mobile'; context length 512; TTFT range 0.24594099999999997 - 0.9837639999999999 s
Qualcomm,Snapdragon® 8 Elite Gen 5 For Galaxy Mobile,,SmolVLM2-2.2B-Instruct,text-generation,ctx 512,q8_0,tokens_per_s,28.889784,tokens/s,GENIEX_LLAMACPP,https://huggingface.co/qualcomm/SmolVLM2-2.2B-Instruct,official: Qualcomm AI Hub HF card; device chipset as stated 'Snapdragon® 8 Elite Gen 5 For Galaxy Mobile'; context length 512; TTFT range 0.051866999999999996 - 0.20746799999999999 s
Qualcomm,Snapdragon® 8 Elite Gen 5 For Galaxy Mobile,,SmolVLM2-2.2B-Instruct,text-generation,ctx 4096,q8_0,tokens_per_s,11.47742,tokens/s,GENIEX_LLAMACPP,https://huggingface.co/qualcomm/SmolVLM2-2.2B-Instruct,official: Qualcomm AI Hub HF card; device chipset as stated 'Snapdragon® 8 Elite Gen 5 For Galaxy Mobile'; context length 4096; TTFT range 0.9924147096774193 - 31.757270709677417 s
Qualcomm,Snapdragon® 8 Elite Gen 5 For Galaxy Mobile,,SmolVLM2-2.2B-Instruct,text-generation,ctx 4096,q8_0,tokens_per_s,15.556558,tokens/s,GENIEX_LLAMACPP,https://huggingface.co/qualcomm/SmolVLM2-2.2B-Instruct,official: Qualcomm AI Hub HF card; device chipset as stated 'Snapdragon® 8 Elite Gen 5 For Galaxy Mobile'; context length 4096; TTFT range 0.4533808064516129 - 14.508185806451612 s
Qualcomm,Snapdragon® 8 Elite Gen 5 For Galaxy Mobile,,SmolVLM2-2.2B-Instruct,text-generation,ctx 4096,q8_0,tokens_per_s,14.064579,tokens/s,GENIEX_LLAMACPP,https://huggingface.co/qualcomm/SmolVLM2-2.2B-Instruct,official: Qualcomm AI Hub HF card; device chipset as stated 'Snapdragon® 8 Elite Gen 5 For Galaxy Mobile'; context length 4096; TTFT range 0.0729842258064516 - 2.335495225806451 s
Qualcomm,Snapdragon® 8 Elite For Galaxy Mobile,,SmolVLM2-2.2B-Instruct,text-generation,ctx 512,q8_0,tokens_per_s,28.134663,tokens/s,GENIEX_LLAMACPP,https://huggingface.co/qualcomm/SmolVLM2-2.2B-Instruct,official: Qualcomm AI Hub HF card; device chipset as stated 'Snapdragon® 8 Elite For Galaxy Mobile'; context length 512; TTFT range 0.47438633333333335 - 1.8975453333333334 s
Qualcomm,Snapdragon® 8 Elite For Galaxy Mobile,,SmolVLM2-2.2B-Instruct,text-generation,ctx 512,q8_0,tokens_per_s,28.243021,tokens/s,GENIEX_LLAMACPP,https://huggingface.co/qualcomm/SmolVLM2-2.2B-Instruct,official: Qualcomm AI Hub HF card; device chipset as stated 'Snapdragon® 8 Elite For Galaxy Mobile'; context length 512; TTFT range 0.2631319999999999 - 1.0525279999999997 s
Qualcomm,Snapdragon® 8 Elite For Galaxy Mobile,,SmolVLM2-2.2B-Instruct,text-generation,ctx 512,q8_0,tokens_per_s,24.911554,tokens/s,GENIEX_LLAMACPP,https://huggingface.co/qualcomm/SmolVLM2-2.2B-Instruct,official: Qualcomm AI Hub HF card; device chipset as stated 'Snapdragon® 8 Elite For Galaxy Mobile'; context length 512; TTFT range 0.06054233333333333 - 0.24216933333333332 s
Qualcomm,Snapdragon® 8 Elite For Galaxy Mobile,,SmolVLM2-2.2B-Instruct,text-generation,ctx 4096,q8_0,tokens_per_s,11.020719,tokens/s,GENIEX_LLAMACPP,https://huggingface.co/qualcomm/SmolVLM2-2.2B-Instruct,official: Qualcomm AI Hub HF card; device chipset as stated 'Snapdragon® 8 Elite For Galaxy Mobile'; context length 4096; TTFT range 1.1051197096774195 - 35.36383070967742 s
Qualcomm,Snapdragon® 8 Elite For Galaxy Mobile,,SmolVLM2-2.2B-Instruct,text-generation,ctx 4096,q8_0,tokens_per_s,15.885515,tokens/s,GENIEX_LLAMACPP,https://huggingface.co/qualcomm/SmolVLM2-2.2B-Instruct,official: Qualcomm AI Hub HF card; device chipset as stated 'Snapdragon® 8 Elite For Galaxy Mobile'; context length 4096; TTFT range 0.5819834193548387 - 18.623469419354837 s
Qualcomm,Snapdragon® 8 Elite For Galaxy Mobile,,SmolVLM2-2.2B-Instruct,text-generation,ctx 4096,q8_0,tokens_per_s,14.225878,tokens/s,GENIEX_LLAMACPP,https://huggingface.co/qualcomm/SmolVLM2-2.2B-Instruct,official: Qualcomm AI Hub HF card; device chipset as stated 'Snapdragon® 8 Elite For Galaxy Mobile'; context length 4096; TTFT range 0.10105106451612902 - 3.233634064516129 s
Qualcomm,Snapdragon® X2 Elite,,SmolVLM2-2.2B-Instruct,text-generation,ctx 512,q8_0,tokens_per_s,49.184781,tokens/s,GENIEX_LLAMACPP,https://huggingface.co/qualcomm/SmolVLM2-2.2B-Instruct,official: Qualcomm AI Hub HF card; device chipset as stated 'Snapdragon® X2 Elite'; context length 512; TTFT range 0.13440833333333332 - 0.5376333333333333 s
Qualcomm,Snapdragon® X2 Elite,,SmolVLM2-2.2B-Instruct,text-generation,ctx 512,q8_0,tokens_per_s,32.516632,tokens/s,GENIEX_LLAMACPP,https://huggingface.co/qualcomm/SmolVLM2-2.2B-Instruct,official: Qualcomm AI Hub HF card; device chipset as stated 'Snapdragon® X2 Elite'; context length 512; TTFT range 0.11517866666666665 - 0.4607146666666666 s
Qualcomm,Snapdragon® X2 Elite,,SmolVLM2-2.2B-Instruct,text-generation,ctx 512,q8_0,tokens_per_s,25.874832,tokens/s,GENIEX_LLAMACPP,https://huggingface.co/qualcomm/SmolVLM2-2.2B-Instruct,official: Qualcomm AI Hub HF card; device chipset as stated 'Snapdragon® X2 Elite'; context length 512; TTFT range 0.050324666666666656 - 0.20129866666666663 s
Qualcomm,Snapdragon® X2 Elite,,SmolVLM2-2.2B-Instruct,text-generation,ctx 4096,q8_0,tokens_per_s,24.564593,tokens/s,GENIEX_LLAMACPP,https://huggingface.co/qualcomm/SmolVLM2-2.2B-Instruct,official: Qualcomm AI Hub HF card; device chipset as stated 'Snapdragon® X2 Elite'; context length 4096; TTFT range 0.21470767741935484 - 6.870645677419355 s
Qualcomm,Snapdragon® X2 Elite,,SmolVLM2-2.2B-Instruct,text-generation,ctx 4096,q8_0,tokens_per_s,18.539222,tokens/s,GENIEX_LLAMACPP,https://huggingface.co/qualcomm/SmolVLM2-2.2B-Instruct,official: Qualcomm AI Hub HF card; device chipset as stated 'Snapdragon® X2 Elite'; context length 4096; TTFT range 0.23938735483870965 - 7.660395354838709 s
Qualcomm,Snapdragon® X2 Elite,,SmolVLM2-2.2B-Instruct,text-generation,ctx 4096,q8_0,tokens_per_s,13.754858,tokens/s,GENIEX_LLAMACPP,https://huggingface.co/qualcomm/SmolVLM2-2.2B-Instruct,official: Qualcomm AI Hub HF card; device chipset as stated 'Snapdragon® X2 Elite'; context length 4096; TTFT range 0.07732448387096774 - 2.4743834838709677 s
Qualcomm,Snapdragon® X Elite,,SmolVLM2-2.2B-Instruct,text-generation,ctx 512,q8_0,tokens_per_s,20.396668,tokens/s,GENIEX_LLAMACPP,https://huggingface.co/qualcomm/SmolVLM2-2.2B-Instruct,official: Qualcomm AI Hub HF card; device chipset as stated 'Snapdragon® X Elite'; context length 512; TTFT range 0.33751333333333333 - 1.3500533333333333 s
Qualcomm,Snapdragon® X Elite,,SmolVLM2-2.2B-Instruct,text-generation,ctx 512,q8_0,tokens_per_s,32.472137,tokens/s,GENIEX_LLAMACPP,https://huggingface.co/qualcomm/SmolVLM2-2.2B-Instruct,official: Qualcomm AI Hub HF card; device chipset as stated 'Snapdragon® X Elite'; context length 512; TTFT range 0.2929063333333333 - 1.1716253333333333 s
Qualcomm,Snapdragon® X Elite,,SmolVLM2-2.2B-Instruct,text-generation,ctx 512,q8_0,tokens_per_s,21.951898,tokens/s,GENIEX_LLAMACPP,https://huggingface.co/qualcomm/SmolVLM2-2.2B-Instruct,official: Qualcomm AI Hub HF card; device chipset as stated 'Snapdragon® X Elite'; context length 512; TTFT range 0.12050033333333332 - 0.4820013333333333 s
Qualcomm,Snapdragon® X Elite,,SmolVLM2-2.2B-Instruct,text-generation,ctx 4096,q8_0,tokens_per_s,13.397349,tokens/s,GENIEX_LLAMACPP,https://huggingface.co/qualcomm/SmolVLM2-2.2B-Instruct,official: Qualcomm AI Hub HF card; device chipset as stated 'Snapdragon® X Elite'; context length 4096; TTFT range 0.5872530322580646 - 18.792097032258066 s
Qualcomm,Snapdragon® X Elite,,SmolVLM2-2.2B-Instruct,text-generation,ctx 4096,q8_0,tokens_per_s,11.692214,tokens/s,GENIEX_LLAMACPP,https://huggingface.co/qualcomm/SmolVLM2-2.2B-Instruct,official: Qualcomm AI Hub HF card; device chipset as stated 'Snapdragon® X Elite'; context length 4096; TTFT range 0.565842064516129 - 18.106946064516126 s
Qualcomm,Snapdragon® X Elite,,SmolVLM2-2.2B-Instruct,text-generation,ctx 4096,q8_0,tokens_per_s,8.764435,tokens/s,GENIEX_LLAMACPP,https://huggingface.co/qualcomm/SmolVLM2-2.2B-Instruct,official: Qualcomm AI Hub HF card; device chipset as stated 'Snapdragon® X Elite'; context length 4096; TTFT range 0.1703770322580645 - 5.452065032258064 s
Qualcomm,Qualcomm® Dragonwing™ IQ-8275,,SmolVLM2-2.2B-Instruct,text-generation,ctx 512,q8_0,tokens_per_s,8.077908,tokens/s,GENIEX_LLAMACPP,https://huggingface.co/qualcomm/SmolVLM2-2.2B-Instruct,official: Qualcomm AI Hub HF card; device chipset as stated 'Qualcomm® Dragonwing™ IQ-8275'; context length 512; TTFT range 2.271742333333333 - 9.086969333333332 s
Qualcomm,Qualcomm® Dragonwing™ IQ-8275,,SmolVLM2-2.2B-Instruct,text-generation,ctx 512,q8_0,tokens_per_s,5.158383,tokens/s,GENIEX_LLAMACPP,https://huggingface.co/qualcomm/SmolVLM2-2.2B-Instruct,official: Qualcomm AI Hub HF card; device chipset as stated 'Qualcomm® Dragonwing™ IQ-8275'; context length 512; TTFT range 2.4926939999999997 - 9.970775999999999 s
Qualcomm,Qualcomm® Dragonwing™ IQ-8275,,SmolVLM2-2.2B-Instruct,text-generation,ctx 512,q8_0,tokens_per_s,5.613499,tokens/s,GENIEX_LLAMACPP,https://huggingface.co/qualcomm/SmolVLM2-2.2B-Instruct,official: Qualcomm AI Hub HF card; device chipset as stated 'Qualcomm® Dragonwing™ IQ-8275'; context length 512; TTFT range 0.21356999999999998 - 0.8542799999999999 s
Qualcomm,Qualcomm® Dragonwing™ IQ-8275,,SmolVLM2-2.2B-Instruct,text-generation,ctx 4096,q8_0,tokens_per_s,2.684636,tokens/s,GENIEX_LLAMACPP,https://huggingface.co/qualcomm/SmolVLM2-2.2B-Instruct,official: Qualcomm AI Hub HF card; device chipset as stated 'Qualcomm® Dragonwing™ IQ-8275'; context length 4096; TTFT range 3.4063445806451615 - 109.00302658064517 s
Qualcomm,Qualcomm® Dragonwing™ IQ-8275,,SmolVLM2-2.2B-Instruct,text-generation,ctx 4096,q8_0,tokens_per_s,3.218268,tokens/s,GENIEX_LLAMACPP,https://huggingface.co/qualcomm/SmolVLM2-2.2B-Instruct,official: Qualcomm AI Hub HF card; device chipset as stated 'Qualcomm® Dragonwing™ IQ-8275'; context length 4096; TTFT range 3.5844897419354838 - 114.70367174193548 s
Qualcomm,Qualcomm® Dragonwing™ IQ-8275,,SmolVLM2-2.2B-Instruct,text-generation,ctx 4096,q8_0,tokens_per_s,5.0273,tokens/s,GENIEX_LLAMACPP,https://huggingface.co/qualcomm/SmolVLM2-2.2B-Instruct,official: Qualcomm AI Hub HF card; device chipset as stated 'Qualcomm® Dragonwing™ IQ-8275'; context length 4096; TTFT range 0.2295644516129032 - 7.3460624516129025 s
Qualcomm,Qualcomm® Dragonwing™ IQ-9075,,SmolVLM2-2.2B-Instruct,text-generation,ctx 512,q8_0,tokens_per_s,24.016041,tokens/s,GENIEX_LLAMACPP,https://huggingface.co/qualcomm/SmolVLM2-2.2B-Instruct,official: Qualcomm AI Hub HF card; device chipset as stated 'Qualcomm® Dragonwing™ IQ-9075'; context length 512; TTFT range 0.8226986666666667 - 3.2907946666666668 s
Qualcomm,Qualcomm® Dragonwing™ IQ-9075,,SmolVLM2-2.2B-Instruct,text-generation,ctx 512,q8_0,tokens_per_s,13.361646,tokens/s,GENIEX_LLAMACPP,https://huggingface.co/qualcomm/SmolVLM2-2.2B-Instruct,official: Qualcomm AI Hub HF card; device chipset as stated 'Qualcomm® Dragonwing™ IQ-9075'; context length 512; TTFT range 0.8900710000000001 - 3.5602840000000002 s
Qualcomm,Qualcomm® Dragonwing™ IQ-9075,,SmolVLM2-2.2B-Instruct,text-generation,ctx 512,q8_0,tokens_per_s,7.807072,tokens/s,GENIEX_LLAMACPP,https://huggingface.co/qualcomm/SmolVLM2-2.2B-Instruct,official: Qualcomm AI Hub HF card; device chipset as stated 'Qualcomm® Dragonwing™ IQ-9075'; context length 512; TTFT range 0.175873 - 0.703492 s
Qualcomm,Qualcomm® Dragonwing™ IQ-X7181,,SmolVLM2-2.2B-Instruct,text-generation,ctx 512,q8_0,tokens_per_s,20.396668,tokens/s,GENIEX_LLAMACPP,https://huggingface.co/qualcomm/SmolVLM2-2.2B-Instruct,official: Qualcomm AI Hub HF card; device chipset as stated 'Qualcomm® Dragonwing™ IQ-X7181'; context length 512; TTFT range 0.33751333333333333 - 1.3500533333333333 s
Qualcomm,Qualcomm® Dragonwing™ IQ-X7181,,SmolVLM2-2.2B-Instruct,text-generation,ctx 512,q8_0,tokens_per_s,32.472137,tokens/s,GENIEX_LLAMACPP,https://huggingface.co/qualcomm/SmolVLM2-2.2B-Instruct,official: Qualcomm AI Hub HF card; device chipset as stated 'Qualcomm® Dragonwing™ IQ-X7181'; context length 512; TTFT range 0.2929063333333333 - 1.1716253333333333 s
Qualcomm,Qualcomm® Dragonwing™ IQ-X7181,,SmolVLM2-2.2B-Instruct,text-generation,ctx 512,q8_0,tokens_per_s,21.951898,tokens/s,GENIEX_LLAMACPP,https://huggingface.co/qualcomm/SmolVLM2-2.2B-Instruct,official: Qualcomm AI Hub HF card; device chipset as stated 'Qualcomm® Dragonwing™ IQ-X7181'; context length 512; TTFT range 0.12050033333333332 - 0.4820013333333333 s
Qualcomm,Qualcomm® Dragonwing™ Q-8750,,SmolVLM2-2.2B-Instruct,text-generation,ctx 512,q8_0,tokens_per_s,28.134663,tokens/s,GENIEX_LLAMACPP,https://huggingface.co/qualcomm/SmolVLM2-2.2B-Instruct,official: Qualcomm AI Hub HF card; device chipset as stated 'Qualcomm® Dragonwing™ Q-8750'; context length 512; TTFT range 0.47438633333333335 - 1.8975453333333334 s
Qualcomm,Qualcomm® Dragonwing™ Q-8750,,SmolVLM2-2.2B-Instruct,text-generation,ctx 512,q8_0,tokens_per_s,28.243021,tokens/s,GENIEX_LLAMACPP,https://huggingface.co/qualcomm/SmolVLM2-2.2B-Instruct,official: Qualcomm AI Hub HF card; device chipset as stated 'Qualcomm® Dragonwing™ Q-8750'; context length 512; TTFT range 0.2631319999999999 - 1.0525279999999997 s
Qualcomm,Qualcomm® Dragonwing™ Q-8750,,SmolVLM2-2.2B-Instruct,text-generation,ctx 512,q8_0,tokens_per_s,24.911554,tokens/s,GENIEX_LLAMACPP,https://huggingface.co/qualcomm/SmolVLM2-2.2B-Instruct,official: Qualcomm AI Hub HF card; device chipset as stated 'Qualcomm® Dragonwing™ Q-8750'; context length 512; TTFT range 0.06054233333333333 - 0.24216933333333332 s
Qualcomm,Qualcomm® Dragonwing™ IQ-9075,,SmolVLM2-2.2B-Instruct,text-generation,ctx 4096,q8_0,tokens_per_s,15.101235,tokens/s,GENIEX_LLAMACPP,https://huggingface.co/qualcomm/SmolVLM2-2.2B-Instruct,official: Qualcomm AI Hub HF card; device chipset as stated 'Qualcomm® Dragonwing™ IQ-9075'; context length 4096; TTFT range 1.1813366451612903 - 37.80277264516129 s
Qualcomm,Qualcomm® Dragonwing™ IQ-9075,,SmolVLM2-2.2B-Instruct,text-generation,ctx 4096,q8_0,tokens_per_s,8.021626,tokens/s,GENIEX_LLAMACPP,https://huggingface.co/qualcomm/SmolVLM2-2.2B-Instruct,official: Qualcomm AI Hub HF card; device chipset as stated 'Qualcomm® Dragonwing™ IQ-9075'; context length 4096; TTFT range 1.3425965483870967 - 42.963089548387096 s
Qualcomm,Qualcomm® Dragonwing™ IQ-9075,,SmolVLM2-2.2B-Instruct,text-generation,ctx 4096,q8_0,tokens_per_s,6.112163,tokens/s,GENIEX_LLAMACPP,https://huggingface.co/qualcomm/SmolVLM2-2.2B-Instruct,official: Qualcomm AI Hub HF card; device chipset as stated 'Qualcomm® Dragonwing™ IQ-9075'; context length 4096; TTFT range 0.19832819354838707 - 6.346502193548386 s
Qualcomm,Qualcomm® Dragonwing™ IQ-X7181,,SmolVLM2-2.2B-Instruct,text-generation,ctx 4096,q8_0,tokens_per_s,13.397349,tokens/s,GENIEX_LLAMACPP,https://huggingface.co/qualcomm/SmolVLM2-2.2B-Instruct,official: Qualcomm AI Hub HF card; device chipset as stated 'Qualcomm® Dragonwing™ IQ-X7181'; context length 4096; TTFT range 0.5872530322580646 - 18.792097032258066 s
Qualcomm,Qualcomm® Dragonwing™ IQ-X7181,,SmolVLM2-2.2B-Instruct,text-generation,ctx 4096,q8_0,tokens_per_s,11.692214,tokens/s,GENIEX_LLAMACPP,https://huggingface.co/qualcomm/SmolVLM2-2.2B-Instruct,official: Qualcomm AI Hub HF card; device chipset as stated 'Qualcomm® Dragonwing™ IQ-X7181'; context length 4096; TTFT range 0.565842064516129 - 18.106946064516126 s
Qualcomm,Qualcomm® Dragonwing™ IQ-X7181,,SmolVLM2-2.2B-Instruct,text-generation,ctx 4096,q8_0,tokens_per_s,8.764435,tokens/s,GENIEX_LLAMACPP,https://huggingface.co/qualcomm/SmolVLM2-2.2B-Instruct,official: Qualcomm AI Hub HF card; device chipset as stated 'Qualcomm® Dragonwing™ IQ-X7181'; context length 4096; TTFT range 0.1703770322580645 - 5.452065032258064 s
Qualcomm,Qualcomm® Dragonwing™ Q-8750,,SmolVLM2-2.2B-Instruct,text-generation,ctx 4096,q8_0,tokens_per_s,11.020719,tokens/s,GENIEX_LLAMACPP,https://huggingface.co/qualcomm/SmolVLM2-2.2B-Instruct,official: Qualcomm AI Hub HF card; device chipset as stated 'Qualcomm® Dragonwing™ Q-8750'; context length 4096; TTFT range 1.1051197096774195 - 35.36383070967742 s
Qualcomm,Qualcomm® Dragonwing™ Q-8750,,SmolVLM2-2.2B-Instruct,text-generation,ctx 4096,q8_0,tokens_per_s,15.885515,tokens/s,GENIEX_LLAMACPP,https://huggingface.co/qualcomm/SmolVLM2-2.2B-Instruct,official: Qualcomm AI Hub HF card; device chipset as stated 'Qualcomm® Dragonwing™ Q-8750'; context length 4096; TTFT range 0.5819834193548387 - 18.623469419354837 s
Qualcomm,Qualcomm® Dragonwing™ Q-8750,,SmolVLM2-2.2B-Instruct,text-generation,ctx 4096,q8_0,tokens_per_s,14.225878,tokens/s,GENIEX_LLAMACPP,https://huggingface.co/qualcomm/SmolVLM2-2.2B-Instruct,official: Qualcomm AI Hub HF card; device chipset as stated 'Qualcomm® Dragonwing™ Q-8750'; context length 4096; TTFT range 0.10105106451612902 - 3.233634064516129 s
Qualcomm,Snapdragon® 8 Elite Gen 5 For Galaxy Mobile,,Swin-Tiny,image-classification,224x224,float,latency_ms,3.686,ms,ONNX,https://huggingface.co/qualcomm/Swin-Tiny,official: Qualcomm AI Hub HF card; device chipset as stated 'Snapdragon® 8 Elite Gen 5 For Galaxy Mobile'; peak memory 0 - 187 MB; compute unit NPU
Qualcomm,Snapdragon® 8 Elite For Galaxy Mobile,,Swin-Tiny,image-classification,224x224,float,latency_ms,4.414,ms,ONNX,https://huggingface.co/qualcomm/Swin-Tiny,official: Qualcomm AI Hub HF card; device chipset as stated 'Snapdragon® 8 Elite For Galaxy Mobile'; peak memory 0 - 180 MB; compute unit NPU
Qualcomm,Snapdragon® X2 Elite,,Swin-Tiny,image-classification,224x224,float,latency_ms,3.845,ms,ONNX,https://huggingface.co/qualcomm/Swin-Tiny,official: Qualcomm AI Hub HF card; device chipset as stated 'Snapdragon® X2 Elite'; peak memory 2 - 2 MB; compute unit NPU
Qualcomm,Snapdragon® X Elite,,Swin-Tiny,image-classification,224x224,float,latency_ms,9.475,ms,ONNX,https://huggingface.co/qualcomm/Swin-Tiny,official: Qualcomm AI Hub HF card; device chipset as stated 'Snapdragon® X Elite'; peak memory 58 - 58 MB; compute unit NPU
Qualcomm,Snapdragon® 8 Gen 3 Mobile,,Swin-Tiny,image-classification,224x224,float,latency_ms,5.867,ms,ONNX,https://huggingface.co/qualcomm/Swin-Tiny,official: Qualcomm AI Hub HF card; device chipset as stated 'Snapdragon® 8 Gen 3 Mobile'; peak memory 0 - 252 MB; compute unit NPU
Qualcomm,Snapdragon® 8 Elite Gen 5 For Galaxy Mobile,,Swin-Tiny,image-classification,224x224,w8a16,latency_ms,3.112,ms,ONNX,https://huggingface.co/qualcomm/Swin-Tiny,official: Qualcomm AI Hub HF card; device chipset as stated 'Snapdragon® 8 Elite Gen 5 For Galaxy Mobile'; peak memory 0 - 214 MB; compute unit NPU
Qualcomm,Snapdragon® 8 Elite For Galaxy Mobile,,Swin-Tiny,image-classification,224x224,w8a16,latency_ms,3.97,ms,ONNX,https://huggingface.co/qualcomm/Swin-Tiny,official: Qualcomm AI Hub HF card; device chipset as stated 'Snapdragon® 8 Elite For Galaxy Mobile'; peak memory 0 - 205 MB; compute unit NPU
Qualcomm,Snapdragon® X2 Elite,,Swin-Tiny,image-classification,224x224,w8a16,latency_ms,3.266,ms,ONNX,https://huggingface.co/qualcomm/Swin-Tiny,official: Qualcomm AI Hub HF card; device chipset as stated 'Snapdragon® X2 Elite'; peak memory 1 - 1 MB; compute unit NPU
Qualcomm,Snapdragon® X Elite,,Swin-Tiny,image-classification,224x224,w8a16,latency_ms,8.364,ms,ONNX,https://huggingface.co/qualcomm/Swin-Tiny,official: Qualcomm AI Hub HF card; device chipset as stated 'Snapdragon® X Elite'; peak memory 31 - 31 MB; compute unit NPU
Qualcomm,Snapdragon® 8 Gen 3 Mobile,,Swin-Tiny,image-classification,224x224,w8a16,latency_ms,5.264,ms,ONNX,https://huggingface.co/qualcomm/Swin-Tiny,official: Qualcomm AI Hub HF card; device chipset as stated 'Snapdragon® 8 Gen 3 Mobile'; peak memory 0 - 285 MB; compute unit NPU
Qualcomm,Snapdragon® 8 Elite Gen 5 For Galaxy Mobile,,Swin-Tiny,image-classification,224x224,float,latency_ms,3.563,ms,QNN_DLC,https://huggingface.co/qualcomm/Swin-Tiny,official: Qualcomm AI Hub HF card; device chipset as stated 'Snapdragon® 8 Elite Gen 5 For Galaxy Mobile'; peak memory 1 - 183 MB; compute unit NPU
Qualcomm,Snapdragon® 8 Elite For Galaxy Mobile,,Swin-Tiny,image-classification,224x224,float,latency_ms,4.399,ms,QNN_DLC,https://huggingface.co/qualcomm/Swin-Tiny,official: Qualcomm AI Hub HF card; device chipset as stated 'Snapdragon® 8 Elite For Galaxy Mobile'; peak memory 1 - 175 MB; compute unit NPU
Qualcomm,Snapdragon® X2 Elite,,Swin-Tiny,image-classification,224x224,float,latency_ms,3.982,ms,QNN_DLC,https://huggingface.co/qualcomm/Swin-Tiny,official: Qualcomm AI Hub HF card; device chipset as stated 'Snapdragon® X2 Elite'; peak memory 1 - 1 MB; compute unit NPU
Qualcomm,Snapdragon® X Elite,,Swin-Tiny,image-classification,224x224,float,latency_ms,9.636,ms,QNN_DLC,https://huggingface.co/qualcomm/Swin-Tiny,official: Qualcomm AI Hub HF card; device chipset as stated 'Snapdragon® X Elite'; peak memory 1 - 1 MB; compute unit NPU
Qualcomm,Snapdragon® 8 Gen 3 Mobile,,Swin-Tiny,image-classification,224x224,float,latency_ms,5.821,ms,QNN_DLC,https://huggingface.co/qualcomm/Swin-Tiny,official: Qualcomm AI Hub HF card; device chipset as stated 'Snapdragon® 8 Gen 3 Mobile'; peak memory 0 - 246 MB; compute unit NPU
Qualcomm,Snapdragon® 8 Elite Gen 5 For Galaxy Mobile,,Swin-Tiny,image-classification,224x224,w8a16,latency_ms,3.648,ms,QNN_DLC,https://huggingface.co/qualcomm/Swin-Tiny,official: Qualcomm AI Hub HF card; device chipset as stated 'Snapdragon® 8 Elite Gen 5 For Galaxy Mobile'; peak memory 0 - 199 MB; compute unit NPU
Qualcomm,Snapdragon® 8 Elite For Galaxy Mobile,,Swin-Tiny,image-classification,224x224,w8a16,latency_ms,4.76,ms,QNN_DLC,https://huggingface.co/qualcomm/Swin-Tiny,official: Qualcomm AI Hub HF card; device chipset as stated 'Snapdragon® 8 Elite For Galaxy Mobile'; peak memory 0 - 191 MB; compute unit NPU
Qualcomm,Snapdragon® X2 Elite,,Swin-Tiny,image-classification,224x224,w8a16,latency_ms,4.098,ms,QNN_DLC,https://huggingface.co/qualcomm/Swin-Tiny,official: Qualcomm AI Hub HF card; device chipset as stated 'Snapdragon® X2 Elite'; peak memory 0 - 0 MB; compute unit NPU
Qualcomm,Snapdragon® X Elite,,Swin-Tiny,image-classification,224x224,w8a16,latency_ms,10.807,ms,QNN_DLC,https://huggingface.co/qualcomm/Swin-Tiny,official: Qualcomm AI Hub HF card; device chipset as stated 'Snapdragon® X Elite'; peak memory 0 - 0 MB; compute unit NPU
Qualcomm,Snapdragon® 8 Gen 3 Mobile,,Swin-Tiny,image-classification,224x224,w8a16,latency_ms,6.569,ms,QNN_DLC,https://huggingface.co/qualcomm/Swin-Tiny,official: Qualcomm AI Hub HF card; device chipset as stated 'Snapdragon® 8 Gen 3 Mobile'; peak memory 0 - 256 MB; compute unit NPU
Qualcomm,Snapdragon® 8 Elite Gen 5 For Galaxy Mobile,,Swin-Tiny,image-classification,224x224,float,latency_ms,3.856,ms,TFLITE,https://huggingface.co/qualcomm/Swin-Tiny,official: Qualcomm AI Hub HF card; device chipset as stated 'Snapdragon® 8 Elite Gen 5 For Galaxy Mobile'; peak memory 0 - 206 MB; compute unit NPU
Qualcomm,Snapdragon® 8 Elite For Galaxy Mobile,,Swin-Tiny,image-classification,224x224,float,latency_ms,4.682,ms,TFLITE,https://huggingface.co/qualcomm/Swin-Tiny,official: Qualcomm AI Hub HF card; device chipset as stated 'Snapdragon® 8 Elite For Galaxy Mobile'; peak memory 0 - 185 MB; compute unit NPU
Qualcomm,Snapdragon® 8 Gen 3 Mobile,,Swin-Tiny,image-classification,224x224,float,latency_ms,6.076,ms,TFLITE,https://huggingface.co/qualcomm/Swin-Tiny,official: Qualcomm AI Hub HF card; device chipset as stated 'Snapdragon® 8 Gen 3 Mobile'; peak memory 0 - 258 MB; compute unit NPU
Qualcomm,Snapdragon® 8 Elite Gen 5 For Galaxy Mobile,,Unet-Segmentation,image-segmentation,640x1280,float,latency_ms,59.005,ms,ONNX,https://huggingface.co/qualcomm/Unet-Segmentation,official: Qualcomm AI Hub HF card; device chipset as stated 'Snapdragon® 8 Elite Gen 5 For Galaxy Mobile'; peak memory 14 - 280 MB; compute unit NPU
Qualcomm,Snapdragon® 8 Elite For Galaxy Mobile,,Unet-Segmentation,image-segmentation,640x1280,float,latency_ms,81.346,ms,ONNX,https://huggingface.co/qualcomm/Unet-Segmentation,official: Qualcomm AI Hub HF card; device chipset as stated 'Snapdragon® 8 Elite For Galaxy Mobile'; peak memory 16 - 266 MB; compute unit NPU
Qualcomm,Snapdragon® X2 Elite,,Unet-Segmentation,image-segmentation,640x1280,float,latency_ms,71.104,ms,ONNX,https://huggingface.co/qualcomm/Unet-Segmentation,official: Qualcomm AI Hub HF card; device chipset as stated 'Snapdragon® X2 Elite'; peak memory 17 - 17 MB; compute unit NPU
Qualcomm,Snapdragon® X Elite,,Unet-Segmentation,image-segmentation,640x1280,float,latency_ms,132.33,ms,ONNX,https://huggingface.co/qualcomm/Unet-Segmentation,official: Qualcomm AI Hub HF card; device chipset as stated 'Snapdragon® X Elite'; peak memory 54 - 54 MB; compute unit NPU
Qualcomm,Snapdragon® 8 Gen 3 Mobile,,Unet-Segmentation,image-segmentation,640x1280,float,latency_ms,101.666,ms,ONNX,https://huggingface.co/qualcomm/Unet-Segmentation,official: Qualcomm AI Hub HF card; device chipset as stated 'Snapdragon® 8 Gen 3 Mobile'; peak memory 3 - 455 MB; compute unit NPU
Qualcomm,Snapdragon® 8 Elite Gen 5 For Galaxy Mobile,,Unet-Segmentation,image-segmentation,640x1280,w8a8,latency_ms,16.264,ms,ONNX,https://huggingface.co/qualcomm/Unet-Segmentation,official: Qualcomm AI Hub HF card; device chipset as stated 'Snapdragon® 8 Elite Gen 5 For Galaxy Mobile'; peak memory 3 - 182 MB; compute unit NPU
Qualcomm,Snapdragon® 8 Elite For Galaxy Mobile,,Unet-Segmentation,image-segmentation,640x1280,w8a8,latency_ms,21.606,ms,ONNX,https://huggingface.co/qualcomm/Unet-Segmentation,official: Qualcomm AI Hub HF card; device chipset as stated 'Snapdragon® 8 Elite For Galaxy Mobile'; peak memory 3 - 180 MB; compute unit NPU
Qualcomm,Snapdragon® X2 Elite,,Unet-Segmentation,image-segmentation,640x1280,w8a8,latency_ms,18.654,ms,ONNX,https://huggingface.co/qualcomm/Unet-Segmentation,official: Qualcomm AI Hub HF card; device chipset as stated 'Snapdragon® X2 Elite'; peak memory 4 - 4 MB; compute unit NPU
Qualcomm,Snapdragon® X Elite,,Unet-Segmentation,image-segmentation,640x1280,w8a8,latency_ms,36.501,ms,ONNX,https://huggingface.co/qualcomm/Unet-Segmentation,official: Qualcomm AI Hub HF card; device chipset as stated 'Snapdragon® X Elite'; peak memory 29 - 29 MB; compute unit NPU
Qualcomm,Snapdragon® 8 Gen 3 Mobile,,Unet-Segmentation,image-segmentation,640x1280,w8a8,latency_ms,26.128,ms,ONNX,https://huggingface.co/qualcomm/Unet-Segmentation,official: Qualcomm AI Hub HF card; device chipset as stated 'Snapdragon® 8 Gen 3 Mobile'; peak memory 6 - 328 MB; compute unit NPU
Qualcomm,Snapdragon® 8 Elite Gen 5 For Galaxy Mobile,,Unet-Segmentation,image-segmentation,640x1280,float,latency_ms,54.526,ms,QNN_DLC,https://huggingface.co/qualcomm/Unet-Segmentation,official: Qualcomm AI Hub HF card; device chipset as stated 'Snapdragon® 8 Elite Gen 5 For Galaxy Mobile'; peak memory 0 - 276 MB; compute unit NPU
Qualcomm,Snapdragon® 8 Elite For Galaxy Mobile,,Unet-Segmentation,image-segmentation,640x1280,float,latency_ms,75.423,ms,QNN_DLC,https://huggingface.co/qualcomm/Unet-Segmentation,official: Qualcomm AI Hub HF card; device chipset as stated 'Snapdragon® 8 Elite For Galaxy Mobile'; peak memory 0 - 262 MB; compute unit NPU
Qualcomm,Snapdragon® X2 Elite,,Unet-Segmentation,image-segmentation,640x1280,float,latency_ms,68.019,ms,QNN_DLC,https://huggingface.co/qualcomm/Unet-Segmentation,official: Qualcomm AI Hub HF card; device chipset as stated 'Snapdragon® X2 Elite'; peak memory 9 - 9 MB; compute unit NPU
Qualcomm,Snapdragon® X Elite,,Unet-Segmentation,image-segmentation,640x1280,float,latency_ms,125.744,ms,QNN_DLC,https://huggingface.co/qualcomm/Unet-Segmentation,official: Qualcomm AI Hub HF card; device chipset as stated 'Snapdragon® X Elite'; peak memory 9 - 9 MB; compute unit NPU
Qualcomm,Snapdragon® 8 Gen 3 Mobile,,Unet-Segmentation,image-segmentation,640x1280,float,latency_ms,102.472,ms,QNN_DLC,https://huggingface.co/qualcomm/Unet-Segmentation,official: Qualcomm AI Hub HF card; device chipset as stated 'Snapdragon® 8 Gen 3 Mobile'; peak memory 9 - 461 MB; compute unit NPU
Qualcomm,Snapdragon® 8 Elite Gen 5 For Galaxy Mobile,,Unet-Segmentation,image-segmentation,640x1280,w8a8,latency_ms,15.328,ms,QNN_DLC,https://huggingface.co/qualcomm/Unet-Segmentation,official: Qualcomm AI Hub HF card; device chipset as stated 'Snapdragon® 8 Elite Gen 5 For Galaxy Mobile'; peak memory 2 - 188 MB; compute unit NPU
Qualcomm,Snapdragon® 8 Elite For Galaxy Mobile,,Unet-Segmentation,image-segmentation,640x1280,w8a8,latency_ms,21.492,ms,QNN_DLC,https://huggingface.co/qualcomm/Unet-Segmentation,official: Qualcomm AI Hub HF card; device chipset as stated 'Snapdragon® 8 Elite For Galaxy Mobile'; peak memory 2 - 181 MB; compute unit NPU
Qualcomm,Snapdragon® X2 Elite,,Unet-Segmentation,image-segmentation,640x1280,w8a8,latency_ms,18.29,ms,QNN_DLC,https://huggingface.co/qualcomm/Unet-Segmentation,official: Qualcomm AI Hub HF card; device chipset as stated 'Snapdragon® X2 Elite'; peak memory 2 - 2 MB; compute unit NPU
Qualcomm,Snapdragon® X Elite,,Unet-Segmentation,image-segmentation,640x1280,w8a8,latency_ms,34.725,ms,QNN_DLC,https://huggingface.co/qualcomm/Unet-Segmentation,official: Qualcomm AI Hub HF card; device chipset as stated 'Snapdragon® X Elite'; peak memory 2 - 2 MB; compute unit NPU
Qualcomm,Snapdragon® 8 Gen 3 Mobile,,Unet-Segmentation,image-segmentation,640x1280,w8a8,latency_ms,25.242,ms,QNN_DLC,https://huggingface.co/qualcomm/Unet-Segmentation,official: Qualcomm AI Hub HF card; device chipset as stated 'Snapdragon® 8 Gen 3 Mobile'; peak memory 2 - 312 MB; compute unit NPU
Qualcomm,Snapdragon® 8 Elite Gen 5 For Galaxy Mobile,,Unet-Segmentation,image-segmentation,640x1280,float,latency_ms,54.465,ms,TFLITE,https://huggingface.co/qualcomm/Unet-Segmentation,official: Qualcomm AI Hub HF card; device chipset as stated 'Snapdragon® 8 Elite Gen 5 For Galaxy Mobile'; peak memory 6 - 282 MB; compute unit NPU
Qualcomm,Snapdragon® 8 Elite For Galaxy Mobile,,Unet-Segmentation,image-segmentation,640x1280,float,latency_ms,76.042,ms,TFLITE,https://huggingface.co/qualcomm/Unet-Segmentation,official: Qualcomm AI Hub HF card; device chipset as stated 'Snapdragon® 8 Elite For Galaxy Mobile'; peak memory 5 - 266 MB; compute unit NPU
Qualcomm,Snapdragon® 8 Gen 3 Mobile,,Unet-Segmentation,image-segmentation,640x1280,float,latency_ms,102.833,ms,TFLITE,https://huggingface.co/qualcomm/Unet-Segmentation,official: Qualcomm AI Hub HF card; device chipset as stated 'Snapdragon® 8 Gen 3 Mobile'; peak memory 6 - 511 MB; compute unit NPU
Qualcomm,Snapdragon® 8 Elite Gen 5 For Galaxy Mobile,,Unet-Segmentation,image-segmentation,640x1280,w8a8,latency_ms,15.345,ms,TFLITE,https://huggingface.co/qualcomm/Unet-Segmentation,official: Qualcomm AI Hub HF card; device chipset as stated 'Snapdragon® 8 Elite Gen 5 For Galaxy Mobile'; peak memory 0 - 188 MB; compute unit NPU
Qualcomm,Snapdragon® 8 Elite For Galaxy Mobile,,Unet-Segmentation,image-segmentation,640x1280,w8a8,latency_ms,21.406,ms,TFLITE,https://huggingface.co/qualcomm/Unet-Segmentation,official: Qualcomm AI Hub HF card; device chipset as stated 'Snapdragon® 8 Elite For Galaxy Mobile'; peak memory 1 - 178 MB; compute unit NPU
Qualcomm,Snapdragon® 8 Gen 3 Mobile,,Unet-Segmentation,image-segmentation,640x1280,w8a8,latency_ms,25.044,ms,TFLITE,https://huggingface.co/qualcomm/Unet-Segmentation,official: Qualcomm AI Hub HF card; device chipset as stated 'Snapdragon® 8 Gen 3 Mobile'; peak memory 1 - 308 MB; compute unit NPU
Qualcomm,Snapdragon® 8 Elite Gen 5 For Galaxy Mobile,,VIT,image-classification,224x224,float,latency_ms,3.428,ms,ONNX,https://huggingface.co/qualcomm/VIT,official: Qualcomm AI Hub HF card; device chipset as stated 'Snapdragon® 8 Elite Gen 5 For Galaxy Mobile'; peak memory 0 - 158 MB; compute unit NPU
Qualcomm,Snapdragon® 8 Elite For Galaxy Mobile,,VIT,image-classification,224x224,float,latency_ms,4.417,ms,ONNX,https://huggingface.co/qualcomm/VIT,official: Qualcomm AI Hub HF card; device chipset as stated 'Snapdragon® 8 Elite For Galaxy Mobile'; peak memory 0 - 159 MB; compute unit NPU
Qualcomm,Snapdragon® X2 Elite,,VIT,image-classification,224x224,float,latency_ms,3.756,ms,ONNX,https://huggingface.co/qualcomm/VIT,official: Qualcomm AI Hub HF card; device chipset as stated 'Snapdragon® X2 Elite'; peak memory 2 - 2 MB; compute unit NPU
Qualcomm,Snapdragon® X Elite,,VIT,image-classification,224x224,float,latency_ms,9.409,ms,ONNX,https://huggingface.co/qualcomm/VIT,official: Qualcomm AI Hub HF card; device chipset as stated 'Snapdragon® X Elite'; peak memory 171 - 171 MB; compute unit NPU
Qualcomm,Snapdragon® 8 Gen 3 Mobile,,VIT,image-classification,224x224,float,latency_ms,6.329,ms,ONNX,https://huggingface.co/qualcomm/VIT,official: Qualcomm AI Hub HF card; device chipset as stated 'Snapdragon® 8 Gen 3 Mobile'; peak memory 0 - 287 MB; compute unit NPU
Qualcomm,Snapdragon® 8 Elite Gen 5 For Galaxy Mobile,,VIT,image-classification,224x224,w8a16,latency_ms,2.309,ms,ONNX,https://huggingface.co/qualcomm/VIT,official: Qualcomm AI Hub HF card; device chipset as stated 'Snapdragon® 8 Elite Gen 5 For Galaxy Mobile'; peak memory 0 - 194 MB; compute unit NPU
Qualcomm,Snapdragon® 8 Elite For Galaxy Mobile,,VIT,image-classification,224x224,w8a16,latency_ms,3.161,ms,ONNX,https://huggingface.co/qualcomm/VIT,official: Qualcomm AI Hub HF card; device chipset as stated 'Snapdragon® 8 Elite For Galaxy Mobile'; peak memory 0 - 190 MB; compute unit NPU
Qualcomm,Snapdragon® X2 Elite,,VIT,image-classification,224x224,w8a16,latency_ms,2.551,ms,ONNX,https://huggingface.co/qualcomm/VIT,official: Qualcomm AI Hub HF card; device chipset as stated 'Snapdragon® X2 Elite'; peak memory 1 - 1 MB; compute unit NPU
Qualcomm,Snapdragon® X Elite,,VIT,image-classification,224x224,w8a16,latency_ms,6.174,ms,ONNX,https://huggingface.co/qualcomm/VIT,official: Qualcomm AI Hub HF card; device chipset as stated 'Snapdragon® X Elite'; peak memory 86 - 86 MB; compute unit NPU
Qualcomm,Snapdragon® 8 Gen 3 Mobile,,VIT,image-classification,224x224,w8a16,latency_ms,4.062,ms,ONNX,https://huggingface.co/qualcomm/VIT,official: Qualcomm AI Hub HF card; device chipset as stated 'Snapdragon® 8 Gen 3 Mobile'; peak memory 0 - 289 MB; compute unit NPU
Qualcomm,Snapdragon® 8 Elite Gen 5 For Galaxy Mobile,,VIT,image-classification,224x224,w8a8,latency_ms,4.015,ms,ONNX,https://huggingface.co/qualcomm/VIT,official: Qualcomm AI Hub HF card; device chipset as stated 'Snapdragon® 8 Elite Gen 5 For Galaxy Mobile'; peak memory 0 - 184 MB; compute unit NPU
Qualcomm,Snapdragon® 8 Elite For Galaxy Mobile,,VIT,image-classification,224x224,w8a8,latency_ms,5.81,ms,ONNX,https://huggingface.co/qualcomm/VIT,official: Qualcomm AI Hub HF card; device chipset as stated 'Snapdragon® 8 Elite For Galaxy Mobile'; peak memory 0 - 179 MB; compute unit NPU
Qualcomm,Snapdragon® X2 Elite,,VIT,image-classification,224x224,w8a8,latency_ms,4.604,ms,ONNX,https://huggingface.co/qualcomm/VIT,official: Qualcomm AI Hub HF card; device chipset as stated 'Snapdragon® X2 Elite'; peak memory 1 - 1 MB; compute unit NPU
Qualcomm,Snapdragon® X Elite,,VIT,image-classification,224x224,w8a8,latency_ms,10.805,ms,ONNX,https://huggingface.co/qualcomm/VIT,official: Qualcomm AI Hub HF card; device chipset as stated 'Snapdragon® X Elite'; peak memory 86 - 86 MB; compute unit NPU
Qualcomm,Snapdragon® 8 Gen 3 Mobile,,VIT,image-classification,224x224,w8a8,latency_ms,7.027,ms,ONNX,https://huggingface.co/qualcomm/VIT,official: Qualcomm AI Hub HF card; device chipset as stated 'Snapdragon® 8 Gen 3 Mobile'; peak memory 0 - 298 MB; compute unit NPU
Qualcomm,Snapdragon® 8 Elite Gen 5 For Galaxy Mobile,,VIT,image-classification,224x224,w8a8_mixed_int16,latency_ms,10.925,ms,ONNX,https://huggingface.co/qualcomm/VIT,official: Qualcomm AI Hub HF card; device chipset as stated 'Snapdragon® 8 Elite Gen 5 For Galaxy Mobile'; peak memory 47 - 374 MB; compute unit NPU
Qualcomm,Snapdragon® 8 Elite For Galaxy Mobile,,VIT,image-classification,224x224,w8a8_mixed_int16,latency_ms,13.469,ms,ONNX,https://huggingface.co/qualcomm/VIT,official: Qualcomm AI Hub HF card; device chipset as stated 'Snapdragon® 8 Elite For Galaxy Mobile'; peak memory 45 - 357 MB; compute unit NPU
Qualcomm,Snapdragon® X2 Elite,,VIT,image-classification,224x224,w8a8_mixed_int16,latency_ms,12.546,ms,ONNX,https://huggingface.co/qualcomm/VIT,official: Qualcomm AI Hub HF card; device chipset as stated 'Snapdragon® X2 Elite'; peak memory 71 - 71 MB; compute unit NPU
Qualcomm,Snapdragon® X Elite,,VIT,image-classification,224x224,w8a8_mixed_int16,latency_ms,24.689,ms,ONNX,https://huggingface.co/qualcomm/VIT,official: Qualcomm AI Hub HF card; device chipset as stated 'Snapdragon® X Elite'; peak memory 87 - 87 MB; compute unit NPU
Qualcomm,Snapdragon® 8 Gen 3 Mobile,,VIT,image-classification,224x224,w8a8_mixed_int16,latency_ms,16.916,ms,ONNX,https://huggingface.co/qualcomm/VIT,official: Qualcomm AI Hub HF card; device chipset as stated 'Snapdragon® 8 Gen 3 Mobile'; peak memory 47 - 480 MB; compute unit NPU
Qualcomm,Snapdragon® 8 Elite Gen 5 For Galaxy Mobile,,VIT,image-classification,224x224,float,latency_ms,5.14,ms,QNN_DLC,https://huggingface.co/qualcomm/VIT,official: Qualcomm AI Hub HF card; device chipset as stated 'Snapdragon® 8 Elite Gen 5 For Galaxy Mobile'; peak memory 1 - 159 MB; compute unit NPU
Qualcomm,Snapdragon® 8 Elite For Galaxy Mobile,,VIT,image-classification,224x224,float,latency_ms,6.111,ms,QNN_DLC,https://huggingface.co/qualcomm/VIT,official: Qualcomm AI Hub HF card; device chipset as stated 'Snapdragon® 8 Elite For Galaxy Mobile'; peak memory 1 - 158 MB; compute unit NPU
Qualcomm,Snapdragon® X2 Elite,,VIT,image-classification,224x224,float,latency_ms,5.65,ms,QNN_DLC,https://huggingface.co/qualcomm/VIT,official: Qualcomm AI Hub HF card; device chipset as stated 'Snapdragon® X2 Elite'; peak memory 1 - 1 MB; compute unit NPU
Qualcomm,Snapdragon® X Elite,,VIT,image-classification,224x224,float,latency_ms,12.614,ms,QNN_DLC,https://huggingface.co/qualcomm/VIT,official: Qualcomm AI Hub HF card; device chipset as stated 'Snapdragon® X Elite'; peak memory 1 - 1 MB; compute unit NPU
Qualcomm,Snapdragon® 8 Gen 3 Mobile,,VIT,image-classification,224x224,float,latency_ms,8.2,ms,QNN_DLC,https://huggingface.co/qualcomm/VIT,official: Qualcomm AI Hub HF card; device chipset as stated 'Snapdragon® 8 Gen 3 Mobile'; peak memory 0 - 289 MB; compute unit NPU
Qualcomm,Snapdragon® 8 Elite Gen 5 For Galaxy Mobile,,VIT,image-classification,224x224,w8a16,latency_ms,2.873,ms,QNN_DLC,https://huggingface.co/qualcomm/VIT,official: Qualcomm AI Hub HF card; device chipset as stated 'Snapdragon® 8 Elite Gen 5 For Galaxy Mobile'; peak memory 0 - 181 MB; compute unit NPU
Qualcomm,Snapdragon® 8 Elite For Galaxy Mobile,,VIT,image-classification,224x224,w8a16,latency_ms,3.925,ms,QNN_DLC,https://huggingface.co/qualcomm/VIT,official: Qualcomm AI Hub HF card; device chipset as stated 'Snapdragon® 8 Elite For Galaxy Mobile'; peak memory 0 - 178 MB; compute unit NPU
Qualcomm,Snapdragon® X2 Elite,,VIT,image-classification,224x224,w8a16,latency_ms,3.478,ms,QNN_DLC,https://huggingface.co/qualcomm/VIT,official: Qualcomm AI Hub HF card; device chipset as stated 'Snapdragon® X2 Elite'; peak memory 0 - 0 MB; compute unit NPU
Qualcomm,Snapdragon® X Elite,,VIT,image-classification,224x224,w8a16,latency_ms,8.189,ms,QNN_DLC,https://huggingface.co/qualcomm/VIT,official: Qualcomm AI Hub HF card; device chipset as stated 'Snapdragon® X Elite'; peak memory 0 - 0 MB; compute unit NPU
Qualcomm,Snapdragon® 8 Gen 3 Mobile,,VIT,image-classification,224x224,w8a16,latency_ms,5.217,ms,QNN_DLC,https://huggingface.co/qualcomm/VIT,official: Qualcomm AI Hub HF card; device chipset as stated 'Snapdragon® 8 Gen 3 Mobile'; peak memory 0 - 280 MB; compute unit NPU
Qualcomm,Snapdragon® 8 Elite Gen 5 For Galaxy Mobile,,VIT,image-classification,224x224,w8a8,latency_ms,4.001,ms,QNN_DLC,https://huggingface.co/qualcomm/VIT,official: Qualcomm AI Hub HF card; device chipset as stated 'Snapdragon® 8 Elite Gen 5 For Galaxy Mobile'; peak memory 0 - 177 MB; compute unit NPU
Qualcomm,Snapdragon® 8 Elite For Galaxy Mobile,,VIT,image-classification,224x224,w8a8,latency_ms,5.83,ms,QNN_DLC,https://huggingface.co/qualcomm/VIT,official: Qualcomm AI Hub HF card; device chipset as stated 'Snapdragon® 8 Elite For Galaxy Mobile'; peak memory 0 - 171 MB; compute unit NPU
Qualcomm,Snapdragon® X2 Elite,,VIT,image-classification,224x224,w8a8,latency_ms,4.957,ms,QNN_DLC,https://huggingface.co/qualcomm/VIT,official: Qualcomm AI Hub HF card; device chipset as stated 'Snapdragon® X2 Elite'; peak memory 0 - 0 MB; compute unit NPU
Qualcomm,Snapdragon® X Elite,,VIT,image-classification,224x224,w8a8,latency_ms,11.222,ms,QNN_DLC,https://huggingface.co/qualcomm/VIT,official: Qualcomm AI Hub HF card; device chipset as stated 'Snapdragon® X Elite'; peak memory 0 - 0 MB; compute unit NPU
Qualcomm,Snapdragon® 8 Gen 3 Mobile,,VIT,image-classification,224x224,w8a8,latency_ms,7.008,ms,QNN_DLC,https://huggingface.co/qualcomm/VIT,official: Qualcomm AI Hub HF card; device chipset as stated 'Snapdragon® 8 Gen 3 Mobile'; peak memory 0 - 289 MB; compute unit NPU
Qualcomm,Snapdragon® 8 Elite Gen 5 For Galaxy Mobile,,VIT,image-classification,224x224,w8a8_mixed_int16,latency_ms,4.368,ms,QNN_DLC,https://huggingface.co/qualcomm/VIT,official: Qualcomm AI Hub HF card; device chipset as stated 'Snapdragon® 8 Elite Gen 5 For Galaxy Mobile'; peak memory 0 - 296 MB; compute unit NPU
Qualcomm,Snapdragon® 8 Elite For Galaxy Mobile,,VIT,image-classification,224x224,w8a8_mixed_int16,latency_ms,6.202,ms,QNN_DLC,https://huggingface.co/qualcomm/VIT,official: Qualcomm AI Hub HF card; device chipset as stated 'Snapdragon® 8 Elite For Galaxy Mobile'; peak memory 0 - 287 MB; compute unit NPU
Qualcomm,Snapdragon® X2 Elite,,VIT,image-classification,224x224,w8a8_mixed_int16,latency_ms,15.261,ms,QNN_DLC,https://huggingface.co/qualcomm/VIT,official: Qualcomm AI Hub HF card; device chipset as stated 'Snapdragon® X2 Elite'; peak memory 0 - 0 MB; compute unit NPU
Qualcomm,Snapdragon® X Elite,,VIT,image-classification,224x224,w8a8_mixed_int16,latency_ms,11.383,ms,QNN_DLC,https://huggingface.co/qualcomm/VIT,official: Qualcomm AI Hub HF card; device chipset as stated 'Snapdragon® X Elite'; peak memory 1 - 1 MB; compute unit NPU
Qualcomm,Snapdragon® 8 Gen 3 Mobile,,VIT,image-classification,224x224,w8a8_mixed_int16,latency_ms,7.345,ms,QNN_DLC,https://huggingface.co/qualcomm/VIT,official: Qualcomm AI Hub HF card; device chipset as stated 'Snapdragon® 8 Gen 3 Mobile'; peak memory 0 - 405 MB; compute unit NPU
Qualcomm,Snapdragon® 8 Elite Gen 5 For Galaxy Mobile,,VIT,image-classification,224x224,float,latency_ms,3.611,ms,TFLITE,https://huggingface.co/qualcomm/VIT,official: Qualcomm AI Hub HF card; device chipset as stated 'Snapdragon® 8 Elite Gen 5 For Galaxy Mobile'; peak memory 0 - 162 MB; compute unit NPU
Qualcomm,Snapdragon® 8 Elite For Galaxy Mobile,,VIT,image-classification,224x224,float,latency_ms,4.753,ms,TFLITE,https://huggingface.co/qualcomm/VIT,official: Qualcomm AI Hub HF card; device chipset as stated 'Snapdragon® 8 Elite For Galaxy Mobile'; peak memory 0 - 160 MB; compute unit NPU
Qualcomm,Snapdragon® 8 Gen 3 Mobile,,VIT,image-classification,224x224,float,latency_ms,6.755,ms,TFLITE,https://huggingface.co/qualcomm/VIT,official: Qualcomm AI Hub HF card; device chipset as stated 'Snapdragon® 8 Gen 3 Mobile'; peak memory 0 - 290 MB; compute unit NPU
Qualcomm,Snapdragon® 8 Elite Gen 5 For Galaxy Mobile,,VIT,image-classification,224x224,w8a8,latency_ms,4.943,ms,TFLITE,https://huggingface.co/qualcomm/VIT,official: Qualcomm AI Hub HF card; device chipset as stated 'Snapdragon® 8 Elite Gen 5 For Galaxy Mobile'; peak memory 0 - 292 MB; compute unit NPU
Qualcomm,Snapdragon® 8 Elite For Galaxy Mobile,,VIT,image-classification,224x224,w8a8,latency_ms,7.357,ms,TFLITE,https://huggingface.co/qualcomm/VIT,official: Qualcomm AI Hub HF card; device chipset as stated 'Snapdragon® 8 Elite For Galaxy Mobile'; peak memory 0 - 284 MB; compute unit NPU
Qualcomm,Snapdragon® 8 Gen 3 Mobile,,VIT,image-classification,224x224,w8a8,latency_ms,9.011,ms,TFLITE,https://huggingface.co/qualcomm/VIT,official: Qualcomm AI Hub HF card; device chipset as stated 'Snapdragon® 8 Gen 3 Mobile'; peak memory 0 - 417 MB; compute unit NPU
Qualcomm,Snapdragon® 8 Elite Gen 5 For Galaxy Mobile,,XLSR,image-to-image,128x128,float,latency_ms,0.403,ms,ONNX,https://huggingface.co/qualcomm/XLSR,official: Qualcomm AI Hub HF card; device chipset as stated 'Snapdragon® 8 Elite Gen 5 For Galaxy Mobile'; peak memory 0 - 25 MB; compute unit NPU
Qualcomm,Snapdragon® 8 Elite For Galaxy Mobile,,XLSR,image-to-image,128x128,float,latency_ms,0.427,ms,ONNX,https://huggingface.co/qualcomm/XLSR,official: Qualcomm AI Hub HF card; device chipset as stated 'Snapdragon® 8 Elite For Galaxy Mobile'; peak memory 0 - 28 MB; compute unit NPU
Qualcomm,Snapdragon® X2 Elite,,XLSR,image-to-image,128x128,float,latency_ms,0.369,ms,ONNX,https://huggingface.co/qualcomm/XLSR,official: Qualcomm AI Hub HF card; device chipset as stated 'Snapdragon® X2 Elite'; peak memory 8 - 8 MB; compute unit NPU
Qualcomm,Snapdragon® X Elite,,XLSR,image-to-image,128x128,float,latency_ms,0.893,ms,ONNX,https://huggingface.co/qualcomm/XLSR,official: Qualcomm AI Hub HF card; device chipset as stated 'Snapdragon® X Elite'; peak memory 8 - 8 MB; compute unit NPU
Qualcomm,Snapdragon® 8 Gen 3 Mobile,,XLSR,image-to-image,128x128,float,latency_ms,0.584,ms,ONNX,https://huggingface.co/qualcomm/XLSR,official: Qualcomm AI Hub HF card; device chipset as stated 'Snapdragon® 8 Gen 3 Mobile'; peak memory 0 - 33 MB; compute unit NPU
Qualcomm,Snapdragon® 8 Elite Gen 5 For Galaxy Mobile,,XLSR,image-to-image,128x128,w8a8,latency_ms,0.235,ms,ONNX,https://huggingface.co/qualcomm/XLSR,official: Qualcomm AI Hub HF card; device chipset as stated 'Snapdragon® 8 Elite Gen 5 For Galaxy Mobile'; peak memory 0 - 30 MB; compute unit NPU
Qualcomm,Snapdragon® 8 Elite For Galaxy Mobile,,XLSR,image-to-image,128x128,w8a8,latency_ms,0.255,ms,ONNX,https://huggingface.co/qualcomm/XLSR,official: Qualcomm AI Hub HF card; device chipset as stated 'Snapdragon® 8 Elite For Galaxy Mobile'; peak memory 0 - 30 MB; compute unit NPU
Qualcomm,Snapdragon® X2 Elite,,XLSR,image-to-image,128x128,w8a8,latency_ms,0.218,ms,ONNX,https://huggingface.co/qualcomm/XLSR,official: Qualcomm AI Hub HF card; device chipset as stated 'Snapdragon® X2 Elite'; peak memory 3 - 3 MB; compute unit NPU
Qualcomm,Snapdragon® X Elite,,XLSR,image-to-image,128x128,w8a8,latency_ms,0.526,ms,ONNX,https://huggingface.co/qualcomm/XLSR,official: Qualcomm AI Hub HF card; device chipset as stated 'Snapdragon® X Elite'; peak memory 3 - 3 MB; compute unit NPU
Qualcomm,Snapdragon® 8 Gen 3 Mobile,,XLSR,image-to-image,128x128,w8a8,latency_ms,0.368,ms,ONNX,https://huggingface.co/qualcomm/XLSR,official: Qualcomm AI Hub HF card; device chipset as stated 'Snapdragon® 8 Gen 3 Mobile'; peak memory 0 - 35 MB; compute unit NPU
Qualcomm,Snapdragon® 8 Elite Gen 5 For Galaxy Mobile,,XLSR,image-to-image,128x128,float,latency_ms,0.34,ms,QNN_DLC,https://huggingface.co/qualcomm/XLSR,official: Qualcomm AI Hub HF card; device chipset as stated 'Snapdragon® 8 Elite Gen 5 For Galaxy Mobile'; peak memory 0 - 27 MB; compute unit NPU
Qualcomm,Snapdragon® 8 Elite For Galaxy Mobile,,XLSR,image-to-image,128x128,float,latency_ms,0.361,ms,QNN_DLC,https://huggingface.co/qualcomm/XLSR,official: Qualcomm AI Hub HF card; device chipset as stated 'Snapdragon® 8 Elite For Galaxy Mobile'; peak memory 0 - 29 MB; compute unit NPU
Qualcomm,Snapdragon® X2 Elite,,XLSR,image-to-image,128x128,float,latency_ms,0.397,ms,QNN_DLC,https://huggingface.co/qualcomm/XLSR,official: Qualcomm AI Hub HF card; device chipset as stated 'Snapdragon® X2 Elite'; peak memory 0 - 0 MB; compute unit NPU
Qualcomm,Snapdragon® X Elite,,XLSR,image-to-image,128x128,float,latency_ms,0.889,ms,QNN_DLC,https://huggingface.co/qualcomm/XLSR,official: Qualcomm AI Hub HF card; device chipset as stated 'Snapdragon® X Elite'; peak memory 0 - 0 MB; compute unit NPU
Qualcomm,Snapdragon® 8 Gen 3 Mobile,,XLSR,image-to-image,128x128,float,latency_ms,0.466,ms,QNN_DLC,https://huggingface.co/qualcomm/XLSR,official: Qualcomm AI Hub HF card; device chipset as stated 'Snapdragon® 8 Gen 3 Mobile'; peak memory 0 - 34 MB; compute unit NPU
Qualcomm,Snapdragon® 8 Elite Gen 5 For Galaxy Mobile,,XLSR,image-to-image,128x128,w8a8,latency_ms,0.173,ms,QNN_DLC,https://huggingface.co/qualcomm/XLSR,official: Qualcomm AI Hub HF card; device chipset as stated 'Snapdragon® 8 Elite Gen 5 For Galaxy Mobile'; peak memory 0 - 28 MB; compute unit NPU
Qualcomm,Snapdragon® 8 Elite For Galaxy Mobile,,XLSR,image-to-image,128x128,w8a8,latency_ms,0.213,ms,QNN_DLC,https://huggingface.co/qualcomm/XLSR,official: Qualcomm AI Hub HF card; device chipset as stated 'Snapdragon® 8 Elite For Galaxy Mobile'; peak memory 0 - 28 MB; compute unit NPU
Qualcomm,Snapdragon® X2 Elite,,XLSR,image-to-image,128x128,w8a8,latency_ms,0.26,ms,QNN_DLC,https://huggingface.co/qualcomm/XLSR,official: Qualcomm AI Hub HF card; device chipset as stated 'Snapdragon® X2 Elite'; peak memory 0 - 0 MB; compute unit NPU
Qualcomm,Snapdragon® X Elite,,XLSR,image-to-image,128x128,w8a8,latency_ms,0.486,ms,QNN_DLC,https://huggingface.co/qualcomm/XLSR,official: Qualcomm AI Hub HF card; device chipset as stated 'Snapdragon® X Elite'; peak memory 0 - 0 MB; compute unit NPU
Qualcomm,Snapdragon® 8 Gen 3 Mobile,,XLSR,image-to-image,128x128,w8a8,latency_ms,0.238,ms,QNN_DLC,https://huggingface.co/qualcomm/XLSR,official: Qualcomm AI Hub HF card; device chipset as stated 'Snapdragon® 8 Gen 3 Mobile'; peak memory 0 - 34 MB; compute unit NPU
Qualcomm,Snapdragon® 8 Elite Gen 5 For Galaxy Mobile,,XLSR,image-to-image,128x128,float,latency_ms,0.802,ms,TFLITE,https://huggingface.co/qualcomm/XLSR,official: Qualcomm AI Hub HF card; device chipset as stated 'Snapdragon® 8 Elite Gen 5 For Galaxy Mobile'; peak memory 0 - 27 MB; compute unit NPU
Qualcomm,Snapdragon® 8 Elite For Galaxy Mobile,,XLSR,image-to-image,128x128,float,latency_ms,0.974,ms,TFLITE,https://huggingface.co/qualcomm/XLSR,official: Qualcomm AI Hub HF card; device chipset as stated 'Snapdragon® 8 Elite For Galaxy Mobile'; peak memory 0 - 25 MB; compute unit NPU
Qualcomm,Snapdragon® 8 Gen 3 Mobile,,XLSR,image-to-image,128x128,float,latency_ms,1.408,ms,TFLITE,https://huggingface.co/qualcomm/XLSR,official: Qualcomm AI Hub HF card; device chipset as stated 'Snapdragon® 8 Gen 3 Mobile'; peak memory 0 - 34 MB; compute unit NPU
Qualcomm,Snapdragon® 8 Elite Gen 5 For Galaxy Mobile,,XLSR,image-to-image,128x128,w8a8,latency_ms,0.186,ms,TFLITE,https://huggingface.co/qualcomm/XLSR,official: Qualcomm AI Hub HF card; device chipset as stated 'Snapdragon® 8 Elite Gen 5 For Galaxy Mobile'; peak memory 0 - 26 MB; compute unit NPU
Qualcomm,Snapdragon® 8 Elite For Galaxy Mobile,,XLSR,image-to-image,128x128,w8a8,latency_ms,0.222,ms,TFLITE,https://huggingface.co/qualcomm/XLSR,official: Qualcomm AI Hub HF card; device chipset as stated 'Snapdragon® 8 Elite For Galaxy Mobile'; peak memory 0 - 24 MB; compute unit NPU
Qualcomm,Snapdragon® 8 Gen 3 Mobile,,XLSR,image-to-image,128x128,w8a8,latency_ms,0.265,ms,TFLITE,https://huggingface.co/qualcomm/XLSR,official: Qualcomm AI Hub HF card; device chipset as stated 'Snapdragon® 8 Gen 3 Mobile'; peak memory 0 - 34 MB; compute unit NPU
Qualcomm,Snapdragon® 8 Elite Gen 5 For Galaxy Mobile,,YOLO26-Detection,object-detection,640x640,float,latency_ms,3.46,ms,ONNX,https://huggingface.co/qualcomm/YOLO26-Detection,official: Qualcomm AI Hub HF card; device chipset as stated 'Snapdragon® 8 Elite Gen 5 For Galaxy Mobile'; peak memory 1 - 170 MB; compute unit NPU
Qualcomm,Snapdragon® 8 Elite For Galaxy Mobile,,YOLO26-Detection,object-detection,640x640,float,latency_ms,3.959,ms,ONNX,https://huggingface.co/qualcomm/YOLO26-Detection,official: Qualcomm AI Hub HF card; device chipset as stated 'Snapdragon® 8 Elite For Galaxy Mobile'; peak memory 1 - 165 MB; compute unit NPU
Qualcomm,Snapdragon® X2 Elite,,YOLO26-Detection,object-detection,640x640,float,latency_ms,3.523,ms,ONNX,https://huggingface.co/qualcomm/YOLO26-Detection,official: Qualcomm AI Hub HF card; device chipset as stated 'Snapdragon® X2 Elite'; peak memory 5 - 5 MB; compute unit NPU
Qualcomm,Snapdragon® X Elite,,YOLO26-Detection,object-detection,640x640,float,latency_ms,7.963,ms,ONNX,https://huggingface.co/qualcomm/YOLO26-Detection,official: Qualcomm AI Hub HF card; device chipset as stated 'Snapdragon® X Elite'; peak memory 8 - 8 MB; compute unit NPU
Qualcomm,Snapdragon® 8 Gen 3 Mobile,,YOLO26-Detection,object-detection,640x640,float,latency_ms,5.618,ms,ONNX,https://huggingface.co/qualcomm/YOLO26-Detection,official: Qualcomm AI Hub HF card; device chipset as stated 'Snapdragon® 8 Gen 3 Mobile'; peak memory 5 - 201 MB; compute unit NPU
Qualcomm,Snapdragon® 8 Elite Gen 5 For Galaxy Mobile,,YOLO26-Detection,object-detection,640x640,w8a16,latency_ms,2.262,ms,ONNX,https://huggingface.co/qualcomm/YOLO26-Detection,official: Qualcomm AI Hub HF card; device chipset as stated 'Snapdragon® 8 Elite Gen 5 For Galaxy Mobile'; peak memory 1 - 90 MB; compute unit NPU
Qualcomm,Snapdragon® 8 Elite For Galaxy Mobile,,YOLO26-Detection,object-detection,640x640,w8a16,latency_ms,2.557,ms,ONNX,https://huggingface.co/qualcomm/YOLO26-Detection,official: Qualcomm AI Hub HF card; device chipset as stated 'Snapdragon® 8 Elite For Galaxy Mobile'; peak memory 0 - 87 MB; compute unit NPU
Qualcomm,Snapdragon® X2 Elite,,YOLO26-Detection,object-detection,640x640,w8a16,latency_ms,2.392,ms,ONNX,https://huggingface.co/qualcomm/YOLO26-Detection,official: Qualcomm AI Hub HF card; device chipset as stated 'Snapdragon® X2 Elite'; peak memory 2 - 2 MB; compute unit NPU
Qualcomm,Snapdragon® X Elite,,YOLO26-Detection,object-detection,640x640,w8a16,latency_ms,5.841,ms,ONNX,https://huggingface.co/qualcomm/YOLO26-Detection,official: Qualcomm AI Hub HF card; device chipset as stated 'Snapdragon® X Elite'; peak memory 1 - 1 MB; compute unit NPU
Qualcomm,Snapdragon® 8 Gen 3 Mobile,,YOLO26-Detection,object-detection,640x640,w8a16,latency_ms,3.505,ms,ONNX,https://huggingface.co/qualcomm/YOLO26-Detection,official: Qualcomm AI Hub HF card; device chipset as stated 'Snapdragon® 8 Gen 3 Mobile'; peak memory 0 - 217 MB; compute unit NPU
Qualcomm,Snapdragon® 8 Elite Gen 5 For Galaxy Mobile,,YOLO26-Detection,object-detection,640x640,float,latency_ms,2.182,ms,QNN_DLC,https://huggingface.co/qualcomm/YOLO26-Detection,official: Qualcomm AI Hub HF card; device chipset as stated 'Snapdragon® 8 Elite Gen 5 For Galaxy Mobile'; peak memory 5 - 161 MB; compute unit NPU
Qualcomm,Snapdragon® 8 Elite For Galaxy Mobile,,YOLO26-Detection,object-detection,640x640,float,latency_ms,2.592,ms,QNN_DLC,https://huggingface.co/qualcomm/YOLO26-Detection,official: Qualcomm AI Hub HF card; device chipset as stated 'Snapdragon® 8 Elite For Galaxy Mobile'; peak memory 0 - 150 MB; compute unit NPU
Qualcomm,Snapdragon® X2 Elite,,YOLO26-Detection,object-detection,640x640,float,latency_ms,2.763,ms,QNN_DLC,https://huggingface.co/qualcomm/YOLO26-Detection,official: Qualcomm AI Hub HF card; device chipset as stated 'Snapdragon® X2 Elite'; peak memory 5 - 5 MB; compute unit NPU
Qualcomm,Snapdragon® X Elite,,YOLO26-Detection,object-detection,640x640,float,latency_ms,5.117,ms,QNN_DLC,https://huggingface.co/qualcomm/YOLO26-Detection,official: Qualcomm AI Hub HF card; device chipset as stated 'Snapdragon® X Elite'; peak memory 5 - 5 MB; compute unit NPU
Qualcomm,Snapdragon® 8 Gen 3 Mobile,,YOLO26-Detection,object-detection,640x640,float,latency_ms,3.343,ms,QNN_DLC,https://huggingface.co/qualcomm/YOLO26-Detection,official: Qualcomm AI Hub HF card; device chipset as stated 'Snapdragon® 8 Gen 3 Mobile'; peak memory 5 - 174 MB; compute unit NPU
Qualcomm,Snapdragon® 8 Elite Gen 5 For Galaxy Mobile,,YOLO26-Detection,object-detection,640x640,w8a16,latency_ms,1.936,ms,QNN_DLC,https://huggingface.co/qualcomm/YOLO26-Detection,official: Qualcomm AI Hub HF card; device chipset as stated 'Snapdragon® 8 Elite Gen 5 For Galaxy Mobile'; peak memory 2 - 178 MB; compute unit NPU
Qualcomm,Snapdragon® 8 Elite For Galaxy Mobile,,YOLO26-Detection,object-detection,640x640,w8a16,latency_ms,2.147,ms,QNN_DLC,https://huggingface.co/qualcomm/YOLO26-Detection,official: Qualcomm AI Hub HF card; device chipset as stated 'Snapdragon® 8 Elite For Galaxy Mobile'; peak memory 0 - 172 MB; compute unit NPU
Qualcomm,Snapdragon® X2 Elite,,YOLO26-Detection,object-detection,640x640,w8a16,latency_ms,2.358,ms,QNN_DLC,https://huggingface.co/qualcomm/YOLO26-Detection,official: Qualcomm AI Hub HF card; device chipset as stated 'Snapdragon® X2 Elite'; peak memory 2 - 2 MB; compute unit NPU
Qualcomm,Snapdragon® X Elite,,YOLO26-Detection,object-detection,640x640,w8a16,latency_ms,5.007,ms,QNN_DLC,https://huggingface.co/qualcomm/YOLO26-Detection,official: Qualcomm AI Hub HF card; device chipset as stated 'Snapdragon® X Elite'; peak memory 2 - 2 MB; compute unit NPU
Qualcomm,Snapdragon® 8 Gen 3 Mobile,,YOLO26-Detection,object-detection,640x640,w8a16,latency_ms,2.93,ms,QNN_DLC,https://huggingface.co/qualcomm/YOLO26-Detection,official: Qualcomm AI Hub HF card; device chipset as stated 'Snapdragon® 8 Gen 3 Mobile'; peak memory 2 - 194 MB; compute unit NPU
Qualcomm,Snapdragon® 8 Elite Gen 5 For Galaxy Mobile,,YOLO26-Detection,object-detection,640x640,float,latency_ms,2.295,ms,TFLITE,https://huggingface.co/qualcomm/YOLO26-Detection,official: Qualcomm AI Hub HF card; device chipset as stated 'Snapdragon® 8 Elite Gen 5 For Galaxy Mobile'; peak memory 0 - 154 MB; compute unit NPU
Qualcomm,Snapdragon® 8 Elite For Galaxy Mobile,,YOLO26-Detection,object-detection,640x640,float,latency_ms,3.079,ms,TFLITE,https://huggingface.co/qualcomm/YOLO26-Detection,official: Qualcomm AI Hub HF card; device chipset as stated 'Snapdragon® 8 Elite For Galaxy Mobile'; peak memory 0 - 160 MB; compute unit NPU
Qualcomm,Snapdragon® 8 Gen 3 Mobile,,YOLO26-Detection,object-detection,640x640,float,latency_ms,3.907,ms,TFLITE,https://huggingface.co/qualcomm/YOLO26-Detection,official: Qualcomm AI Hub HF card; device chipset as stated 'Snapdragon® 8 Gen 3 Mobile'; peak memory 0 - 181 MB; compute unit NPU
Qualcomm,Snapdragon® 8 Elite Gen 5 For Galaxy Mobile,,YOLOv10-Detection,object-detection,640x640,float,latency_ms,2.848,ms,ONNX,https://huggingface.co/qualcomm/YOLOv10-Detection,official: Qualcomm AI Hub HF card; device chipset as stated 'Snapdragon® 8 Elite Gen 5 For Galaxy Mobile'; peak memory 0 - 217 MB; compute unit NPU
Qualcomm,Snapdragon® 8 Elite For Galaxy Mobile,,YOLOv10-Detection,object-detection,640x640,float,latency_ms,3.036,ms,ONNX,https://huggingface.co/qualcomm/YOLOv10-Detection,official: Qualcomm AI Hub HF card; device chipset as stated 'Snapdragon® 8 Elite For Galaxy Mobile'; peak memory 5 - 192 MB; compute unit NPU
Qualcomm,Snapdragon® X2 Elite,,YOLOv10-Detection,object-detection,640x640,float,latency_ms,3.161,ms,ONNX,https://huggingface.co/qualcomm/YOLOv10-Detection,official: Qualcomm AI Hub HF card; device chipset as stated 'Snapdragon® X2 Elite'; peak memory 5 - 5 MB; compute unit NPU
Qualcomm,Snapdragon® X Elite,,YOLOv10-Detection,object-detection,640x640,float,latency_ms,6.466,ms,ONNX,https://huggingface.co/qualcomm/YOLOv10-Detection,official: Qualcomm AI Hub HF card; device chipset as stated 'Snapdragon® X Elite'; peak memory 5 - 5 MB; compute unit NPU
Qualcomm,Snapdragon® 8 Gen 3 Mobile,,YOLOv10-Detection,object-detection,640x640,float,latency_ms,3.829,ms,ONNX,https://huggingface.co/qualcomm/YOLOv10-Detection,official: Qualcomm AI Hub HF card; device chipset as stated 'Snapdragon® 8 Gen 3 Mobile'; peak memory 5 - 220 MB; compute unit NPU
Qualcomm,Snapdragon® 8 Elite Gen 5 For Galaxy Mobile,,YOLOv10-Detection,object-detection,640x640,w8a16,latency_ms,2.228,ms,ONNX,https://huggingface.co/qualcomm/YOLOv10-Detection,official: Qualcomm AI Hub HF card; device chipset as stated 'Snapdragon® 8 Elite Gen 5 For Galaxy Mobile'; peak memory 1 - 85 MB; compute unit NPU
Qualcomm,Snapdragon® 8 Elite For Galaxy Mobile,,YOLOv10-Detection,object-detection,640x640,w8a16,latency_ms,2.501,ms,ONNX,https://huggingface.co/qualcomm/YOLOv10-Detection,official: Qualcomm AI Hub HF card; device chipset as stated 'Snapdragon® 8 Elite For Galaxy Mobile'; peak memory 0 - 81 MB; compute unit NPU
Qualcomm,Snapdragon® X2 Elite,,YOLOv10-Detection,object-detection,640x640,w8a16,latency_ms,2.355,ms,ONNX,https://huggingface.co/qualcomm/YOLOv10-Detection,official: Qualcomm AI Hub HF card; device chipset as stated 'Snapdragon® X2 Elite'; peak memory 2 - 2 MB; compute unit NPU
Qualcomm,Snapdragon® X Elite,,YOLOv10-Detection,object-detection,640x640,w8a16,latency_ms,5.515,ms,ONNX,https://huggingface.co/qualcomm/YOLOv10-Detection,official: Qualcomm AI Hub HF card; device chipset as stated 'Snapdragon® X Elite'; peak memory 2 - 2 MB; compute unit NPU
Qualcomm,Snapdragon® 8 Gen 3 Mobile,,YOLOv10-Detection,object-detection,640x640,w8a16,latency_ms,3.291,ms,ONNX,https://huggingface.co/qualcomm/YOLOv10-Detection,official: Qualcomm AI Hub HF card; device chipset as stated 'Snapdragon® 8 Gen 3 Mobile'; peak memory 2 - 105 MB; compute unit NPU
Qualcomm,Snapdragon® 8 Elite Gen 5 For Galaxy Mobile,,YOLOv10-Detection,object-detection,640x640,w8a8_mixed_int16,latency_ms,5.16,ms,ONNX,https://huggingface.co/qualcomm/YOLOv10-Detection,official: Qualcomm AI Hub HF card; device chipset as stated 'Snapdragon® 8 Elite Gen 5 For Galaxy Mobile'; peak memory 6 - 183 MB; compute unit NPU
Qualcomm,Snapdragon® 8 Elite For Galaxy Mobile,,YOLOv10-Detection,object-detection,640x640,w8a8_mixed_int16,latency_ms,5.162,ms,ONNX,https://huggingface.co/qualcomm/YOLOv10-Detection,official: Qualcomm AI Hub HF card; device chipset as stated 'Snapdragon® 8 Elite For Galaxy Mobile'; peak memory 6 - 175 MB; compute unit NPU
Qualcomm,Snapdragon® X2 Elite,,YOLOv10-Detection,object-detection,640x640,w8a8_mixed_int16,latency_ms,5.313,ms,ONNX,https://huggingface.co/qualcomm/YOLOv10-Detection,official: Qualcomm AI Hub HF card; device chipset as stated 'Snapdragon® X2 Elite'; peak memory 10 - 10 MB; compute unit NPU
Qualcomm,Snapdragon® 8 Gen 3 Mobile,,YOLOv10-Detection,object-detection,640x640,w8a8_mixed_int16,latency_ms,6.768,ms,ONNX,https://huggingface.co/qualcomm/YOLOv10-Detection,official: Qualcomm AI Hub HF card; device chipset as stated 'Snapdragon® 8 Gen 3 Mobile'; peak memory 8 - 212 MB; compute unit NPU
Qualcomm,Snapdragon® 8 Elite Gen 5 For Galaxy Mobile,,YOLOv10-Detection,object-detection,640x640,float,latency_ms,1.932,ms,QNN_DLC,https://huggingface.co/qualcomm/YOLOv10-Detection,official: Qualcomm AI Hub HF card; device chipset as stated 'Snapdragon® 8 Elite Gen 5 For Galaxy Mobile'; peak memory 0 - 174 MB; compute unit NPU
Qualcomm,Snapdragon® 8 Elite For Galaxy Mobile,,YOLOv10-Detection,object-detection,640x640,float,latency_ms,2.356,ms,QNN_DLC,https://huggingface.co/qualcomm/YOLOv10-Detection,official: Qualcomm AI Hub HF card; device chipset as stated 'Snapdragon® 8 Elite For Galaxy Mobile'; peak memory 5 - 175 MB; compute unit NPU
Qualcomm,Snapdragon® X2 Elite,,YOLOv10-Detection,object-detection,640x640,float,latency_ms,2.602,ms,QNN_DLC,https://huggingface.co/qualcomm/YOLOv10-Detection,official: Qualcomm AI Hub HF card; device chipset as stated 'Snapdragon® X2 Elite'; peak memory 5 - 5 MB; compute unit NPU
Qualcomm,Snapdragon® X Elite,,YOLOv10-Detection,object-detection,640x640,float,latency_ms,4.68,ms,QNN_DLC,https://huggingface.co/qualcomm/YOLOv10-Detection,official: Qualcomm AI Hub HF card; device chipset as stated 'Snapdragon® X Elite'; peak memory 5 - 5 MB; compute unit NPU
Qualcomm,Snapdragon® 8 Gen 3 Mobile,,YOLOv10-Detection,object-detection,640x640,float,latency_ms,3.032,ms,QNN_DLC,https://huggingface.co/qualcomm/YOLOv10-Detection,official: Qualcomm AI Hub HF card; device chipset as stated 'Snapdragon® 8 Gen 3 Mobile'; peak memory 0 - 198 MB; compute unit NPU
Qualcomm,Snapdragon® 8 Elite Gen 5 For Galaxy Mobile,,YOLOv10-Detection,object-detection,640x640,w8a16,latency_ms,1.703,ms,QNN_DLC,https://huggingface.co/qualcomm/YOLOv10-Detection,official: Qualcomm AI Hub HF card; device chipset as stated 'Snapdragon® 8 Elite Gen 5 For Galaxy Mobile'; peak memory 2 - 176 MB; compute unit NPU
Qualcomm,Snapdragon® 8 Elite For Galaxy Mobile,,YOLOv10-Detection,object-detection,640x640,w8a16,latency_ms,1.964,ms,QNN_DLC,https://huggingface.co/qualcomm/YOLOv10-Detection,official: Qualcomm AI Hub HF card; device chipset as stated 'Snapdragon® 8 Elite For Galaxy Mobile'; peak memory 2 - 172 MB; compute unit NPU
Qualcomm,Snapdragon® X2 Elite,,YOLOv10-Detection,object-detection,640x640,w8a16,latency_ms,2.091,ms,QNN_DLC,https://huggingface.co/qualcomm/YOLOv10-Detection,official: Qualcomm AI Hub HF card; device chipset as stated 'Snapdragon® X2 Elite'; peak memory 2 - 2 MB; compute unit NPU
Qualcomm,Snapdragon® X Elite,,YOLOv10-Detection,object-detection,640x640,w8a16,latency_ms,4.569,ms,QNN_DLC,https://huggingface.co/qualcomm/YOLOv10-Detection,official: Qualcomm AI Hub HF card; device chipset as stated 'Snapdragon® X Elite'; peak memory 2 - 2 MB; compute unit NPU
Qualcomm,Snapdragon® 8 Gen 3 Mobile,,YOLOv10-Detection,object-detection,640x640,w8a16,latency_ms,2.8,ms,QNN_DLC,https://huggingface.co/qualcomm/YOLOv10-Detection,official: Qualcomm AI Hub HF card; device chipset as stated 'Snapdragon® 8 Gen 3 Mobile'; peak memory 2 - 189 MB; compute unit NPU
Qualcomm,Snapdragon® 8 Elite Gen 5 For Galaxy Mobile,,YOLOv10-Detection,object-detection,640x640,float,latency_ms,1.653,ms,TFLITE,https://huggingface.co/qualcomm/YOLOv10-Detection,official: Qualcomm AI Hub HF card; device chipset as stated 'Snapdragon® 8 Elite Gen 5 For Galaxy Mobile'; peak memory 0 - 76 MB; compute unit NPU
Qualcomm,Snapdragon® 8 Elite For Galaxy Mobile,,YOLOv10-Detection,object-detection,640x640,float,latency_ms,1.988,ms,TFLITE,https://huggingface.co/qualcomm/YOLOv10-Detection,official: Qualcomm AI Hub HF card; device chipset as stated 'Snapdragon® 8 Elite For Galaxy Mobile'; peak memory 0 - 63 MB; compute unit NPU
Qualcomm,Snapdragon® 8 Gen 3 Mobile,,YOLOv10-Detection,object-detection,640x640,float,latency_ms,2.643,ms,TFLITE,https://huggingface.co/qualcomm/YOLOv10-Detection,official: Qualcomm AI Hub HF card; device chipset as stated 'Snapdragon® 8 Gen 3 Mobile'; peak memory 0 - 86 MB; compute unit NPU
Qualcomm,Snapdragon® 8 Elite Gen 5 For Galaxy Mobile,,YOLOv11-Detection,object-detection,640x640,float,latency_ms,2.827,ms,ONNX,https://huggingface.co/qualcomm/YOLOv11-Detection,official: Qualcomm AI Hub HF card; device chipset as stated 'Snapdragon® 8 Elite Gen 5 For Galaxy Mobile'; peak memory 1 - 197 MB; compute unit NPU
Qualcomm,Snapdragon® 8 Elite For Galaxy Mobile,,YOLOv11-Detection,object-detection,640x640,float,latency_ms,3.064,ms,ONNX,https://huggingface.co/qualcomm/YOLOv11-Detection,official: Qualcomm AI Hub HF card; device chipset as stated 'Snapdragon® 8 Elite For Galaxy Mobile'; peak memory 0 - 182 MB; compute unit NPU
Qualcomm,Snapdragon® X2 Elite,,YOLOv11-Detection,object-detection,640x640,float,latency_ms,3.12,ms,ONNX,https://huggingface.co/qualcomm/YOLOv11-Detection,official: Qualcomm AI Hub HF card; device chipset as stated 'Snapdragon® X2 Elite'; peak memory 5 - 5 MB; compute unit NPU
Qualcomm,Snapdragon® X Elite,,YOLOv11-Detection,object-detection,640x640,float,latency_ms,6.288,ms,ONNX,https://huggingface.co/qualcomm/YOLOv11-Detection,official: Qualcomm AI Hub HF card; device chipset as stated 'Snapdragon® X Elite'; peak memory 5 - 5 MB; compute unit NPU
Qualcomm,Snapdragon® 8 Gen 3 Mobile,,YOLOv11-Detection,object-detection,640x640,float,latency_ms,3.805,ms,ONNX,https://huggingface.co/qualcomm/YOLOv11-Detection,official: Qualcomm AI Hub HF card; device chipset as stated 'Snapdragon® 8 Gen 3 Mobile'; peak memory 5 - 225 MB; compute unit NPU
Qualcomm,Snapdragon® 8 Elite Gen 5 For Galaxy Mobile,,YOLOv11-Detection,object-detection,640x640,w8a16,latency_ms,2.204,ms,ONNX,https://huggingface.co/qualcomm/YOLOv11-Detection,official: Qualcomm AI Hub HF card; device chipset as stated 'Snapdragon® 8 Elite Gen 5 For Galaxy Mobile'; peak memory 1 - 87 MB; compute unit NPU
Qualcomm,Snapdragon® 8 Elite For Galaxy Mobile,,YOLOv11-Detection,object-detection,640x640,w8a16,latency_ms,2.447,ms,ONNX,https://huggingface.co/qualcomm/YOLOv11-Detection,official: Qualcomm AI Hub HF card; device chipset as stated 'Snapdragon® 8 Elite For Galaxy Mobile'; peak memory 0 - 83 MB; compute unit NPU
Qualcomm,Snapdragon® X2 Elite,,YOLOv11-Detection,object-detection,640x640,w8a16,latency_ms,2.342,ms,ONNX,https://huggingface.co/qualcomm/YOLOv11-Detection,official: Qualcomm AI Hub HF card; device chipset as stated 'Snapdragon® X2 Elite'; peak memory 2 - 2 MB; compute unit NPU
Qualcomm,Snapdragon® X Elite,,YOLOv11-Detection,object-detection,640x640,w8a16,latency_ms,5.604,ms,ONNX,https://huggingface.co/qualcomm/YOLOv11-Detection,official: Qualcomm AI Hub HF card; device chipset as stated 'Snapdragon® X Elite'; peak memory 1 - 1 MB; compute unit NPU
Qualcomm,Snapdragon® 8 Gen 3 Mobile,,YOLOv11-Detection,object-detection,640x640,w8a16,latency_ms,3.363,ms,ONNX,https://huggingface.co/qualcomm/YOLOv11-Detection,official: Qualcomm AI Hub HF card; device chipset as stated 'Snapdragon® 8 Gen 3 Mobile'; peak memory 0 - 215 MB; compute unit NPU
Qualcomm,Snapdragon® 8 Elite Gen 5 For Galaxy Mobile,,YOLOv11-Detection,object-detection,640x640,w8a8_mixed_int16,latency_ms,8.906,ms,ONNX,https://huggingface.co/qualcomm/YOLOv11-Detection,official: Qualcomm AI Hub HF card; device chipset as stated 'Snapdragon® 8 Elite Gen 5 For Galaxy Mobile'; peak memory 12 - 307 MB; compute unit NPU
Qualcomm,Snapdragon® 8 Elite For Galaxy Mobile,,YOLOv11-Detection,object-detection,640x640,w8a8_mixed_int16,latency_ms,7.99,ms,ONNX,https://huggingface.co/qualcomm/YOLOv11-Detection,official: Qualcomm AI Hub HF card; device chipset as stated 'Snapdragon® 8 Elite For Galaxy Mobile'; peak memory 10 - 294 MB; compute unit NPU
Qualcomm,Snapdragon® 8 Gen 3 Mobile,,YOLOv11-Detection,object-detection,640x640,w8a8_mixed_int16,latency_ms,9.877,ms,ONNX,https://huggingface.co/qualcomm/YOLOv11-Detection,official: Qualcomm AI Hub HF card; device chipset as stated 'Snapdragon® 8 Gen 3 Mobile'; peak memory 13 - 327 MB; compute unit NPU
Qualcomm,Snapdragon® 8 Elite Gen 5 For Galaxy Mobile,,YOLOv11-Detection,object-detection,640x640,float,latency_ms,1.897,ms,QNN_DLC,https://huggingface.co/qualcomm/YOLOv11-Detection,official: Qualcomm AI Hub HF card; device chipset as stated 'Snapdragon® 8 Elite Gen 5 For Galaxy Mobile'; peak memory 5 - 178 MB; compute unit NPU
Qualcomm,Snapdragon® 8 Elite For Galaxy Mobile,,YOLOv11-Detection,object-detection,640x640,float,latency_ms,2.346,ms,QNN_DLC,https://huggingface.co/qualcomm/YOLOv11-Detection,official: Qualcomm AI Hub HF card; device chipset as stated 'Snapdragon® 8 Elite For Galaxy Mobile'; peak memory 0 - 175 MB; compute unit NPU
Qualcomm,Snapdragon® X2 Elite,,YOLOv11-Detection,object-detection,640x640,float,latency_ms,2.483,ms,QNN_DLC,https://huggingface.co/qualcomm/YOLOv11-Detection,official: Qualcomm AI Hub HF card; device chipset as stated 'Snapdragon® X2 Elite'; peak memory 5 - 5 MB; compute unit NPU
Qualcomm,Snapdragon® X Elite,,YOLOv11-Detection,object-detection,640x640,float,latency_ms,4.55,ms,QNN_DLC,https://huggingface.co/qualcomm/YOLOv11-Detection,official: Qualcomm AI Hub HF card; device chipset as stated 'Snapdragon® X Elite'; peak memory 5 - 5 MB; compute unit NPU
Qualcomm,Snapdragon® 8 Gen 3 Mobile,,YOLOv11-Detection,object-detection,640x640,float,latency_ms,2.986,ms,QNN_DLC,https://huggingface.co/qualcomm/YOLOv11-Detection,official: Qualcomm AI Hub HF card; device chipset as stated 'Snapdragon® 8 Gen 3 Mobile'; peak memory 0 - 193 MB; compute unit NPU
Qualcomm,Snapdragon® 8 Elite Gen 5 For Galaxy Mobile,,YOLOv11-Detection,object-detection,640x640,w8a16,latency_ms,1.631,ms,QNN_DLC,https://huggingface.co/qualcomm/YOLOv11-Detection,official: Qualcomm AI Hub HF card; device chipset as stated 'Snapdragon® 8 Elite Gen 5 For Galaxy Mobile'; peak memory 0 - 175 MB; compute unit NPU
Qualcomm,Snapdragon® 8 Elite For Galaxy Mobile,,YOLOv11-Detection,object-detection,640x640,w8a16,latency_ms,1.974,ms,QNN_DLC,https://huggingface.co/qualcomm/YOLOv11-Detection,official: Qualcomm AI Hub HF card; device chipset as stated 'Snapdragon® 8 Elite For Galaxy Mobile'; peak memory 0 - 175 MB; compute unit NPU
Qualcomm,Snapdragon® X2 Elite,,YOLOv11-Detection,object-detection,640x640,w8a16,latency_ms,2.072,ms,QNN_DLC,https://huggingface.co/qualcomm/YOLOv11-Detection,official: Qualcomm AI Hub HF card; device chipset as stated 'Snapdragon® X2 Elite'; peak memory 2 - 2 MB; compute unit NPU
Qualcomm,Snapdragon® X Elite,,YOLOv11-Detection,object-detection,640x640,w8a16,latency_ms,4.491,ms,QNN_DLC,https://huggingface.co/qualcomm/YOLOv11-Detection,official: Qualcomm AI Hub HF card; device chipset as stated 'Snapdragon® X Elite'; peak memory 2 - 2 MB; compute unit NPU
Qualcomm,Snapdragon® 8 Gen 3 Mobile,,YOLOv11-Detection,object-detection,640x640,w8a16,latency_ms,2.769,ms,QNN_DLC,https://huggingface.co/qualcomm/YOLOv11-Detection,official: Qualcomm AI Hub HF card; device chipset as stated 'Snapdragon® 8 Gen 3 Mobile'; peak memory 2 - 190 MB; compute unit NPU
Qualcomm,Snapdragon® 8 Elite Gen 5 For Galaxy Mobile,,YOLOv11-Detection,object-detection,640x640,float,latency_ms,1.614,ms,TFLITE,https://huggingface.co/qualcomm/YOLOv11-Detection,official: Qualcomm AI Hub HF card; device chipset as stated 'Snapdragon® 8 Elite Gen 5 For Galaxy Mobile'; peak memory 0 - 76 MB; compute unit NPU
Qualcomm,Snapdragon® 8 Elite For Galaxy Mobile,,YOLOv11-Detection,object-detection,640x640,float,latency_ms,1.977,ms,TFLITE,https://huggingface.co/qualcomm/YOLOv11-Detection,official: Qualcomm AI Hub HF card; device chipset as stated 'Snapdragon® 8 Elite For Galaxy Mobile'; peak memory 0 - 62 MB; compute unit NPU
Qualcomm,Snapdragon® 8 Gen 3 Mobile,,YOLOv11-Detection,object-detection,640x640,float,latency_ms,2.622,ms,TFLITE,https://huggingface.co/qualcomm/YOLOv11-Detection,official: Qualcomm AI Hub HF card; device chipset as stated 'Snapdragon® 8 Gen 3 Mobile'; peak memory 0 - 87 MB; compute unit NPU
Qualcomm,Snapdragon® 8 Elite Gen 5 For Galaxy Mobile,,YOLOv11-Detection,object-detection,640x640,w8a8,latency_ms,0.732,ms,TFLITE,https://huggingface.co/qualcomm/YOLOv11-Detection,official: Qualcomm AI Hub HF card; device chipset as stated 'Snapdragon® 8 Elite Gen 5 For Galaxy Mobile'; peak memory 0 - 44 MB; compute unit NPU
Qualcomm,Snapdragon® 8 Elite For Galaxy Mobile,,YOLOv11-Detection,object-detection,640x640,w8a8,latency_ms,0.805,ms,TFLITE,https://huggingface.co/qualcomm/YOLOv11-Detection,official: Qualcomm AI Hub HF card; device chipset as stated 'Snapdragon® 8 Elite For Galaxy Mobile'; peak memory 0 - 41 MB; compute unit NPU
Qualcomm,Snapdragon® 8 Gen 3 Mobile,,YOLOv11-Detection,object-detection,640x640,w8a8,latency_ms,1.097,ms,TFLITE,https://huggingface.co/qualcomm/YOLOv11-Detection,official: Qualcomm AI Hub HF card; device chipset as stated 'Snapdragon® 8 Gen 3 Mobile'; peak memory 0 - 56 MB; compute unit NPU
Qualcomm,Snapdragon® 8 Elite Gen 5 For Galaxy Mobile,,YOLOv11-Pose,keypoint-detection,640x640,float,latency_ms,2.958,ms,ONNX,https://huggingface.co/qualcomm/YOLOv11-Pose,official: Qualcomm AI Hub HF card; device chipset as stated 'Snapdragon® 8 Elite Gen 5 For Galaxy Mobile'; peak memory 3 - 222 MB; compute unit NPU
Qualcomm,Snapdragon® 8 Elite For Galaxy Mobile,,YOLOv11-Pose,keypoint-detection,640x640,float,latency_ms,3.348,ms,ONNX,https://huggingface.co/qualcomm/YOLOv11-Pose,official: Qualcomm AI Hub HF card; device chipset as stated 'Snapdragon® 8 Elite For Galaxy Mobile'; peak memory 0 - 206 MB; compute unit NPU
Qualcomm,Snapdragon® X2 Elite,,YOLOv11-Pose,keypoint-detection,640x640,float,latency_ms,3.249,ms,ONNX,https://huggingface.co/qualcomm/YOLOv11-Pose,official: Qualcomm AI Hub HF card; device chipset as stated 'Snapdragon® X2 Elite'; peak memory 9 - 9 MB; compute unit NPU
Qualcomm,Snapdragon® X Elite,,YOLOv11-Pose,keypoint-detection,640x640,float,latency_ms,6.517,ms,ONNX,https://huggingface.co/qualcomm/YOLOv11-Pose,official: Qualcomm AI Hub HF card; device chipset as stated 'Snapdragon® X Elite'; peak memory 9 - 9 MB; compute unit NPU
Qualcomm,Snapdragon® 8 Gen 3 Mobile,,YOLOv11-Pose,keypoint-detection,640x640,float,latency_ms,4.019,ms,ONNX,https://huggingface.co/qualcomm/YOLOv11-Pose,official: Qualcomm AI Hub HF card; device chipset as stated 'Snapdragon® 8 Gen 3 Mobile'; peak memory 8 - 230 MB; compute unit NPU
Qualcomm,Snapdragon® 8 Elite Gen 5 For Galaxy Mobile,,YOLOv11-Pose,keypoint-detection,640x640,w8a16,latency_ms,2.419,ms,ONNX,https://huggingface.co/qualcomm/YOLOv11-Pose,official: Qualcomm AI Hub HF card; device chipset as stated 'Snapdragon® 8 Elite Gen 5 For Galaxy Mobile'; peak memory 0 - 93 MB; compute unit NPU
Qualcomm,Snapdragon® 8 Elite For Galaxy Mobile,,YOLOv11-Pose,keypoint-detection,640x640,w8a16,latency_ms,2.68,ms,ONNX,https://huggingface.co/qualcomm/YOLOv11-Pose,official: Qualcomm AI Hub HF card; device chipset as stated 'Snapdragon® 8 Elite For Galaxy Mobile'; peak memory 1 - 89 MB; compute unit NPU
Qualcomm,Snapdragon® X2 Elite,,YOLOv11-Pose,keypoint-detection,640x640,w8a16,latency_ms,2.549,ms,ONNX,https://huggingface.co/qualcomm/YOLOv11-Pose,official: Qualcomm AI Hub HF card; device chipset as stated 'Snapdragon® X2 Elite'; peak memory 4 - 4 MB; compute unit NPU
Qualcomm,Snapdragon® X Elite,,YOLOv11-Pose,keypoint-detection,640x640,w8a16,latency_ms,6.105,ms,ONNX,https://huggingface.co/qualcomm/YOLOv11-Pose,official: Qualcomm AI Hub HF card; device chipset as stated 'Snapdragon® X Elite'; peak memory 3 - 3 MB; compute unit NPU
Qualcomm,Snapdragon® 8 Gen 3 Mobile,,YOLOv11-Pose,keypoint-detection,640x640,w8a16,latency_ms,3.674,ms,ONNX,https://huggingface.co/qualcomm/YOLOv11-Pose,official: Qualcomm AI Hub HF card; device chipset as stated 'Snapdragon® 8 Gen 3 Mobile'; peak memory 4 - 226 MB; compute unit NPU
Qualcomm,Snapdragon® 8 Elite Gen 5 For Galaxy Mobile,,YOLOv11-Pose,keypoint-detection,640x640,float,latency_ms,2.289,ms,QNN_DLC,https://huggingface.co/qualcomm/YOLOv11-Pose,official: Qualcomm AI Hub HF card; device chipset as stated 'Snapdragon® 8 Elite Gen 5 For Galaxy Mobile'; peak memory 1 - 193 MB; compute unit NPU
Qualcomm,Snapdragon® 8 Elite For Galaxy Mobile,,YOLOv11-Pose,keypoint-detection,640x640,float,latency_ms,2.84,ms,QNN_DLC,https://huggingface.co/qualcomm/YOLOv11-Pose,official: Qualcomm AI Hub HF card; device chipset as stated 'Snapdragon® 8 Elite For Galaxy Mobile'; peak memory 5 - 178 MB; compute unit NPU
Qualcomm,Snapdragon® X2 Elite,,YOLOv11-Pose,keypoint-detection,640x640,float,latency_ms,3.058,ms,QNN_DLC,https://huggingface.co/qualcomm/YOLOv11-Pose,official: Qualcomm AI Hub HF card; device chipset as stated 'Snapdragon® X2 Elite'; peak memory 5 - 5 MB; compute unit NPU
Qualcomm,Snapdragon® X Elite,,YOLOv11-Pose,keypoint-detection,640x640,float,latency_ms,5.879,ms,QNN_DLC,https://huggingface.co/qualcomm/YOLOv11-Pose,official: Qualcomm AI Hub HF card; device chipset as stated 'Snapdragon® X Elite'; peak memory 5 - 5 MB; compute unit NPU
Qualcomm,Snapdragon® 8 Gen 3 Mobile,,YOLOv11-Pose,keypoint-detection,640x640,float,latency_ms,3.777,ms,QNN_DLC,https://huggingface.co/qualcomm/YOLOv11-Pose,official: Qualcomm AI Hub HF card; device chipset as stated 'Snapdragon® 8 Gen 3 Mobile'; peak memory 5 - 218 MB; compute unit NPU
Qualcomm,Snapdragon® 8 Elite Gen 5 For Galaxy Mobile,,YOLOv11-Pose,keypoint-detection,640x640,w8a16,latency_ms,1.872,ms,QNN_DLC,https://huggingface.co/qualcomm/YOLOv11-Pose,official: Qualcomm AI Hub HF card; device chipset as stated 'Snapdragon® 8 Elite Gen 5 For Galaxy Mobile'; peak memory 1 - 188 MB; compute unit NPU
Qualcomm,Snapdragon® 8 Elite For Galaxy Mobile,,YOLOv11-Pose,keypoint-detection,640x640,w8a16,latency_ms,2.188,ms,QNN_DLC,https://huggingface.co/qualcomm/YOLOv11-Pose,official: Qualcomm AI Hub HF card; device chipset as stated 'Snapdragon® 8 Elite For Galaxy Mobile'; peak memory 0 - 174 MB; compute unit NPU
Qualcomm,Snapdragon® X2 Elite,,YOLOv11-Pose,keypoint-detection,640x640,w8a16,latency_ms,2.308,ms,QNN_DLC,https://huggingface.co/qualcomm/YOLOv11-Pose,official: Qualcomm AI Hub HF card; device chipset as stated 'Snapdragon® X2 Elite'; peak memory 2 - 2 MB; compute unit NPU
Qualcomm,Snapdragon® X Elite,,YOLOv11-Pose,keypoint-detection,640x640,w8a16,latency_ms,5.198,ms,QNN_DLC,https://huggingface.co/qualcomm/YOLOv11-Pose,official: Qualcomm AI Hub HF card; device chipset as stated 'Snapdragon® X Elite'; peak memory 2 - 2 MB; compute unit NPU
Qualcomm,Snapdragon® 8 Gen 3 Mobile,,YOLOv11-Pose,keypoint-detection,640x640,w8a16,latency_ms,3.133,ms,QNN_DLC,https://huggingface.co/qualcomm/YOLOv11-Pose,official: Qualcomm AI Hub HF card; device chipset as stated 'Snapdragon® 8 Gen 3 Mobile'; peak memory 2 - 201 MB; compute unit NPU
Qualcomm,Snapdragon® 8 Elite Gen 5 For Galaxy Mobile,,YOLOv11-Pose,keypoint-detection,640x640,float,latency_ms,2.175,ms,TFLITE,https://huggingface.co/qualcomm/YOLOv11-Pose,official: Qualcomm AI Hub HF card; device chipset as stated 'Snapdragon® 8 Elite Gen 5 For Galaxy Mobile'; peak memory 0 - 94 MB; compute unit NPU
Qualcomm,Snapdragon® 8 Elite For Galaxy Mobile,,YOLOv11-Pose,keypoint-detection,640x640,float,latency_ms,2.601,ms,TFLITE,https://huggingface.co/qualcomm/YOLOv11-Pose,official: Qualcomm AI Hub HF card; device chipset as stated 'Snapdragon® 8 Elite For Galaxy Mobile'; peak memory 0 - 85 MB; compute unit NPU
Qualcomm,Snapdragon® 8 Gen 3 Mobile,,YOLOv11-Pose,keypoint-detection,640x640,float,latency_ms,3.527,ms,TFLITE,https://huggingface.co/qualcomm/YOLOv11-Pose,official: Qualcomm AI Hub HF card; device chipset as stated 'Snapdragon® 8 Gen 3 Mobile'; peak memory 0 - 117 MB; compute unit NPU
Qualcomm,Snapdragon® 8 Elite Gen 5 For Galaxy Mobile,,YOLOv11-Segmentation,image-segmentation,640x640,float,latency_ms,3.09,ms,ONNX,https://huggingface.co/qualcomm/YOLOv11-Segmentation,official: Qualcomm AI Hub HF card; device chipset as stated 'Snapdragon® 8 Elite Gen 5 For Galaxy Mobile'; peak memory 3 - 197 MB; compute unit NPU
Qualcomm,Snapdragon® 8 Elite For Galaxy Mobile,,YOLOv11-Segmentation,image-segmentation,640x640,float,latency_ms,3.437,ms,ONNX,https://huggingface.co/qualcomm/YOLOv11-Segmentation,official: Qualcomm AI Hub HF card; device chipset as stated 'Snapdragon® 8 Elite For Galaxy Mobile'; peak memory 0 - 181 MB; compute unit NPU
Qualcomm,Snapdragon® X2 Elite,,YOLOv11-Segmentation,image-segmentation,640x640,float,latency_ms,3.413,ms,ONNX,https://huggingface.co/qualcomm/YOLOv11-Segmentation,official: Qualcomm AI Hub HF card; device chipset as stated 'Snapdragon® X2 Elite'; peak memory 17 - 17 MB; compute unit NPU
Qualcomm,Snapdragon® X Elite,,YOLOv11-Segmentation,image-segmentation,640x640,float,latency_ms,6.147,ms,ONNX,https://huggingface.co/qualcomm/YOLOv11-Segmentation,official: Qualcomm AI Hub HF card; device chipset as stated 'Snapdragon® X Elite'; peak memory 17 - 17 MB; compute unit NPU
Qualcomm,Snapdragon® 8 Gen 3 Mobile,,YOLOv11-Segmentation,image-segmentation,640x640,float,latency_ms,4.247,ms,ONNX,https://huggingface.co/qualcomm/YOLOv11-Segmentation,official: Qualcomm AI Hub HF card; device chipset as stated 'Snapdragon® 8 Gen 3 Mobile'; peak memory 17 - 229 MB; compute unit NPU
Qualcomm,Snapdragon® 8 Elite Gen 5 For Galaxy Mobile,,YOLOv11-Segmentation,image-segmentation,640x640,w8a16,latency_ms,2.445,ms,ONNX,https://huggingface.co/qualcomm/YOLOv11-Segmentation,official: Qualcomm AI Hub HF card; device chipset as stated 'Snapdragon® 8 Elite Gen 5 For Galaxy Mobile'; peak memory 0 - 93 MB; compute unit NPU
Qualcomm,Snapdragon® 8 Elite For Galaxy Mobile,,YOLOv11-Segmentation,image-segmentation,640x640,w8a16,latency_ms,2.72,ms,ONNX,https://huggingface.co/qualcomm/YOLOv11-Segmentation,official: Qualcomm AI Hub HF card; device chipset as stated 'Snapdragon® 8 Elite For Galaxy Mobile'; peak memory 2 - 92 MB; compute unit NPU
Qualcomm,Snapdragon® X2 Elite,,YOLOv11-Segmentation,image-segmentation,640x640,w8a16,latency_ms,2.625,ms,ONNX,https://huggingface.co/qualcomm/YOLOv11-Segmentation,official: Qualcomm AI Hub HF card; device chipset as stated 'Snapdragon® X2 Elite'; peak memory 9 - 9 MB; compute unit NPU
Qualcomm,Snapdragon® X Elite,,YOLOv11-Segmentation,image-segmentation,640x640,w8a16,latency_ms,6.194,ms,ONNX,https://huggingface.co/qualcomm/YOLOv11-Segmentation,official: Qualcomm AI Hub HF card; device chipset as stated 'Snapdragon® X Elite'; peak memory 7 - 7 MB; compute unit NPU
Qualcomm,Snapdragon® 8 Gen 3 Mobile,,YOLOv11-Segmentation,image-segmentation,640x640,w8a16,latency_ms,3.747,ms,ONNX,https://huggingface.co/qualcomm/YOLOv11-Segmentation,official: Qualcomm AI Hub HF card; device chipset as stated 'Snapdragon® 8 Gen 3 Mobile'; peak memory 8 - 233 MB; compute unit NPU
Qualcomm,Snapdragon® 8 Elite Gen 5 For Galaxy Mobile,,YOLOv11-Segmentation,image-segmentation,640x640,float,latency_ms,2.274,ms,QNN_DLC,https://huggingface.co/qualcomm/YOLOv11-Segmentation,official: Qualcomm AI Hub HF card; device chipset as stated 'Snapdragon® 8 Elite Gen 5 For Galaxy Mobile'; peak memory 5 - 179 MB; compute unit NPU
Qualcomm,Snapdragon® 8 Elite For Galaxy Mobile,,YOLOv11-Segmentation,image-segmentation,640x640,float,latency_ms,2.809,ms,QNN_DLC,https://huggingface.co/qualcomm/YOLOv11-Segmentation,official: Qualcomm AI Hub HF card; device chipset as stated 'Snapdragon® 8 Elite For Galaxy Mobile'; peak memory 0 - 178 MB; compute unit NPU
Qualcomm,Snapdragon® X2 Elite,,YOLOv11-Segmentation,image-segmentation,640x640,float,latency_ms,3.311,ms,QNN_DLC,https://huggingface.co/qualcomm/YOLOv11-Segmentation,official: Qualcomm AI Hub HF card; device chipset as stated 'Snapdragon® X2 Elite'; peak memory 5 - 5 MB; compute unit NPU
Qualcomm,Snapdragon® X Elite,,YOLOv11-Segmentation,image-segmentation,640x640,float,latency_ms,5.526,ms,QNN_DLC,https://huggingface.co/qualcomm/YOLOv11-Segmentation,official: Qualcomm AI Hub HF card; device chipset as stated 'Snapdragon® X Elite'; peak memory 5 - 5 MB; compute unit NPU
Qualcomm,Snapdragon® 8 Gen 3 Mobile,,YOLOv11-Segmentation,image-segmentation,640x640,float,latency_ms,3.881,ms,QNN_DLC,https://huggingface.co/qualcomm/YOLOv11-Segmentation,official: Qualcomm AI Hub HF card; device chipset as stated 'Snapdragon® 8 Gen 3 Mobile'; peak memory 0 - 201 MB; compute unit NPU
Qualcomm,Snapdragon® 8 Elite Gen 5 For Galaxy Mobile,,YOLOv11-Segmentation,image-segmentation,640x640,w8a16,latency_ms,1.814,ms,QNN_DLC,https://huggingface.co/qualcomm/YOLOv11-Segmentation,official: Qualcomm AI Hub HF card; device chipset as stated 'Snapdragon® 8 Elite Gen 5 For Galaxy Mobile'; peak memory 2 - 181 MB; compute unit NPU
Qualcomm,Snapdragon® 8 Elite For Galaxy Mobile,,YOLOv11-Segmentation,image-segmentation,640x640,w8a16,latency_ms,2.173,ms,QNN_DLC,https://huggingface.co/qualcomm/YOLOv11-Segmentation,official: Qualcomm AI Hub HF card; device chipset as stated 'Snapdragon® 8 Elite For Galaxy Mobile'; peak memory 2 - 179 MB; compute unit NPU
Qualcomm,Snapdragon® X2 Elite,,YOLOv11-Segmentation,image-segmentation,640x640,w8a16,latency_ms,2.367,ms,QNN_DLC,https://huggingface.co/qualcomm/YOLOv11-Segmentation,official: Qualcomm AI Hub HF card; device chipset as stated 'Snapdragon® X2 Elite'; peak memory 2 - 2 MB; compute unit NPU
Qualcomm,Snapdragon® X Elite,,YOLOv11-Segmentation,image-segmentation,640x640,w8a16,latency_ms,5.002,ms,QNN_DLC,https://huggingface.co/qualcomm/YOLOv11-Segmentation,official: Qualcomm AI Hub HF card; device chipset as stated 'Snapdragon® X Elite'; peak memory 2 - 2 MB; compute unit NPU
Qualcomm,Snapdragon® 8 Gen 3 Mobile,,YOLOv11-Segmentation,image-segmentation,640x640,w8a16,latency_ms,3.068,ms,QNN_DLC,https://huggingface.co/qualcomm/YOLOv11-Segmentation,official: Qualcomm AI Hub HF card; device chipset as stated 'Snapdragon® 8 Gen 3 Mobile'; peak memory 2 - 198 MB; compute unit NPU
Qualcomm,Snapdragon® 8 Elite Gen 5 For Galaxy Mobile,,YOLOv11-Segmentation,image-segmentation,640x640,float,latency_ms,2.041,ms,TFLITE,https://huggingface.co/qualcomm/YOLOv11-Segmentation,official: Qualcomm AI Hub HF card; device chipset as stated 'Snapdragon® 8 Elite Gen 5 For Galaxy Mobile'; peak memory 0 - 78 MB; compute unit NPU
Qualcomm,Snapdragon® 8 Elite For Galaxy Mobile,,YOLOv11-Segmentation,image-segmentation,640x640,float,latency_ms,2.4,ms,TFLITE,https://huggingface.co/qualcomm/YOLOv11-Segmentation,official: Qualcomm AI Hub HF card; device chipset as stated 'Snapdragon® 8 Elite For Galaxy Mobile'; peak memory 0 - 81 MB; compute unit NPU
Qualcomm,Snapdragon® 8 Gen 3 Mobile,,YOLOv11-Segmentation,image-segmentation,640x640,float,latency_ms,3.15,ms,TFLITE,https://huggingface.co/qualcomm/YOLOv11-Segmentation,official: Qualcomm AI Hub HF card; device chipset as stated 'Snapdragon® 8 Gen 3 Mobile'; peak memory 0 - 98 MB; compute unit NPU
Qualcomm,Snapdragon® 8 Elite Gen 5 For Galaxy Mobile,,YOLOv8-Detection,object-detection,640x640,float,latency_ms,2.649,ms,ONNX,https://huggingface.co/qualcomm/YOLOv8-Detection,official: Qualcomm AI Hub HF card; device chipset as stated 'Snapdragon® 8 Elite Gen 5 For Galaxy Mobile'; peak memory 1 - 211 MB; compute unit NPU
Qualcomm,Snapdragon® 8 Elite For Galaxy Mobile,,YOLOv8-Detection,object-detection,640x640,float,latency_ms,2.894,ms,ONNX,https://huggingface.co/qualcomm/YOLOv8-Detection,official: Qualcomm AI Hub HF card; device chipset as stated 'Snapdragon® 8 Elite For Galaxy Mobile'; peak memory 0 - 182 MB; compute unit NPU
Qualcomm,Snapdragon® X2 Elite,,YOLOv8-Detection,object-detection,640x640,float,latency_ms,2.956,ms,ONNX,https://huggingface.co/qualcomm/YOLOv8-Detection,official: Qualcomm AI Hub HF card; device chipset as stated 'Snapdragon® X2 Elite'; peak memory 5 - 5 MB; compute unit NPU
Qualcomm,Snapdragon® X Elite,,YOLOv8-Detection,object-detection,640x640,float,latency_ms,6.118,ms,ONNX,https://huggingface.co/qualcomm/YOLOv8-Detection,official: Qualcomm AI Hub HF card; device chipset as stated 'Snapdragon® X Elite'; peak memory 5 - 5 MB; compute unit NPU
Qualcomm,Snapdragon® 8 Gen 3 Mobile,,YOLOv8-Detection,object-detection,640x640,float,latency_ms,3.617,ms,ONNX,https://huggingface.co/qualcomm/YOLOv8-Detection,official: Qualcomm AI Hub HF card; device chipset as stated 'Snapdragon® 8 Gen 3 Mobile'; peak memory 1 - 239 MB; compute unit NPU
Qualcomm,Snapdragon® 8 Elite Gen 5 For Galaxy Mobile,,YOLOv8-Detection,object-detection,640x640,w8a16,latency_ms,1.976,ms,ONNX,https://huggingface.co/qualcomm/YOLOv8-Detection,official: Qualcomm AI Hub HF card; device chipset as stated 'Snapdragon® 8 Elite Gen 5 For Galaxy Mobile'; peak memory 1 - 79 MB; compute unit NPU
Qualcomm,Snapdragon® 8 Elite For Galaxy Mobile,,YOLOv8-Detection,object-detection,640x640,w8a16,latency_ms,2.207,ms,ONNX,https://huggingface.co/qualcomm/YOLOv8-Detection,official: Qualcomm AI Hub HF card; device chipset as stated 'Snapdragon® 8 Elite For Galaxy Mobile'; peak memory 2 - 78 MB; compute unit NPU
Qualcomm,Snapdragon® X2 Elite,,YOLOv8-Detection,object-detection,640x640,w8a16,latency_ms,2.135,ms,ONNX,https://huggingface.co/qualcomm/YOLOv8-Detection,official: Qualcomm AI Hub HF card; device chipset as stated 'Snapdragon® X2 Elite'; peak memory 2 - 2 MB; compute unit NPU
Qualcomm,Snapdragon® X Elite,,YOLOv8-Detection,object-detection,640x640,w8a16,latency_ms,4.978,ms,ONNX,https://huggingface.co/qualcomm/YOLOv8-Detection,official: Qualcomm AI Hub HF card; device chipset as stated 'Snapdragon® X Elite'; peak memory 1 - 1 MB; compute unit NPU
Qualcomm,Snapdragon® 8 Gen 3 Mobile,,YOLOv8-Detection,object-detection,640x640,w8a16,latency_ms,2.916,ms,ONNX,https://huggingface.co/qualcomm/YOLOv8-Detection,official: Qualcomm AI Hub HF card; device chipset as stated 'Snapdragon® 8 Gen 3 Mobile'; peak memory 0 - 96 MB; compute unit NPU
Qualcomm,Snapdragon® 8 Elite Gen 5 For Galaxy Mobile,,YOLOv8-Detection,object-detection,640x640,w8a8,latency_ms,0.629,ms,ONNX,https://huggingface.co/qualcomm/YOLOv8-Detection,official: Qualcomm AI Hub HF card; device chipset as stated 'Snapdragon® 8 Elite Gen 5 For Galaxy Mobile'; peak memory 0 - 53 MB; compute unit NPU
Qualcomm,Snapdragon® 8 Elite For Galaxy Mobile,,YOLOv8-Detection,object-detection,640x640,w8a8,latency_ms,0.722,ms,ONNX,https://huggingface.co/qualcomm/YOLOv8-Detection,official: Qualcomm AI Hub HF card; device chipset as stated 'Snapdragon® 8 Elite For Galaxy Mobile'; peak memory 0 - 56 MB; compute unit NPU
Qualcomm,Snapdragon® X2 Elite,,YOLOv8-Detection,object-detection,640x640,w8a8,latency_ms,0.666,ms,ONNX,https://huggingface.co/qualcomm/YOLOv8-Detection,official: Qualcomm AI Hub HF card; device chipset as stated 'Snapdragon® X2 Elite'; peak memory 1 - 1 MB; compute unit NPU
Qualcomm,Snapdragon® X Elite,,YOLOv8-Detection,object-detection,640x640,w8a8,latency_ms,1.579,ms,ONNX,https://huggingface.co/qualcomm/YOLOv8-Detection,official: Qualcomm AI Hub HF card; device chipset as stated 'Snapdragon® X Elite'; peak memory 0 - 0 MB; compute unit NPU
Qualcomm,Snapdragon® 8 Gen 3 Mobile,,YOLOv8-Detection,object-detection,640x640,w8a8,latency_ms,1.013,ms,ONNX,https://huggingface.co/qualcomm/YOLOv8-Detection,official: Qualcomm AI Hub HF card; device chipset as stated 'Snapdragon® 8 Gen 3 Mobile'; peak memory 0 - 70 MB; compute unit NPU
Qualcomm,Snapdragon® 8 Elite Gen 5 For Galaxy Mobile,,YOLOv8-Detection,object-detection,640x640,w8a8_mixed_int16,latency_ms,2.805,ms,ONNX,https://huggingface.co/qualcomm/YOLOv8-Detection,official: Qualcomm AI Hub HF card; device chipset as stated 'Snapdragon® 8 Elite Gen 5 For Galaxy Mobile'; peak memory 0 - 221 MB; compute unit NPU
Qualcomm,Snapdragon® 8 Elite For Galaxy Mobile,,YOLOv8-Detection,object-detection,640x640,w8a8_mixed_int16,latency_ms,3.084,ms,ONNX,https://huggingface.co/qualcomm/YOLOv8-Detection,official: Qualcomm AI Hub HF card; device chipset as stated 'Snapdragon® 8 Elite For Galaxy Mobile'; peak memory 1 - 205 MB; compute unit NPU
Qualcomm,Snapdragon® X2 Elite,,YOLOv8-Detection,object-detection,640x640,w8a8_mixed_int16,latency_ms,3.053,ms,ONNX,https://huggingface.co/qualcomm/YOLOv8-Detection,official: Qualcomm AI Hub HF card; device chipset as stated 'Snapdragon® X2 Elite'; peak memory 2 - 2 MB; compute unit NPU
Qualcomm,Snapdragon® X Elite,,YOLOv8-Detection,object-detection,640x640,w8a8_mixed_int16,latency_ms,6.59,ms,ONNX,https://huggingface.co/qualcomm/YOLOv8-Detection,official: Qualcomm AI Hub HF card; device chipset as stated 'Snapdragon® X Elite'; peak memory 0 - 0 MB; compute unit NPU
Qualcomm,Snapdragon® 8 Gen 3 Mobile,,YOLOv8-Detection,object-detection,640x640,w8a8_mixed_int16,latency_ms,4.372,ms,ONNX,https://huggingface.co/qualcomm/YOLOv8-Detection,official: Qualcomm AI Hub HF card; device chipset as stated 'Snapdragon® 8 Gen 3 Mobile'; peak memory 3 - 236 MB; compute unit NPU
Qualcomm,Snapdragon® 8 Elite Gen 5 For Galaxy Mobile,,YOLOv8-Detection,object-detection,640x640,float,latency_ms,1.76,ms,QNN_DLC,https://huggingface.co/qualcomm/YOLOv8-Detection,official: Qualcomm AI Hub HF card; device chipset as stated 'Snapdragon® 8 Elite Gen 5 For Galaxy Mobile'; peak memory 2 - 178 MB; compute unit NPU
Qualcomm,Snapdragon® 8 Elite For Galaxy Mobile,,YOLOv8-Detection,object-detection,640x640,float,latency_ms,2.15,ms,QNN_DLC,https://huggingface.co/qualcomm/YOLOv8-Detection,official: Qualcomm AI Hub HF card; device chipset as stated 'Snapdragon® 8 Elite For Galaxy Mobile'; peak memory 5 - 171 MB; compute unit NPU
Qualcomm,Snapdragon® X2 Elite,,YOLOv8-Detection,object-detection,640x640,float,latency_ms,2.406,ms,QNN_DLC,https://huggingface.co/qualcomm/YOLOv8-Detection,official: Qualcomm AI Hub HF card; device chipset as stated 'Snapdragon® X2 Elite'; peak memory 5 - 5 MB; compute unit NPU
Qualcomm,Snapdragon® X Elite,,YOLOv8-Detection,object-detection,640x640,float,latency_ms,4.062,ms,QNN_DLC,https://huggingface.co/qualcomm/YOLOv8-Detection,official: Qualcomm AI Hub HF card; device chipset as stated 'Snapdragon® X Elite'; peak memory 5 - 5 MB; compute unit NPU
Qualcomm,Snapdragon® 8 Gen 3 Mobile,,YOLOv8-Detection,object-detection,640x640,float,latency_ms,2.808,ms,QNN_DLC,https://huggingface.co/qualcomm/YOLOv8-Detection,official: Qualcomm AI Hub HF card; device chipset as stated 'Snapdragon® 8 Gen 3 Mobile'; peak memory 5 - 195 MB; compute unit NPU
Qualcomm,Snapdragon® 8 Elite Gen 5 For Galaxy Mobile,,YOLOv8-Detection,object-detection,640x640,w8a16,latency_ms,1.296,ms,QNN_DLC,https://huggingface.co/qualcomm/YOLOv8-Detection,official: Qualcomm AI Hub HF card; device chipset as stated 'Snapdragon® 8 Elite Gen 5 For Galaxy Mobile'; peak memory 2 - 61 MB; compute unit NPU
Qualcomm,Snapdragon® 8 Elite For Galaxy Mobile,,YOLOv8-Detection,object-detection,640x640,w8a16,latency_ms,1.513,ms,QNN_DLC,https://huggingface.co/qualcomm/YOLOv8-Detection,official: Qualcomm AI Hub HF card; device chipset as stated 'Snapdragon® 8 Elite For Galaxy Mobile'; peak memory 2 - 62 MB; compute unit NPU
Qualcomm,Snapdragon® X2 Elite,,YOLOv8-Detection,object-detection,640x640,w8a16,latency_ms,1.704,ms,QNN_DLC,https://huggingface.co/qualcomm/YOLOv8-Detection,official: Qualcomm AI Hub HF card; device chipset as stated 'Snapdragon® X2 Elite'; peak memory 2 - 2 MB; compute unit NPU
Qualcomm,Snapdragon® X Elite,,YOLOv8-Detection,object-detection,640x640,w8a16,latency_ms,3.627,ms,QNN_DLC,https://huggingface.co/qualcomm/YOLOv8-Detection,official: Qualcomm AI Hub HF card; device chipset as stated 'Snapdragon® X Elite'; peak memory 2 - 2 MB; compute unit NPU
Qualcomm,Snapdragon® 8 Gen 3 Mobile,,YOLOv8-Detection,object-detection,640x640,w8a16,latency_ms,2.244,ms,QNN_DLC,https://huggingface.co/qualcomm/YOLOv8-Detection,official: Qualcomm AI Hub HF card; device chipset as stated 'Snapdragon® 8 Gen 3 Mobile'; peak memory 2 - 73 MB; compute unit NPU
Qualcomm,Snapdragon® 8 Elite Gen 5 For Galaxy Mobile,,YOLOv8-Detection,object-detection,640x640,w8a8,latency_ms,0.586,ms,QNN_DLC,https://huggingface.co/qualcomm/YOLOv8-Detection,official: Qualcomm AI Hub HF card; device chipset as stated 'Snapdragon® 8 Elite Gen 5 For Galaxy Mobile'; peak memory 1 - 42 MB; compute unit NPU
Qualcomm,Snapdragon® 8 Elite For Galaxy Mobile,,YOLOv8-Detection,object-detection,640x640,w8a8,latency_ms,0.702,ms,QNN_DLC,https://huggingface.co/qualcomm/YOLOv8-Detection,official: Qualcomm AI Hub HF card; device chipset as stated 'Snapdragon® 8 Elite For Galaxy Mobile'; peak memory 1 - 40 MB; compute unit NPU
Qualcomm,Snapdragon® X2 Elite,,YOLOv8-Detection,object-detection,640x640,w8a8,latency_ms,0.846,ms,QNN_DLC,https://huggingface.co/qualcomm/YOLOv8-Detection,official: Qualcomm AI Hub HF card; device chipset as stated 'Snapdragon® X2 Elite'; peak memory 1 - 1 MB; compute unit NPU
Qualcomm,Snapdragon® X Elite,,YOLOv8-Detection,object-detection,640x640,w8a8,latency_ms,1.601,ms,QNN_DLC,https://huggingface.co/qualcomm/YOLOv8-Detection,official: Qualcomm AI Hub HF card; device chipset as stated 'Snapdragon® X Elite'; peak memory 1 - 1 MB; compute unit NPU
Qualcomm,Snapdragon® 8 Gen 3 Mobile,,YOLOv8-Detection,object-detection,640x640,w8a8,latency_ms,0.944,ms,QNN_DLC,https://huggingface.co/qualcomm/YOLOv8-Detection,official: Qualcomm AI Hub HF card; device chipset as stated 'Snapdragon® 8 Gen 3 Mobile'; peak memory 1 - 55 MB; compute unit NPU
Qualcomm,Snapdragon® 8 Elite Gen 5 For Galaxy Mobile,,YOLOv8-Detection,object-detection,640x640,float,latency_ms,1.485,ms,TFLITE,https://huggingface.co/qualcomm/YOLOv8-Detection,official: Qualcomm AI Hub HF card; device chipset as stated 'Snapdragon® 8 Elite Gen 5 For Galaxy Mobile'; peak memory 0 - 76 MB; compute unit NPU
Qualcomm,Snapdragon® 8 Elite For Galaxy Mobile,,YOLOv8-Detection,object-detection,640x640,float,latency_ms,1.812,ms,TFLITE,https://huggingface.co/qualcomm/YOLOv8-Detection,official: Qualcomm AI Hub HF card; device chipset as stated 'Snapdragon® 8 Elite For Galaxy Mobile'; peak memory 0 - 72 MB; compute unit NPU
Qualcomm,Snapdragon® 8 Gen 3 Mobile,,YOLOv8-Detection,object-detection,640x640,float,latency_ms,2.409,ms,TFLITE,https://huggingface.co/qualcomm/YOLOv8-Detection,official: Qualcomm AI Hub HF card; device chipset as stated 'Snapdragon® 8 Gen 3 Mobile'; peak memory 0 - 82 MB; compute unit NPU
Qualcomm,Snapdragon® 8 Elite Gen 5 For Galaxy Mobile,,YOLOv8-Detection,object-detection,640x640,w8a8,latency_ms,0.582,ms,TFLITE,https://huggingface.co/qualcomm/YOLOv8-Detection,official: Qualcomm AI Hub HF card; device chipset as stated 'Snapdragon® 8 Elite Gen 5 For Galaxy Mobile'; peak memory 0 - 40 MB; compute unit NPU
Qualcomm,Snapdragon® 8 Elite For Galaxy Mobile,,YOLOv8-Detection,object-detection,640x640,w8a8,latency_ms,0.66,ms,TFLITE,https://huggingface.co/qualcomm/YOLOv8-Detection,official: Qualcomm AI Hub HF card; device chipset as stated 'Snapdragon® 8 Elite For Galaxy Mobile'; peak memory 0 - 43 MB; compute unit NPU
Qualcomm,Snapdragon® 8 Gen 3 Mobile,,YOLOv8-Detection,object-detection,640x640,w8a8,latency_ms,0.886,ms,TFLITE,https://huggingface.co/qualcomm/YOLOv8-Detection,official: Qualcomm AI Hub HF card; device chipset as stated 'Snapdragon® 8 Gen 3 Mobile'; peak memory 0 - 55 MB; compute unit NPU
Qualcomm,Snapdragon® 8 Elite Gen 5 For Galaxy Mobile,,YOLOv8-OBB,object-detection,640*640,float,latency_ms,3.014,ms,ONNX,https://huggingface.co/qualcomm/YOLOv8-OBB,official: Qualcomm AI Hub HF card; device chipset as stated 'Snapdragon® 8 Elite Gen 5 For Galaxy Mobile'; peak memory 1 - 172 MB; compute unit NPU
Qualcomm,Snapdragon® 8 Elite For Galaxy Mobile,,YOLOv8-OBB,object-detection,640*640,float,latency_ms,3.463,ms,ONNX,https://huggingface.co/qualcomm/YOLOv8-OBB,official: Qualcomm AI Hub HF card; device chipset as stated 'Snapdragon® 8 Elite For Galaxy Mobile'; peak memory 0 - 165 MB; compute unit NPU
Qualcomm,Snapdragon® X2 Elite,,YOLOv8-OBB,object-detection,640*640,float,latency_ms,3.184,ms,ONNX,https://huggingface.co/qualcomm/YOLOv8-OBB,official: Qualcomm AI Hub HF card; device chipset as stated 'Snapdragon® X2 Elite'; peak memory 5 - 5 MB; compute unit NPU
Qualcomm,Snapdragon® X Elite,,YOLOv8-OBB,object-detection,640*640,float,latency_ms,6.211,ms,ONNX,https://huggingface.co/qualcomm/YOLOv8-OBB,official: Qualcomm AI Hub HF card; device chipset as stated 'Snapdragon® X Elite'; peak memory 5 - 5 MB; compute unit NPU
Qualcomm,Snapdragon® 8 Gen 3 Mobile,,YOLOv8-OBB,object-detection,640*640,float,latency_ms,4.141,ms,ONNX,https://huggingface.co/qualcomm/YOLOv8-OBB,official: Qualcomm AI Hub HF card; device chipset as stated 'Snapdragon® 8 Gen 3 Mobile'; peak memory 1 - 191 MB; compute unit NPU
Qualcomm,Snapdragon® 8 Elite Gen 5 For Galaxy Mobile,,YOLOv8-OBB,object-detection,640*640,w8a16,latency_ms,2.046,ms,ONNX,https://huggingface.co/qualcomm/YOLOv8-OBB,official: Qualcomm AI Hub HF card; device chipset as stated 'Snapdragon® 8 Elite Gen 5 For Galaxy Mobile'; peak memory 0 - 77 MB; compute unit NPU
Qualcomm,Snapdragon® 8 Elite For Galaxy Mobile,,YOLOv8-OBB,object-detection,640*640,w8a16,latency_ms,2.457,ms,ONNX,https://huggingface.co/qualcomm/YOLOv8-OBB,official: Qualcomm AI Hub HF card; device chipset as stated 'Snapdragon® 8 Elite For Galaxy Mobile'; peak memory 0 - 71 MB; compute unit NPU
Qualcomm,Snapdragon® X2 Elite,,YOLOv8-OBB,object-detection,640*640,w8a16,latency_ms,2.24,ms,ONNX,https://huggingface.co/qualcomm/YOLOv8-OBB,official: Qualcomm AI Hub HF card; device chipset as stated 'Snapdragon® X2 Elite'; peak memory 2 - 2 MB; compute unit NPU
Qualcomm,Snapdragon® X Elite,,YOLOv8-OBB,object-detection,640*640,w8a16,latency_ms,5.559,ms,ONNX,https://huggingface.co/qualcomm/YOLOv8-OBB,official: Qualcomm AI Hub HF card; device chipset as stated 'Snapdragon® X Elite'; peak memory 1 - 1 MB; compute unit NPU
Qualcomm,Snapdragon® 8 Gen 3 Mobile,,YOLOv8-OBB,object-detection,640*640,w8a16,latency_ms,3.32,ms,ONNX,https://huggingface.co/qualcomm/YOLOv8-OBB,official: Qualcomm AI Hub HF card; device chipset as stated 'Snapdragon® 8 Gen 3 Mobile'; peak memory 0 - 98 MB; compute unit NPU
Qualcomm,Snapdragon® 8 Elite Gen 5 For Galaxy Mobile,,YOLOv8-OBB,object-detection,640*640,w8a8,latency_ms,0.648,ms,ONNX,https://huggingface.co/qualcomm/YOLOv8-OBB,official: Qualcomm AI Hub HF card; device chipset as stated 'Snapdragon® 8 Elite Gen 5 For Galaxy Mobile'; peak memory 0 - 56 MB; compute unit NPU
Qualcomm,Snapdragon® 8 Elite For Galaxy Mobile,,YOLOv8-OBB,object-detection,640*640,w8a8,latency_ms,0.757,ms,ONNX,https://huggingface.co/qualcomm/YOLOv8-OBB,official: Qualcomm AI Hub HF card; device chipset as stated 'Snapdragon® 8 Elite For Galaxy Mobile'; peak memory 0 - 54 MB; compute unit NPU
Qualcomm,Snapdragon® X2 Elite,,YOLOv8-OBB,object-detection,640*640,w8a8,latency_ms,0.684,ms,ONNX,https://huggingface.co/qualcomm/YOLOv8-OBB,official: Qualcomm AI Hub HF card; device chipset as stated 'Snapdragon® X2 Elite'; peak memory 1 - 1 MB; compute unit NPU
Qualcomm,Snapdragon® X Elite,,YOLOv8-OBB,object-detection,640*640,w8a8,latency_ms,1.603,ms,ONNX,https://huggingface.co/qualcomm/YOLOv8-OBB,official: Qualcomm AI Hub HF card; device chipset as stated 'Snapdragon® X Elite'; peak memory 0 - 0 MB; compute unit NPU
Qualcomm,Snapdragon® 8 Gen 3 Mobile,,YOLOv8-OBB,object-detection,640*640,w8a8,latency_ms,1.037,ms,ONNX,https://huggingface.co/qualcomm/YOLOv8-OBB,official: Qualcomm AI Hub HF card; device chipset as stated 'Snapdragon® 8 Gen 3 Mobile'; peak memory 0 - 73 MB; compute unit NPU
Qualcomm,Snapdragon® 8 Elite Gen 5 For Galaxy Mobile,,YOLOv8-OBB,object-detection,640*640,float,latency_ms,2.101,ms,QNN_DLC,https://huggingface.co/qualcomm/YOLOv8-OBB,official: Qualcomm AI Hub HF card; device chipset as stated 'Snapdragon® 8 Elite Gen 5 For Galaxy Mobile'; peak memory 4 - 169 MB; compute unit NPU
Qualcomm,Snapdragon® 8 Elite For Galaxy Mobile,,YOLOv8-OBB,object-detection,640*640,float,latency_ms,2.46,ms,QNN_DLC,https://huggingface.co/qualcomm/YOLOv8-OBB,official: Qualcomm AI Hub HF card; device chipset as stated 'Snapdragon® 8 Elite For Galaxy Mobile'; peak memory 0 - 157 MB; compute unit NPU
Qualcomm,Snapdragon® X2 Elite,,YOLOv8-OBB,object-detection,640*640,float,latency_ms,2.635,ms,QNN_DLC,https://huggingface.co/qualcomm/YOLOv8-OBB,official: Qualcomm AI Hub HF card; device chipset as stated 'Snapdragon® X2 Elite'; peak memory 5 - 5 MB; compute unit NPU
Qualcomm,Snapdragon® X Elite,,YOLOv8-OBB,object-detection,640*640,float,latency_ms,4.685,ms,QNN_DLC,https://huggingface.co/qualcomm/YOLOv8-OBB,official: Qualcomm AI Hub HF card; device chipset as stated 'Snapdragon® X Elite'; peak memory 5 - 5 MB; compute unit NPU
Qualcomm,Snapdragon® 8 Gen 3 Mobile,,YOLOv8-OBB,object-detection,640*640,float,latency_ms,3.206,ms,QNN_DLC,https://huggingface.co/qualcomm/YOLOv8-OBB,official: Qualcomm AI Hub HF card; device chipset as stated 'Snapdragon® 8 Gen 3 Mobile'; peak memory 5 - 179 MB; compute unit NPU
Qualcomm,Snapdragon® 8 Elite Gen 5 For Galaxy Mobile,,YOLOv8-OBB,object-detection,640*640,w8a16,latency_ms,1.373,ms,QNN_DLC,https://huggingface.co/qualcomm/YOLOv8-OBB,official: Qualcomm AI Hub HF card; device chipset as stated 'Snapdragon® 8 Elite Gen 5 For Galaxy Mobile'; peak memory 0 - 60 MB; compute unit NPU
Qualcomm,Snapdragon® 8 Elite For Galaxy Mobile,,YOLOv8-OBB,object-detection,640*640,w8a16,latency_ms,1.784,ms,QNN_DLC,https://huggingface.co/qualcomm/YOLOv8-OBB,official: Qualcomm AI Hub HF card; device chipset as stated 'Snapdragon® 8 Elite For Galaxy Mobile'; peak memory 2 - 59 MB; compute unit NPU
Qualcomm,Snapdragon® X2 Elite,,YOLOv8-OBB,object-detection,640*640,w8a16,latency_ms,1.797,ms,QNN_DLC,https://huggingface.co/qualcomm/YOLOv8-OBB,official: Qualcomm AI Hub HF card; device chipset as stated 'Snapdragon® X2 Elite'; peak memory 2 - 2 MB; compute unit NPU
Qualcomm,Snapdragon® X Elite,,YOLOv8-OBB,object-detection,640*640,w8a16,latency_ms,4.09,ms,QNN_DLC,https://huggingface.co/qualcomm/YOLOv8-OBB,official: Qualcomm AI Hub HF card; device chipset as stated 'Snapdragon® X Elite'; peak memory 2 - 2 MB; compute unit NPU
Qualcomm,Snapdragon® 8 Gen 3 Mobile,,YOLOv8-OBB,object-detection,640*640,w8a16,latency_ms,2.629,ms,QNN_DLC,https://huggingface.co/qualcomm/YOLOv8-OBB,official: Qualcomm AI Hub HF card; device chipset as stated 'Snapdragon® 8 Gen 3 Mobile'; peak memory 2 - 75 MB; compute unit NPU
Qualcomm,Snapdragon® 8 Elite Gen 5 For Galaxy Mobile,,YOLOv8-OBB,object-detection,640*640,w8a8,latency_ms,0.607,ms,QNN_DLC,https://huggingface.co/qualcomm/YOLOv8-OBB,official: Qualcomm AI Hub HF card; device chipset as stated 'Snapdragon® 8 Elite Gen 5 For Galaxy Mobile'; peak memory 0 - 42 MB; compute unit NPU
Qualcomm,Snapdragon® 8 Elite For Galaxy Mobile,,YOLOv8-OBB,object-detection,640*640,w8a8,latency_ms,0.704,ms,QNN_DLC,https://huggingface.co/qualcomm/YOLOv8-OBB,official: Qualcomm AI Hub HF card; device chipset as stated 'Snapdragon® 8 Elite For Galaxy Mobile'; peak memory 1 - 46 MB; compute unit NPU
Qualcomm,Snapdragon® X2 Elite,,YOLOv8-OBB,object-detection,640*640,w8a8,latency_ms,0.864,ms,QNN_DLC,https://huggingface.co/qualcomm/YOLOv8-OBB,official: Qualcomm AI Hub HF card; device chipset as stated 'Snapdragon® X2 Elite'; peak memory 1 - 1 MB; compute unit NPU
Qualcomm,Snapdragon® X Elite,,YOLOv8-OBB,object-detection,640*640,w8a8,latency_ms,1.609,ms,QNN_DLC,https://huggingface.co/qualcomm/YOLOv8-OBB,official: Qualcomm AI Hub HF card; device chipset as stated 'Snapdragon® X Elite'; peak memory 1 - 1 MB; compute unit NPU
Qualcomm,Snapdragon® 8 Gen 3 Mobile,,YOLOv8-OBB,object-detection,640*640,w8a8,latency_ms,0.96,ms,QNN_DLC,https://huggingface.co/qualcomm/YOLOv8-OBB,official: Qualcomm AI Hub HF card; device chipset as stated 'Snapdragon® 8 Gen 3 Mobile'; peak memory 1 - 57 MB; compute unit NPU
Qualcomm,Snapdragon® 8 Elite Gen 5 For Galaxy Mobile,,YOLOv8-OBB,object-detection,640*640,float,latency_ms,2.17,ms,TFLITE,https://huggingface.co/qualcomm/YOLOv8-OBB,official: Qualcomm AI Hub HF card; device chipset as stated 'Snapdragon® 8 Elite Gen 5 For Galaxy Mobile'; peak memory 0 - 167 MB; compute unit NPU
Qualcomm,Snapdragon® 8 Elite For Galaxy Mobile,,YOLOv8-OBB,object-detection,640*640,float,latency_ms,2.601,ms,TFLITE,https://huggingface.co/qualcomm/YOLOv8-OBB,official: Qualcomm AI Hub HF card; device chipset as stated 'Snapdragon® 8 Elite For Galaxy Mobile'; peak memory 0 - 163 MB; compute unit NPU
Qualcomm,Snapdragon® 8 Gen 3 Mobile,,YOLOv8-OBB,object-detection,640*640,float,latency_ms,3.366,ms,TFLITE,https://huggingface.co/qualcomm/YOLOv8-OBB,official: Qualcomm AI Hub HF card; device chipset as stated 'Snapdragon® 8 Gen 3 Mobile'; peak memory 0 - 176 MB; compute unit NPU
Qualcomm,Snapdragon® 8 Elite Gen 5 For Galaxy Mobile,,YOLOv8-Segmentation,image-segmentation,640x640,float,latency_ms,2.909,ms,ONNX,https://huggingface.co/qualcomm/YOLOv8-Segmentation,official: Qualcomm AI Hub HF card; device chipset as stated 'Snapdragon® 8 Elite Gen 5 For Galaxy Mobile'; peak memory 0 - 187 MB; compute unit NPU
Qualcomm,Snapdragon® 8 Elite For Galaxy Mobile,,YOLOv8-Segmentation,image-segmentation,640x640,float,latency_ms,3.265,ms,ONNX,https://huggingface.co/qualcomm/YOLOv8-Segmentation,official: Qualcomm AI Hub HF card; device chipset as stated 'Snapdragon® 8 Elite For Galaxy Mobile'; peak memory 0 - 172 MB; compute unit NPU
Qualcomm,Snapdragon® X2 Elite,,YOLOv8-Segmentation,image-segmentation,640x640,float,latency_ms,3.249,ms,ONNX,https://huggingface.co/qualcomm/YOLOv8-Segmentation,official: Qualcomm AI Hub HF card; device chipset as stated 'Snapdragon® X2 Elite'; peak memory 17 - 17 MB; compute unit NPU
Qualcomm,Snapdragon® X Elite,,YOLOv8-Segmentation,image-segmentation,640x640,float,latency_ms,6.677,ms,ONNX,https://huggingface.co/qualcomm/YOLOv8-Segmentation,official: Qualcomm AI Hub HF card; device chipset as stated 'Snapdragon® X Elite'; peak memory 17 - 17 MB; compute unit NPU
Qualcomm,Snapdragon® 8 Gen 3 Mobile,,YOLOv8-Segmentation,image-segmentation,640x640,float,latency_ms,3.972,ms,ONNX,https://huggingface.co/qualcomm/YOLOv8-Segmentation,official: Qualcomm AI Hub HF card; device chipset as stated 'Snapdragon® 8 Gen 3 Mobile'; peak memory 17 - 220 MB; compute unit NPU
Qualcomm,Snapdragon® 8 Elite Gen 5 For Galaxy Mobile,,YOLOv8-Segmentation,image-segmentation,640x640,w8a16,latency_ms,2.22,ms,ONNX,https://huggingface.co/qualcomm/YOLOv8-Segmentation,official: Qualcomm AI Hub HF card; device chipset as stated 'Snapdragon® 8 Elite Gen 5 For Galaxy Mobile'; peak memory 1 - 85 MB; compute unit NPU
Qualcomm,Snapdragon® 8 Elite For Galaxy Mobile,,YOLOv8-Segmentation,image-segmentation,640x640,w8a16,latency_ms,2.448,ms,ONNX,https://huggingface.co/qualcomm/YOLOv8-Segmentation,official: Qualcomm AI Hub HF card; device chipset as stated 'Snapdragon® 8 Elite For Galaxy Mobile'; peak memory 1 - 83 MB; compute unit NPU
Qualcomm,Snapdragon® X2 Elite,,YOLOv8-Segmentation,image-segmentation,640x640,w8a16,latency_ms,2.385,ms,ONNX,https://huggingface.co/qualcomm/YOLOv8-Segmentation,official: Qualcomm AI Hub HF card; device chipset as stated 'Snapdragon® X2 Elite'; peak memory 9 - 9 MB; compute unit NPU
Qualcomm,Snapdragon® X Elite,,YOLOv8-Segmentation,image-segmentation,640x640,w8a16,latency_ms,5.58,ms,ONNX,https://huggingface.co/qualcomm/YOLOv8-Segmentation,official: Qualcomm AI Hub HF card; device chipset as stated 'Snapdragon® X Elite'; peak memory 7 - 7 MB; compute unit NPU
Qualcomm,Snapdragon® 8 Gen 3 Mobile,,YOLOv8-Segmentation,image-segmentation,640x640,w8a16,latency_ms,3.286,ms,ONNX,https://huggingface.co/qualcomm/YOLOv8-Segmentation,official: Qualcomm AI Hub HF card; device chipset as stated 'Snapdragon® 8 Gen 3 Mobile'; peak memory 8 - 112 MB; compute unit NPU
Qualcomm,Snapdragon® 8 Elite Gen 5 For Galaxy Mobile,,YOLOv8-Segmentation,image-segmentation,640x640,w8a8,latency_ms,0.726,ms,ONNX,https://huggingface.co/qualcomm/YOLOv8-Segmentation,official: Qualcomm AI Hub HF card; device chipset as stated 'Snapdragon® 8 Elite Gen 5 For Galaxy Mobile'; peak memory 0 - 59 MB; compute unit NPU
Qualcomm,Snapdragon® 8 Elite For Galaxy Mobile,,YOLOv8-Segmentation,image-segmentation,640x640,w8a8,latency_ms,0.838,ms,ONNX,https://huggingface.co/qualcomm/YOLOv8-Segmentation,official: Qualcomm AI Hub HF card; device chipset as stated 'Snapdragon® 8 Elite For Galaxy Mobile'; peak memory 0 - 61 MB; compute unit NPU
Qualcomm,Snapdragon® X2 Elite,,YOLOv8-Segmentation,image-segmentation,640x640,w8a8,latency_ms,0.763,ms,ONNX,https://huggingface.co/qualcomm/YOLOv8-Segmentation,official: Qualcomm AI Hub HF card; device chipset as stated 'Snapdragon® X2 Elite'; peak memory 3 - 3 MB; compute unit NPU
Qualcomm,Snapdragon® X Elite,,YOLOv8-Segmentation,image-segmentation,640x640,w8a8,latency_ms,1.847,ms,ONNX,https://huggingface.co/qualcomm/YOLOv8-Segmentation,official: Qualcomm AI Hub HF card; device chipset as stated 'Snapdragon® X Elite'; peak memory 1 - 1 MB; compute unit NPU
Qualcomm,Snapdragon® 8 Gen 3 Mobile,,YOLOv8-Segmentation,image-segmentation,640x640,w8a8,latency_ms,1.194,ms,ONNX,https://huggingface.co/qualcomm/YOLOv8-Segmentation,official: Qualcomm AI Hub HF card; device chipset as stated 'Snapdragon® 8 Gen 3 Mobile'; peak memory 0 - 77 MB; compute unit NPU
Qualcomm,Snapdragon® 8 Elite Gen 5 For Galaxy Mobile,,YOLOv8-Segmentation,image-segmentation,640x640,float,latency_ms,2.079,ms,QNN_DLC,https://huggingface.co/qualcomm/YOLOv8-Segmentation,official: Qualcomm AI Hub HF card; device chipset as stated 'Snapdragon® 8 Elite Gen 5 For Galaxy Mobile'; peak memory 5 - 173 MB; compute unit NPU
Qualcomm,Snapdragon® 8 Elite For Galaxy Mobile,,YOLOv8-Segmentation,image-segmentation,640x640,float,latency_ms,2.976,ms,QNN_DLC,https://huggingface.co/qualcomm/YOLOv8-Segmentation,official: Qualcomm AI Hub HF card; device chipset as stated 'Snapdragon® 8 Elite For Galaxy Mobile'; peak memory 5 - 174 MB; compute unit NPU
Qualcomm,Snapdragon® X2 Elite,,YOLOv8-Segmentation,image-segmentation,640x640,float,latency_ms,3.018,ms,QNN_DLC,https://huggingface.co/qualcomm/YOLOv8-Segmentation,official: Qualcomm AI Hub HF card; device chipset as stated 'Snapdragon® X2 Elite'; peak memory 5 - 5 MB; compute unit NPU
Qualcomm,Snapdragon® X Elite,,YOLOv8-Segmentation,image-segmentation,640x640,float,latency_ms,4.865,ms,QNN_DLC,https://huggingface.co/qualcomm/YOLOv8-Segmentation,official: Qualcomm AI Hub HF card; device chipset as stated 'Snapdragon® X Elite'; peak memory 5 - 5 MB; compute unit NPU
Qualcomm,Snapdragon® 8 Gen 3 Mobile,,YOLOv8-Segmentation,image-segmentation,640x640,float,latency_ms,3.376,ms,QNN_DLC,https://huggingface.co/qualcomm/YOLOv8-Segmentation,official: Qualcomm AI Hub HF card; device chipset as stated 'Snapdragon® 8 Gen 3 Mobile'; peak memory 5 - 200 MB; compute unit NPU
Qualcomm,Snapdragon® 8 Elite Gen 5 For Galaxy Mobile,,YOLOv8-Segmentation,image-segmentation,640x640,w8a16,latency_ms,1.486,ms,QNN_DLC,https://huggingface.co/qualcomm/YOLOv8-Segmentation,official: Qualcomm AI Hub HF card; device chipset as stated 'Snapdragon® 8 Elite Gen 5 For Galaxy Mobile'; peak memory 2 - 66 MB; compute unit NPU
Qualcomm,Snapdragon® 8 Elite For Galaxy Mobile,,YOLOv8-Segmentation,image-segmentation,640x640,w8a16,latency_ms,1.736,ms,QNN_DLC,https://huggingface.co/qualcomm/YOLOv8-Segmentation,official: Qualcomm AI Hub HF card; device chipset as stated 'Snapdragon® 8 Elite For Galaxy Mobile'; peak memory 2 - 63 MB; compute unit NPU
Qualcomm,Snapdragon® X2 Elite,,YOLOv8-Segmentation,image-segmentation,640x640,w8a16,latency_ms,2.004,ms,QNN_DLC,https://huggingface.co/qualcomm/YOLOv8-Segmentation,official: Qualcomm AI Hub HF card; device chipset as stated 'Snapdragon® X2 Elite'; peak memory 2 - 2 MB; compute unit NPU
Qualcomm,Snapdragon® X Elite,,YOLOv8-Segmentation,image-segmentation,640x640,w8a16,latency_ms,4.191,ms,QNN_DLC,https://huggingface.co/qualcomm/YOLOv8-Segmentation,official: Qualcomm AI Hub HF card; device chipset as stated 'Snapdragon® X Elite'; peak memory 2 - 2 MB; compute unit NPU
Qualcomm,Snapdragon® 8 Gen 3 Mobile,,YOLOv8-Segmentation,image-segmentation,640x640,w8a16,latency_ms,2.575,ms,QNN_DLC,https://huggingface.co/qualcomm/YOLOv8-Segmentation,official: Qualcomm AI Hub HF card; device chipset as stated 'Snapdragon® 8 Gen 3 Mobile'; peak memory 2 - 81 MB; compute unit NPU
Qualcomm,Snapdragon® 8 Elite Gen 5 For Galaxy Mobile,,YOLOv8-Segmentation,image-segmentation,640x640,w8a8,latency_ms,0.659,ms,QNN_DLC,https://huggingface.co/qualcomm/YOLOv8-Segmentation,official: Qualcomm AI Hub HF card; device chipset as stated 'Snapdragon® 8 Elite Gen 5 For Galaxy Mobile'; peak memory 1 - 45 MB; compute unit NPU
Qualcomm,Snapdragon® 8 Elite For Galaxy Mobile,,YOLOv8-Segmentation,image-segmentation,640x640,w8a8,latency_ms,0.799,ms,QNN_DLC,https://huggingface.co/qualcomm/YOLOv8-Segmentation,official: Qualcomm AI Hub HF card; device chipset as stated 'Snapdragon® 8 Elite For Galaxy Mobile'; peak memory 1 - 47 MB; compute unit NPU
Qualcomm,Snapdragon® X2 Elite,,YOLOv8-Segmentation,image-segmentation,640x640,w8a8,latency_ms,0.915,ms,QNN_DLC,https://huggingface.co/qualcomm/YOLOv8-Segmentation,official: Qualcomm AI Hub HF card; device chipset as stated 'Snapdragon® X2 Elite'; peak memory 1 - 1 MB; compute unit NPU
Qualcomm,Snapdragon® X Elite,,YOLOv8-Segmentation,image-segmentation,640x640,w8a8,latency_ms,1.798,ms,QNN_DLC,https://huggingface.co/qualcomm/YOLOv8-Segmentation,official: Qualcomm AI Hub HF card; device chipset as stated 'Snapdragon® X Elite'; peak memory 1 - 1 MB; compute unit NPU
Qualcomm,Snapdragon® 8 Gen 3 Mobile,,YOLOv8-Segmentation,image-segmentation,640x640,w8a8,latency_ms,1.078,ms,QNN_DLC,https://huggingface.co/qualcomm/YOLOv8-Segmentation,official: Qualcomm AI Hub HF card; device chipset as stated 'Snapdragon® 8 Gen 3 Mobile'; peak memory 1 - 60 MB; compute unit NPU
Qualcomm,Snapdragon® 8 Elite Gen 5 For Galaxy Mobile,,YOLOv8-Segmentation,image-segmentation,640x640,float,latency_ms,1.891,ms,TFLITE,https://huggingface.co/qualcomm/YOLOv8-Segmentation,official: Qualcomm AI Hub HF card; device chipset as stated 'Snapdragon® 8 Elite Gen 5 For Galaxy Mobile'; peak memory 0 - 77 MB; compute unit NPU
Qualcomm,Snapdragon® 8 Elite For Galaxy Mobile,,YOLOv8-Segmentation,image-segmentation,640x640,float,latency_ms,2.221,ms,TFLITE,https://huggingface.co/qualcomm/YOLOv8-Segmentation,official: Qualcomm AI Hub HF card; device chipset as stated 'Snapdragon® 8 Elite For Galaxy Mobile'; peak memory 0 - 63 MB; compute unit NPU
Qualcomm,Snapdragon® 8 Gen 3 Mobile,,YOLOv8-Segmentation,image-segmentation,640x640,float,latency_ms,2.935,ms,TFLITE,https://huggingface.co/qualcomm/YOLOv8-Segmentation,official: Qualcomm AI Hub HF card; device chipset as stated 'Snapdragon® 8 Gen 3 Mobile'; peak memory 0 - 87 MB; compute unit NPU
Qualcomm,Snapdragon® 8 Elite Gen 5 For Galaxy Mobile,,YOLOv8-Segmentation,image-segmentation,640x640,w8a8,latency_ms,0.666,ms,TFLITE,https://huggingface.co/qualcomm/YOLOv8-Segmentation,official: Qualcomm AI Hub HF card; device chipset as stated 'Snapdragon® 8 Elite Gen 5 For Galaxy Mobile'; peak memory 0 - 44 MB; compute unit NPU
Qualcomm,Snapdragon® 8 Elite For Galaxy Mobile,,YOLOv8-Segmentation,image-segmentation,640x640,w8a8,latency_ms,0.763,ms,TFLITE,https://huggingface.co/qualcomm/YOLOv8-Segmentation,official: Qualcomm AI Hub HF card; device chipset as stated 'Snapdragon® 8 Elite For Galaxy Mobile'; peak memory 0 - 47 MB; compute unit NPU
Qualcomm,Snapdragon® 8 Gen 3 Mobile,,YOLOv8-Segmentation,image-segmentation,640x640,w8a8,latency_ms,1.04,ms,TFLITE,https://huggingface.co/qualcomm/YOLOv8-Segmentation,official: Qualcomm AI Hub HF card; device chipset as stated 'Snapdragon® 8 Gen 3 Mobile'; peak memory 0 - 57 MB; compute unit NPU
Qualcomm,Snapdragon® 8 Elite Gen 5 For Galaxy Mobile,,YOLOv9-Detection,object-detection,640x640,float,latency_ms,3.38,ms,ONNX,https://huggingface.co/qualcomm/YOLOv9-Detection,official: Qualcomm AI Hub HF card; device chipset as stated 'Snapdragon® 8 Elite Gen 5 For Galaxy Mobile'; peak memory 3 - 218 MB; compute unit NPU
Qualcomm,Snapdragon® 8 Elite For Galaxy Mobile,,YOLOv9-Detection,object-detection,640x640,float,latency_ms,3.903,ms,ONNX,https://huggingface.co/qualcomm/YOLOv9-Detection,official: Qualcomm AI Hub HF card; device chipset as stated 'Snapdragon® 8 Elite For Galaxy Mobile'; peak memory 2 - 207 MB; compute unit NPU
Qualcomm,Snapdragon® X2 Elite,,YOLOv9-Detection,object-detection,640x640,float,latency_ms,3.564,ms,ONNX,https://huggingface.co/qualcomm/YOLOv9-Detection,official: Qualcomm AI Hub HF card; device chipset as stated 'Snapdragon® X2 Elite'; peak memory 5 - 5 MB; compute unit NPU
Qualcomm,Snapdragon® X Elite,,YOLOv9-Detection,object-detection,640x640,float,latency_ms,8.658,ms,ONNX,https://huggingface.co/qualcomm/YOLOv9-Detection,official: Qualcomm AI Hub HF card; device chipset as stated 'Snapdragon® X Elite'; peak memory 5 - 5 MB; compute unit NPU
Qualcomm,Snapdragon® 8 Gen 3 Mobile,,YOLOv9-Detection,object-detection,640x640,float,latency_ms,6.869,ms,ONNX,https://huggingface.co/qualcomm/YOLOv9-Detection,official: Qualcomm AI Hub HF card; device chipset as stated 'Snapdragon® 8 Gen 3 Mobile'; peak memory 5 - 244 MB; compute unit NPU
Qualcomm,Snapdragon® 8 Elite Gen 5 For Galaxy Mobile,,YOLOv9-Detection,object-detection,640x640,w8a16,latency_ms,100.89,ms,ONNX,https://huggingface.co/qualcomm/YOLOv9-Detection,official: Qualcomm AI Hub HF card; device chipset as stated 'Snapdragon® 8 Elite Gen 5 For Galaxy Mobile'; peak memory 2 - 141 MB; compute unit NPU
Qualcomm,Snapdragon® 8 Elite For Galaxy Mobile,,YOLOv9-Detection,object-detection,640x640,w8a16,latency_ms,115.028,ms,ONNX,https://huggingface.co/qualcomm/YOLOv9-Detection,official: Qualcomm AI Hub HF card; device chipset as stated 'Snapdragon® 8 Elite For Galaxy Mobile'; peak memory 0 - 134 MB; compute unit NPU
Qualcomm,Snapdragon® X2 Elite,,YOLOv9-Detection,object-detection,640x640,w8a16,latency_ms,101.818,ms,ONNX,https://huggingface.co/qualcomm/YOLOv9-Detection,official: Qualcomm AI Hub HF card; device chipset as stated 'Snapdragon® X2 Elite'; peak memory 2 - 2 MB; compute unit NPU
Qualcomm,Snapdragon® X Elite,,YOLOv9-Detection,object-detection,640x640,w8a16,latency_ms,312.592,ms,ONNX,https://huggingface.co/qualcomm/YOLOv9-Detection,official: Qualcomm AI Hub HF card; device chipset as stated 'Snapdragon® X Elite'; peak memory 1 - 1 MB; compute unit NPU
Qualcomm,Snapdragon® 8 Gen 3 Mobile,,YOLOv9-Detection,object-detection,640x640,w8a16,latency_ms,226.602,ms,ONNX,https://huggingface.co/qualcomm/YOLOv9-Detection,official: Qualcomm AI Hub HF card; device chipset as stated 'Snapdragon® 8 Gen 3 Mobile'; peak memory 3 - 165 MB; compute unit NPU
Qualcomm,Snapdragon® 8 Elite Gen 5 For Galaxy Mobile,,YOLOv9-Detection,object-detection,640x640,w8a8,latency_ms,110.62,ms,ONNX,https://huggingface.co/qualcomm/YOLOv9-Detection,official: Qualcomm AI Hub HF card; device chipset as stated 'Snapdragon® 8 Elite Gen 5 For Galaxy Mobile'; peak memory 0 - 105 MB; compute unit NPU
Qualcomm,Snapdragon® 8 Elite For Galaxy Mobile,,YOLOv9-Detection,object-detection,640x640,w8a8,latency_ms,140.926,ms,ONNX,https://huggingface.co/qualcomm/YOLOv9-Detection,official: Qualcomm AI Hub HF card; device chipset as stated 'Snapdragon® 8 Elite For Galaxy Mobile'; peak memory 2 - 105 MB; compute unit NPU
Qualcomm,Snapdragon® X2 Elite,,YOLOv9-Detection,object-detection,640x640,w8a8,latency_ms,110.861,ms,ONNX,https://huggingface.co/qualcomm/YOLOv9-Detection,official: Qualcomm AI Hub HF card; device chipset as stated 'Snapdragon® X2 Elite'; peak memory 1 - 1 MB; compute unit NPU
Qualcomm,Snapdragon® X Elite,,YOLOv9-Detection,object-detection,640x640,w8a8,latency_ms,188.205,ms,ONNX,https://huggingface.co/qualcomm/YOLOv9-Detection,official: Qualcomm AI Hub HF card; device chipset as stated 'Snapdragon® X Elite'; peak memory 0 - 0 MB; compute unit NPU
Qualcomm,Snapdragon® 8 Gen 3 Mobile,,YOLOv9-Detection,object-detection,640x640,w8a8,latency_ms,136.129,ms,ONNX,https://huggingface.co/qualcomm/YOLOv9-Detection,official: Qualcomm AI Hub HF card; device chipset as stated 'Snapdragon® 8 Gen 3 Mobile'; peak memory 2 - 126 MB; compute unit NPU
Qualcomm,Snapdragon® 8 Elite Gen 5 For Galaxy Mobile,,YOLOv9-Detection,object-detection,640x640,float,latency_ms,2.682,ms,QNN_DLC,https://huggingface.co/qualcomm/YOLOv9-Detection,official: Qualcomm AI Hub HF card; device chipset as stated 'Snapdragon® 8 Elite Gen 5 For Galaxy Mobile'; peak memory 3 - 195 MB; compute unit NPU
Qualcomm,Snapdragon® 8 Elite For Galaxy Mobile,,YOLOv9-Detection,object-detection,640x640,float,latency_ms,3.265,ms,QNN_DLC,https://huggingface.co/qualcomm/YOLOv9-Detection,official: Qualcomm AI Hub HF card; device chipset as stated 'Snapdragon® 8 Elite For Galaxy Mobile'; peak memory 5 - 196 MB; compute unit NPU
Qualcomm,Snapdragon® X2 Elite,,YOLOv9-Detection,object-detection,640x640,float,latency_ms,3.592,ms,QNN_DLC,https://huggingface.co/qualcomm/YOLOv9-Detection,official: Qualcomm AI Hub HF card; device chipset as stated 'Snapdragon® X2 Elite'; peak memory 5 - 5 MB; compute unit NPU
Qualcomm,Snapdragon® X Elite,,YOLOv9-Detection,object-detection,640x640,float,latency_ms,8.463,ms,QNN_DLC,https://huggingface.co/qualcomm/YOLOv9-Detection,official: Qualcomm AI Hub HF card; device chipset as stated 'Snapdragon® X Elite'; peak memory 5 - 5 MB; compute unit NPU
Qualcomm,Snapdragon® 8 Gen 3 Mobile,,YOLOv9-Detection,object-detection,640x640,float,latency_ms,5.93,ms,QNN_DLC,https://huggingface.co/qualcomm/YOLOv9-Detection,official: Qualcomm AI Hub HF card; device chipset as stated 'Snapdragon® 8 Gen 3 Mobile'; peak memory 5 - 222 MB; compute unit NPU
Qualcomm,Snapdragon® 8 Elite Gen 5 For Galaxy Mobile,,YOLOv9-Detection,object-detection,640x640,w8a16,latency_ms,80.199,ms,QNN_DLC,https://huggingface.co/qualcomm/YOLOv9-Detection,official: Qualcomm AI Hub HF card; device chipset as stated 'Snapdragon® 8 Elite Gen 5 For Galaxy Mobile'; peak memory 2 - 104 MB; compute unit NPU
Qualcomm,Snapdragon® 8 Elite For Galaxy Mobile,,YOLOv9-Detection,object-detection,640x640,w8a16,latency_ms,114.627,ms,QNN_DLC,https://huggingface.co/qualcomm/YOLOv9-Detection,official: Qualcomm AI Hub HF card; device chipset as stated 'Snapdragon® 8 Elite For Galaxy Mobile'; peak memory 2 - 96 MB; compute unit NPU
Qualcomm,Snapdragon® X2 Elite,,YOLOv9-Detection,object-detection,640x640,w8a16,latency_ms,80.453,ms,QNN_DLC,https://huggingface.co/qualcomm/YOLOv9-Detection,official: Qualcomm AI Hub HF card; device chipset as stated 'Snapdragon® X2 Elite'; peak memory 2 - 2 MB; compute unit NPU
Qualcomm,Snapdragon® X Elite,,YOLOv9-Detection,object-detection,640x640,w8a16,latency_ms,223.994,ms,QNN_DLC,https://huggingface.co/qualcomm/YOLOv9-Detection,official: Qualcomm AI Hub HF card; device chipset as stated 'Snapdragon® X Elite'; peak memory 2 - 2 MB; compute unit NPU
Qualcomm,Snapdragon® 8 Gen 3 Mobile,,YOLOv9-Detection,object-detection,640x640,w8a16,latency_ms,157.236,ms,QNN_DLC,https://huggingface.co/qualcomm/YOLOv9-Detection,official: Qualcomm AI Hub HF card; device chipset as stated 'Snapdragon® 8 Gen 3 Mobile'; peak memory 2 - 126 MB; compute unit NPU
Qualcomm,Snapdragon® 8 Elite Gen 5 For Galaxy Mobile,,YOLOv9-Detection,object-detection,640x640,w8a8,latency_ms,110.45,ms,QNN_DLC,https://huggingface.co/qualcomm/YOLOv9-Detection,official: Qualcomm AI Hub HF card; device chipset as stated 'Snapdragon® 8 Elite Gen 5 For Galaxy Mobile'; peak memory 1 - 67 MB; compute unit NPU
Qualcomm,Snapdragon® 8 Elite For Galaxy Mobile,,YOLOv9-Detection,object-detection,640x640,w8a8,latency_ms,130.677,ms,QNN_DLC,https://huggingface.co/qualcomm/YOLOv9-Detection,official: Qualcomm AI Hub HF card; device chipset as stated 'Snapdragon® 8 Elite For Galaxy Mobile'; peak memory 2 - 67 MB; compute unit NPU
Qualcomm,Snapdragon® X2 Elite,,YOLOv9-Detection,object-detection,640x640,w8a8,latency_ms,100.558,ms,QNN_DLC,https://huggingface.co/qualcomm/YOLOv9-Detection,official: Qualcomm AI Hub HF card; device chipset as stated 'Snapdragon® X2 Elite'; peak memory 1 - 1 MB; compute unit NPU
Qualcomm,Snapdragon® X Elite,,YOLOv9-Detection,object-detection,640x640,w8a8,latency_ms,176.107,ms,QNN_DLC,https://huggingface.co/qualcomm/YOLOv9-Detection,official: Qualcomm AI Hub HF card; device chipset as stated 'Snapdragon® X Elite'; peak memory 1 - 1 MB; compute unit NPU
Qualcomm,Snapdragon® 8 Gen 3 Mobile,,YOLOv9-Detection,object-detection,640x640,w8a8,latency_ms,136.208,ms,QNN_DLC,https://huggingface.co/qualcomm/YOLOv9-Detection,official: Qualcomm AI Hub HF card; device chipset as stated 'Snapdragon® 8 Gen 3 Mobile'; peak memory 1 - 84 MB; compute unit NPU
Qualcomm,Snapdragon® 8 Elite Gen 5 For Galaxy Mobile,,YOLOv9-Detection,object-detection,640x640,float,latency_ms,2.404,ms,TFLITE,https://huggingface.co/qualcomm/YOLOv9-Detection,official: Qualcomm AI Hub HF card; device chipset as stated 'Snapdragon® 8 Elite Gen 5 For Galaxy Mobile'; peak memory 0 - 81 MB; compute unit NPU
Qualcomm,Snapdragon® 8 Elite For Galaxy Mobile,,YOLOv9-Detection,object-detection,640x640,float,latency_ms,2.923,ms,TFLITE,https://huggingface.co/qualcomm/YOLOv9-Detection,official: Qualcomm AI Hub HF card; device chipset as stated 'Snapdragon® 8 Elite For Galaxy Mobile'; peak memory 0 - 87 MB; compute unit NPU
Qualcomm,Snapdragon® 8 Gen 3 Mobile,,YOLOv9-Detection,object-detection,640x640,float,latency_ms,5.497,ms,TFLITE,https://huggingface.co/qualcomm/YOLOv9-Detection,official: Qualcomm AI Hub HF card; device chipset as stated 'Snapdragon® 8 Gen 3 Mobile'; peak memory 0 - 112 MB; compute unit NPU
Qualcomm,Snapdragon® 8 Elite Gen 5 For Galaxy Mobile,,YOLOv9-Detection,object-detection,640x640,w8a8,latency_ms,100.529,ms,TFLITE,https://huggingface.co/qualcomm/YOLOv9-Detection,official: Qualcomm AI Hub HF card; device chipset as stated 'Snapdragon® 8 Elite Gen 5 For Galaxy Mobile'; peak memory 0 - 64 MB; compute unit NPU
Qualcomm,Snapdragon® 8 Elite For Galaxy Mobile,,YOLOv9-Detection,object-detection,640x640,w8a8,latency_ms,140.774,ms,TFLITE,https://huggingface.co/qualcomm/YOLOv9-Detection,official: Qualcomm AI Hub HF card; device chipset as stated 'Snapdragon® 8 Elite For Galaxy Mobile'; peak memory 0 - 63 MB; compute unit NPU
Qualcomm,Snapdragon® 8 Gen 3 Mobile,,YOLOv9-Detection,object-detection,640x640,w8a8,latency_ms,136.575,ms,TFLITE,https://huggingface.co/qualcomm/YOLOv9-Detection,official: Qualcomm AI Hub HF card; device chipset as stated 'Snapdragon® 8 Gen 3 Mobile'; peak memory 0 - 80 MB; compute unit NPU
Qualcomm,Snapdragon® 8 Elite Gen 5 For Galaxy Mobile,,Yolo-X,object-detection,640x640,float,latency_ms,6.335,ms,ONNX,https://huggingface.co/qualcomm/Yolo-X,official: Qualcomm AI Hub HF card; device chipset as stated 'Snapdragon® 8 Elite Gen 5 For Galaxy Mobile'; peak memory 0 - 159 MB; compute unit NPU
Qualcomm,Snapdragon® 8 Elite For Galaxy Mobile,,Yolo-X,object-detection,640x640,float,latency_ms,7.58,ms,ONNX,https://huggingface.co/qualcomm/Yolo-X,official: Qualcomm AI Hub HF card; device chipset as stated 'Snapdragon® 8 Elite For Galaxy Mobile'; peak memory 0 - 154 MB; compute unit NPU
Qualcomm,Snapdragon® X2 Elite,,Yolo-X,object-detection,640x640,float,latency_ms,7.722,ms,ONNX,https://huggingface.co/qualcomm/Yolo-X,official: Qualcomm AI Hub HF card; device chipset as stated 'Snapdragon® X2 Elite'; peak memory 5 - 5 MB; compute unit NPU
Qualcomm,Snapdragon® X Elite,,Yolo-X,object-detection,640x640,float,latency_ms,13.643,ms,ONNX,https://huggingface.co/qualcomm/Yolo-X,official: Qualcomm AI Hub HF card; device chipset as stated 'Snapdragon® X Elite'; peak memory 14 - 14 MB; compute unit NPU
Qualcomm,Snapdragon® 8 Gen 3 Mobile,,Yolo-X,object-detection,640x640,float,latency_ms,9.082,ms,ONNX,https://huggingface.co/qualcomm/Yolo-X,official: Qualcomm AI Hub HF card; device chipset as stated 'Snapdragon® 8 Gen 3 Mobile'; peak memory 2 - 177 MB; compute unit NPU
Qualcomm,Snapdragon® 8 Elite Gen 5 For Galaxy Mobile,,Yolo-X,object-detection,640x640,w8a16,latency_ms,10.792,ms,ONNX,https://huggingface.co/qualcomm/Yolo-X,official: Qualcomm AI Hub HF card; device chipset as stated 'Snapdragon® 8 Elite Gen 5 For Galaxy Mobile'; peak memory 1 - 203 MB; compute unit NPU
Qualcomm,Snapdragon® 8 Elite For Galaxy Mobile,,Yolo-X,object-detection,640x640,w8a16,latency_ms,8.721,ms,ONNX,https://huggingface.co/qualcomm/Yolo-X,official: Qualcomm AI Hub HF card; device chipset as stated 'Snapdragon® 8 Elite For Galaxy Mobile'; peak memory 0 - 197 MB; compute unit NPU
Qualcomm,Snapdragon® X2 Elite,,Yolo-X,object-detection,640x640,w8a16,latency_ms,11.118,ms,ONNX,https://huggingface.co/qualcomm/Yolo-X,official: Qualcomm AI Hub HF card; device chipset as stated 'Snapdragon® X2 Elite'; peak memory 2 - 2 MB; compute unit NPU
Qualcomm,Snapdragon® X Elite,,Yolo-X,object-detection,640x640,w8a16,latency_ms,14.517,ms,ONNX,https://huggingface.co/qualcomm/Yolo-X,official: Qualcomm AI Hub HF card; device chipset as stated 'Snapdragon® X Elite'; peak memory 7 - 7 MB; compute unit NPU
Qualcomm,Snapdragon® 8 Gen 3 Mobile,,Yolo-X,object-detection,640x640,w8a16,latency_ms,9.916,ms,ONNX,https://huggingface.co/qualcomm/Yolo-X,official: Qualcomm AI Hub HF card; device chipset as stated 'Snapdragon® 8 Gen 3 Mobile'; peak memory 3 - 232 MB; compute unit NPU
Qualcomm,Snapdragon® 8 Elite Gen 5 For Galaxy Mobile,,Yolo-X,object-detection,640x640,w8a8,latency_ms,8.069,ms,ONNX,https://huggingface.co/qualcomm/Yolo-X,official: Qualcomm AI Hub HF card; device chipset as stated 'Snapdragon® 8 Elite Gen 5 For Galaxy Mobile'; peak memory 0 - 59 MB; compute unit NPU
Qualcomm,Snapdragon® 8 Elite For Galaxy Mobile,,Yolo-X,object-detection,640x640,w8a8,latency_ms,5.772,ms,ONNX,https://huggingface.co/qualcomm/Yolo-X,official: Qualcomm AI Hub HF card; device chipset as stated 'Snapdragon® 8 Elite For Galaxy Mobile'; peak memory 1 - 65 MB; compute unit NPU
Qualcomm,Snapdragon® X2 Elite,,Yolo-X,object-detection,640x640,w8a8,latency_ms,8.151,ms,ONNX,https://huggingface.co/qualcomm/Yolo-X,official: Qualcomm AI Hub HF card; device chipset as stated 'Snapdragon® X2 Elite'; peak memory 1 - 1 MB; compute unit NPU
Qualcomm,Snapdragon® X Elite,,Yolo-X,object-detection,640x640,w8a8,latency_ms,8.824,ms,ONNX,https://huggingface.co/qualcomm/Yolo-X,official: Qualcomm AI Hub HF card; device chipset as stated 'Snapdragon® X Elite'; peak memory 8 - 8 MB; compute unit NPU
Qualcomm,Snapdragon® 8 Gen 3 Mobile,,Yolo-X,object-detection,640x640,w8a8,latency_ms,6.146,ms,ONNX,https://huggingface.co/qualcomm/Yolo-X,official: Qualcomm AI Hub HF card; device chipset as stated 'Snapdragon® 8 Gen 3 Mobile'; peak memory 1 - 91 MB; compute unit NPU
Qualcomm,Snapdragon® 8 Elite Gen 5 For Galaxy Mobile,,Yolo-X,object-detection,640x640,w8a8_mixed_int16,latency_ms,22.573,ms,ONNX,https://huggingface.co/qualcomm/Yolo-X,official: Qualcomm AI Hub HF card; device chipset as stated 'Snapdragon® 8 Elite Gen 5 For Galaxy Mobile'; peak memory 6 - 661 MB; compute unit NPU
Qualcomm,Snapdragon® 8 Elite For Galaxy Mobile,,Yolo-X,object-detection,640x640,w8a8_mixed_int16,latency_ms,20.118,ms,ONNX,https://huggingface.co/qualcomm/Yolo-X,official: Qualcomm AI Hub HF card; device chipset as stated 'Snapdragon® 8 Elite For Galaxy Mobile'; peak memory 6 - 643 MB; compute unit NPU
Qualcomm,Snapdragon® X2 Elite,,Yolo-X,object-detection,640x640,w8a8_mixed_int16,latency_ms,23.78,ms,ONNX,https://huggingface.co/qualcomm/Yolo-X,official: Qualcomm AI Hub HF card; device chipset as stated 'Snapdragon® X2 Elite'; peak memory 7 - 7 MB; compute unit NPU
Qualcomm,Snapdragon® X Elite,,Yolo-X,object-detection,640x640,w8a8_mixed_int16,latency_ms,29.36,ms,ONNX,https://huggingface.co/qualcomm/Yolo-X,official: Qualcomm AI Hub HF card; device chipset as stated 'Snapdragon® X Elite'; peak memory 18 - 18 MB; compute unit NPU
Qualcomm,Snapdragon® 8 Gen 3 Mobile,,Yolo-X,object-detection,640x640,w8a8_mixed_int16,latency_ms,21.754,ms,ONNX,https://huggingface.co/qualcomm/Yolo-X,official: Qualcomm AI Hub HF card; device chipset as stated 'Snapdragon® 8 Gen 3 Mobile'; peak memory 6 - 681 MB; compute unit NPU
Qualcomm,Snapdragon® 8 Elite Gen 5 For Galaxy Mobile,,Yolo-X,object-detection,640x640,float,latency_ms,3.242,ms,QNN_DLC,https://huggingface.co/qualcomm/Yolo-X,official: Qualcomm AI Hub HF card; device chipset as stated 'Snapdragon® 8 Elite Gen 5 For Galaxy Mobile'; peak memory 3 - 156 MB; compute unit NPU
Qualcomm,Snapdragon® 8 Elite For Galaxy Mobile,,Yolo-X,object-detection,640x640,float,latency_ms,3.789,ms,QNN_DLC,https://huggingface.co/qualcomm/Yolo-X,official: Qualcomm AI Hub HF card; device chipset as stated 'Snapdragon® 8 Elite For Galaxy Mobile'; peak memory 0 - 153 MB; compute unit NPU
Qualcomm,Snapdragon® X2 Elite,,Yolo-X,object-detection,640x640,float,latency_ms,4.104,ms,QNN_DLC,https://huggingface.co/qualcomm/Yolo-X,official: Qualcomm AI Hub HF card; device chipset as stated 'Snapdragon® X2 Elite'; peak memory 5 - 5 MB; compute unit NPU
Qualcomm,Snapdragon® X Elite,,Yolo-X,object-detection,640x640,float,latency_ms,7.322,ms,QNN_DLC,https://huggingface.co/qualcomm/Yolo-X,official: Qualcomm AI Hub HF card; device chipset as stated 'Snapdragon® X Elite'; peak memory 5 - 5 MB; compute unit NPU
Qualcomm,Snapdragon® 8 Gen 3 Mobile,,Yolo-X,object-detection,640x640,float,latency_ms,4.855,ms,QNN_DLC,https://huggingface.co/qualcomm/Yolo-X,official: Qualcomm AI Hub HF card; device chipset as stated 'Snapdragon® 8 Gen 3 Mobile'; peak memory 5 - 178 MB; compute unit NPU
Qualcomm,Snapdragon® 8 Elite Gen 5 For Galaxy Mobile,,Yolo-X,object-detection,640x640,w8a16,latency_ms,1.943,ms,QNN_DLC,https://huggingface.co/qualcomm/Yolo-X,official: Qualcomm AI Hub HF card; device chipset as stated 'Snapdragon® 8 Elite Gen 5 For Galaxy Mobile'; peak memory 2 - 82 MB; compute unit NPU
Qualcomm,Snapdragon® 8 Elite For Galaxy Mobile,,Yolo-X,object-detection,640x640,w8a16,latency_ms,2.477,ms,QNN_DLC,https://huggingface.co/qualcomm/Yolo-X,official: Qualcomm AI Hub HF card; device chipset as stated 'Snapdragon® 8 Elite For Galaxy Mobile'; peak memory 2 - 78 MB; compute unit NPU
Qualcomm,Snapdragon® X2 Elite,,Yolo-X,object-detection,640x640,w8a16,latency_ms,2.552,ms,QNN_DLC,https://huggingface.co/qualcomm/Yolo-X,official: Qualcomm AI Hub HF card; device chipset as stated 'Snapdragon® X2 Elite'; peak memory 2 - 2 MB; compute unit NPU
Qualcomm,Snapdragon® X Elite,,Yolo-X,object-detection,640x640,w8a16,latency_ms,5.963,ms,QNN_DLC,https://huggingface.co/qualcomm/Yolo-X,official: Qualcomm AI Hub HF card; device chipset as stated 'Snapdragon® X Elite'; peak memory 2 - 2 MB; compute unit NPU
Qualcomm,Snapdragon® 8 Gen 3 Mobile,,Yolo-X,object-detection,640x640,w8a16,latency_ms,3.568,ms,QNN_DLC,https://huggingface.co/qualcomm/Yolo-X,official: Qualcomm AI Hub HF card; device chipset as stated 'Snapdragon® 8 Gen 3 Mobile'; peak memory 2 - 108 MB; compute unit NPU
Qualcomm,Snapdragon® 8 Elite Gen 5 For Galaxy Mobile,,Yolo-X,object-detection,640x640,w8a8,latency_ms,0.91,ms,QNN_DLC,https://huggingface.co/qualcomm/Yolo-X,official: Qualcomm AI Hub HF card; device chipset as stated 'Snapdragon® 8 Elite Gen 5 For Galaxy Mobile'; peak memory 1 - 51 MB; compute unit NPU
Qualcomm,Snapdragon® 8 Elite For Galaxy Mobile,,Yolo-X,object-detection,640x640,w8a8,latency_ms,1.16,ms,QNN_DLC,https://huggingface.co/qualcomm/Yolo-X,official: Qualcomm AI Hub HF card; device chipset as stated 'Snapdragon® 8 Elite For Galaxy Mobile'; peak memory 0 - 51 MB; compute unit NPU
Qualcomm,Snapdragon® X2 Elite,,Yolo-X,object-detection,640x640,w8a8,latency_ms,1.292,ms,QNN_DLC,https://huggingface.co/qualcomm/Yolo-X,official: Qualcomm AI Hub HF card; device chipset as stated 'Snapdragon® X2 Elite'; peak memory 1 - 1 MB; compute unit NPU
Qualcomm,Snapdragon® X Elite,,Yolo-X,object-detection,640x640,w8a8,latency_ms,2.702,ms,QNN_DLC,https://huggingface.co/qualcomm/Yolo-X,official: Qualcomm AI Hub HF card; device chipset as stated 'Snapdragon® X Elite'; peak memory 1 - 1 MB; compute unit NPU
Qualcomm,Snapdragon® 8 Gen 3 Mobile,,Yolo-X,object-detection,640x640,w8a8,latency_ms,1.593,ms,QNN_DLC,https://huggingface.co/qualcomm/Yolo-X,official: Qualcomm AI Hub HF card; device chipset as stated 'Snapdragon® 8 Gen 3 Mobile'; peak memory 1 - 74 MB; compute unit NPU
Qualcomm,Snapdragon® 8 Elite Gen 5 For Galaxy Mobile,,Yolo-X,object-detection,640x640,float,latency_ms,3.224,ms,TFLITE,https://huggingface.co/qualcomm/Yolo-X,official: Qualcomm AI Hub HF card; device chipset as stated 'Snapdragon® 8 Elite Gen 5 For Galaxy Mobile'; peak memory 0 - 168 MB; compute unit NPU
Qualcomm,Snapdragon® 8 Elite For Galaxy Mobile,,Yolo-X,object-detection,640x640,float,latency_ms,3.797,ms,TFLITE,https://huggingface.co/qualcomm/Yolo-X,official: Qualcomm AI Hub HF card; device chipset as stated 'Snapdragon® 8 Elite For Galaxy Mobile'; peak memory 0 - 166 MB; compute unit NPU
Qualcomm,Snapdragon® 8 Gen 3 Mobile,,Yolo-X,object-detection,640x640,float,latency_ms,4.87,ms,TFLITE,https://huggingface.co/qualcomm/Yolo-X,official: Qualcomm AI Hub HF card; device chipset as stated 'Snapdragon® 8 Gen 3 Mobile'; peak memory 0 - 186 MB; compute unit NPU
Qualcomm,Snapdragon® 8 Elite Gen 5 For Galaxy Mobile,,Yolo-X,object-detection,640x640,w8a8,latency_ms,0.909,ms,TFLITE,https://huggingface.co/qualcomm/Yolo-X,official: Qualcomm AI Hub HF card; device chipset as stated 'Snapdragon® 8 Elite Gen 5 For Galaxy Mobile'; peak memory 0 - 48 MB; compute unit NPU
Qualcomm,Snapdragon® 8 Elite For Galaxy Mobile,,Yolo-X,object-detection,640x640,w8a8,latency_ms,1.166,ms,TFLITE,https://huggingface.co/qualcomm/Yolo-X,official: Qualcomm AI Hub HF card; device chipset as stated 'Snapdragon® 8 Elite For Galaxy Mobile'; peak memory 0 - 53 MB; compute unit NPU
Qualcomm,Snapdragon® 8 Gen 3 Mobile,,Yolo-X,object-detection,640x640,w8a8,latency_ms,1.584,ms,TFLITE,https://huggingface.co/qualcomm/Yolo-X,official: Qualcomm AI Hub HF card; device chipset as stated 'Snapdragon® 8 Gen 3 Mobile'; peak memory 0 - 74 MB; compute unit NPU
Qualcomm,Snapdragon® 8 Elite Gen 5 For Galaxy Mobile,,Yolo-v6,object-detection,640x640,float,latency_ms,4.003,ms,ONNX,https://huggingface.co/qualcomm/Yolo-v6,official: Qualcomm AI Hub HF card; device chipset as stated 'Snapdragon® 8 Elite Gen 5 For Galaxy Mobile'; peak memory 3 - 181 MB; compute unit NPU
Qualcomm,Snapdragon® 8 Elite For Galaxy Mobile,,Yolo-v6,object-detection,640x640,float,latency_ms,4.387,ms,ONNX,https://huggingface.co/qualcomm/Yolo-v6,official: Qualcomm AI Hub HF card; device chipset as stated 'Snapdragon® 8 Elite For Galaxy Mobile'; peak memory 0 - 176 MB; compute unit NPU
Qualcomm,Snapdragon® X2 Elite,,Yolo-v6,object-detection,640x640,float,latency_ms,3.911,ms,ONNX,https://huggingface.co/qualcomm/Yolo-v6,official: Qualcomm AI Hub HF card; device chipset as stated 'Snapdragon® X2 Elite'; peak memory 5 - 5 MB; compute unit NPU
Qualcomm,Snapdragon® X Elite,,Yolo-v6,object-detection,640x640,float,latency_ms,8.633,ms,ONNX,https://huggingface.co/qualcomm/Yolo-v6,official: Qualcomm AI Hub HF card; device chipset as stated 'Snapdragon® X Elite'; peak memory 8 - 8 MB; compute unit NPU
Qualcomm,Snapdragon® 8 Gen 3 Mobile,,Yolo-v6,object-detection,640x640,float,latency_ms,5.209,ms,ONNX,https://huggingface.co/qualcomm/Yolo-v6,official: Qualcomm AI Hub HF card; device chipset as stated 'Snapdragon® 8 Gen 3 Mobile'; peak memory 5 - 210 MB; compute unit NPU
Qualcomm,Snapdragon® 8 Elite Gen 5 For Galaxy Mobile,,Yolo-v6,object-detection,640x640,float,latency_ms,3.296,ms,QNN_DLC,https://huggingface.co/qualcomm/Yolo-v6,official: Qualcomm AI Hub HF card; device chipset as stated 'Snapdragon® 8 Elite Gen 5 For Galaxy Mobile'; peak memory 5 - 174 MB; compute unit NPU
Qualcomm,Snapdragon® 8 Elite For Galaxy Mobile,,Yolo-v6,object-detection,640x640,float,latency_ms,3.929,ms,QNN_DLC,https://huggingface.co/qualcomm/Yolo-v6,official: Qualcomm AI Hub HF card; device chipset as stated 'Snapdragon® 8 Elite For Galaxy Mobile'; peak memory 0 - 167 MB; compute unit NPU
Qualcomm,Snapdragon® X2 Elite,,Yolo-v6,object-detection,640x640,float,latency_ms,3.733,ms,QNN_DLC,https://huggingface.co/qualcomm/Yolo-v6,official: Qualcomm AI Hub HF card; device chipset as stated 'Snapdragon® X2 Elite'; peak memory 5 - 5 MB; compute unit NPU
Qualcomm,Snapdragon® X Elite,,Yolo-v6,object-detection,640x640,float,latency_ms,6.979,ms,QNN_DLC,https://huggingface.co/qualcomm/Yolo-v6,official: Qualcomm AI Hub HF card; device chipset as stated 'Snapdragon® X Elite'; peak memory 5 - 5 MB; compute unit NPU
Qualcomm,Snapdragon® 8 Gen 3 Mobile,,Yolo-v6,object-detection,640x640,float,latency_ms,4.247,ms,QNN_DLC,https://huggingface.co/qualcomm/Yolo-v6,official: Qualcomm AI Hub HF card; device chipset as stated 'Snapdragon® 8 Gen 3 Mobile'; peak memory 5 - 194 MB; compute unit NPU
Qualcomm,Snapdragon® 8 Elite Gen 5 For Galaxy Mobile,,Yolo-v6,object-detection,640x640,w8a16,latency_ms,1.348,ms,QNN_DLC,https://huggingface.co/qualcomm/Yolo-v6,official: Qualcomm AI Hub HF card; device chipset as stated 'Snapdragon® 8 Elite Gen 5 For Galaxy Mobile'; peak memory 0 - 68 MB; compute unit NPU
Qualcomm,Snapdragon® 8 Elite For Galaxy Mobile,,Yolo-v6,object-detection,640x640,w8a16,latency_ms,1.731,ms,QNN_DLC,https://huggingface.co/qualcomm/Yolo-v6,official: Qualcomm AI Hub HF card; device chipset as stated 'Snapdragon® 8 Elite For Galaxy Mobile'; peak memory 2 - 67 MB; compute unit NPU
Qualcomm,Snapdragon® X2 Elite,,Yolo-v6,object-detection,640x640,w8a16,latency_ms,1.814,ms,QNN_DLC,https://huggingface.co/qualcomm/Yolo-v6,official: Qualcomm AI Hub HF card; device chipset as stated 'Snapdragon® X2 Elite'; peak memory 2 - 2 MB; compute unit NPU
Qualcomm,Snapdragon® X Elite,,Yolo-v6,object-detection,640x640,w8a16,latency_ms,3.982,ms,QNN_DLC,https://huggingface.co/qualcomm/Yolo-v6,official: Qualcomm AI Hub HF card; device chipset as stated 'Snapdragon® X Elite'; peak memory 2 - 2 MB; compute unit NPU
Qualcomm,Snapdragon® 8 Gen 3 Mobile,,Yolo-v6,object-detection,640x640,w8a16,latency_ms,2.3,ms,QNN_DLC,https://huggingface.co/qualcomm/Yolo-v6,official: Qualcomm AI Hub HF card; device chipset as stated 'Snapdragon® 8 Gen 3 Mobile'; peak memory 0 - 86 MB; compute unit NPU
Qualcomm,Snapdragon® 8 Elite Gen 5 For Galaxy Mobile,,Yolo-v6,object-detection,640x640,float,latency_ms,3.268,ms,TFLITE,https://huggingface.co/qualcomm/Yolo-v6,official: Qualcomm AI Hub HF card; device chipset as stated 'Snapdragon® 8 Elite Gen 5 For Galaxy Mobile'; peak memory 0 - 178 MB; compute unit NPU
Qualcomm,Snapdragon® 8 Elite For Galaxy Mobile,,Yolo-v6,object-detection,640x640,float,latency_ms,3.985,ms,TFLITE,https://huggingface.co/qualcomm/Yolo-v6,official: Qualcomm AI Hub HF card; device chipset as stated 'Snapdragon® 8 Elite For Galaxy Mobile'; peak memory 0 - 170 MB; compute unit NPU
Qualcomm,Snapdragon® 8 Gen 3 Mobile,,Yolo-v6,object-detection,640x640,float,latency_ms,4.374,ms,TFLITE,https://huggingface.co/qualcomm/Yolo-v6,official: Qualcomm AI Hub HF card; device chipset as stated 'Snapdragon® 8 Gen 3 Mobile'; peak memory 0 - 202 MB; compute unit NPU
Qualcomm,Snapdragon® 8 Elite Gen 5 For Galaxy Mobile,,Yolo-v7,object-detection,640x640,float,latency_ms,7.866,ms,ONNX,https://huggingface.co/qualcomm/Yolo-v7,official: Qualcomm AI Hub HF card; device chipset as stated 'Snapdragon® 8 Elite Gen 5 For Galaxy Mobile'; peak memory 3 - 168 MB; compute unit NPU
Qualcomm,Snapdragon® 8 Elite For Galaxy Mobile,,Yolo-v7,object-detection,640x640,float,latency_ms,7.851,ms,ONNX,https://huggingface.co/qualcomm/Yolo-v7,official: Qualcomm AI Hub HF card; device chipset as stated 'Snapdragon® 8 Elite For Galaxy Mobile'; peak memory 1 - 156 MB; compute unit NPU
Qualcomm,Snapdragon® X2 Elite,,Yolo-v7,object-detection,640x640,float,latency_ms,6.923,ms,ONNX,https://huggingface.co/qualcomm/Yolo-v7,official: Qualcomm AI Hub HF card; device chipset as stated 'Snapdragon® X2 Elite'; peak memory 5 - 5 MB; compute unit NPU
Qualcomm,Snapdragon® X Elite,,Yolo-v7,object-detection,640x640,float,latency_ms,10.779,ms,ONNX,https://huggingface.co/qualcomm/Yolo-v7,official: Qualcomm AI Hub HF card; device chipset as stated 'Snapdragon® X Elite'; peak memory 9 - 9 MB; compute unit NPU
Qualcomm,Snapdragon® 8 Gen 3 Mobile,,Yolo-v7,object-detection,640x640,float,latency_ms,7.641,ms,ONNX,https://huggingface.co/qualcomm/Yolo-v7,official: Qualcomm AI Hub HF card; device chipset as stated 'Snapdragon® 8 Gen 3 Mobile'; peak memory 6 - 183 MB; compute unit NPU
Qualcomm,Snapdragon® 8 Elite Gen 5 For Galaxy Mobile,,Yolo-v7,object-detection,640x640,w8a16,latency_ms,1.672,ms,ONNX,https://huggingface.co/qualcomm/Yolo-v7,official: Qualcomm AI Hub HF card; device chipset as stated 'Snapdragon® 8 Elite Gen 5 For Galaxy Mobile'; peak memory 0 - 185 MB; compute unit NPU
Qualcomm,Snapdragon® 8 Elite For Galaxy Mobile,,Yolo-v7,object-detection,640x640,w8a16,latency_ms,2.256,ms,ONNX,https://huggingface.co/qualcomm/Yolo-v7,official: Qualcomm AI Hub HF card; device chipset as stated 'Snapdragon® 8 Elite For Galaxy Mobile'; peak memory 0 - 179 MB; compute unit NPU
Qualcomm,Snapdragon® X2 Elite,,Yolo-v7,object-detection,640x640,w8a16,latency_ms,2.089,ms,ONNX,https://huggingface.co/qualcomm/Yolo-v7,official: Qualcomm AI Hub HF card; device chipset as stated 'Snapdragon® X2 Elite'; peak memory 2 - 2 MB; compute unit NPU
Qualcomm,Snapdragon® X Elite,,Yolo-v7,object-detection,640x640,w8a16,latency_ms,4.723,ms,ONNX,https://huggingface.co/qualcomm/Yolo-v7,official: Qualcomm AI Hub HF card; device chipset as stated 'Snapdragon® X Elite'; peak memory 4 - 4 MB; compute unit NPU
Qualcomm,Snapdragon® 8 Gen 3 Mobile,,Yolo-v7,object-detection,640x640,w8a16,latency_ms,2.936,ms,ONNX,https://huggingface.co/qualcomm/Yolo-v7,official: Qualcomm AI Hub HF card; device chipset as stated 'Snapdragon® 8 Gen 3 Mobile'; peak memory 0 - 204 MB; compute unit NPU
Qualcomm,Snapdragon® 8 Elite Gen 5 For Galaxy Mobile,,Yolo-v7,object-detection,640x640,w8a8,latency_ms,0.949,ms,ONNX,https://huggingface.co/qualcomm/Yolo-v7,official: Qualcomm AI Hub HF card; device chipset as stated 'Snapdragon® 8 Elite Gen 5 For Galaxy Mobile'; peak memory 0 - 63 MB; compute unit NPU
Qualcomm,Snapdragon® 8 Elite For Galaxy Mobile,,Yolo-v7,object-detection,640x640,w8a8,latency_ms,1.195,ms,ONNX,https://huggingface.co/qualcomm/Yolo-v7,official: Qualcomm AI Hub HF card; device chipset as stated 'Snapdragon® 8 Elite For Galaxy Mobile'; peak memory 0 - 57 MB; compute unit NPU
Qualcomm,Snapdragon® X2 Elite,,Yolo-v7,object-detection,640x640,w8a8,latency_ms,0.982,ms,ONNX,https://huggingface.co/qualcomm/Yolo-v7,official: Qualcomm AI Hub HF card; device chipset as stated 'Snapdragon® X2 Elite'; peak memory 1 - 1 MB; compute unit NPU
Qualcomm,Snapdragon® X Elite,,Yolo-v7,object-detection,640x640,w8a8,latency_ms,2.365,ms,ONNX,https://huggingface.co/qualcomm/Yolo-v7,official: Qualcomm AI Hub HF card; device chipset as stated 'Snapdragon® X Elite'; peak memory 5 - 5 MB; compute unit NPU
Qualcomm,Snapdragon® 8 Gen 3 Mobile,,Yolo-v7,object-detection,640x640,w8a8,latency_ms,1.613,ms,ONNX,https://huggingface.co/qualcomm/Yolo-v7,official: Qualcomm AI Hub HF card; device chipset as stated 'Snapdragon® 8 Gen 3 Mobile'; peak memory 0 - 77 MB; compute unit NPU
Qualcomm,Snapdragon® 8 Elite Gen 5 For Galaxy Mobile,,Yolo-v7,object-detection,640x640,float,latency_ms,4.677,ms,QNN_DLC,https://huggingface.co/qualcomm/Yolo-v7,official: Qualcomm AI Hub HF card; device chipset as stated 'Snapdragon® 8 Elite Gen 5 For Galaxy Mobile'; peak memory 5 - 155 MB; compute unit NPU
Qualcomm,Snapdragon® 8 Elite For Galaxy Mobile,,Yolo-v7,object-detection,640x640,float,latency_ms,6.057,ms,QNN_DLC,https://huggingface.co/qualcomm/Yolo-v7,official: Qualcomm AI Hub HF card; device chipset as stated 'Snapdragon® 8 Elite For Galaxy Mobile'; peak memory 0 - 149 MB; compute unit NPU
Qualcomm,Snapdragon® X2 Elite,,Yolo-v7,object-detection,640x640,float,latency_ms,5.896,ms,QNN_DLC,https://huggingface.co/qualcomm/Yolo-v7,official: Qualcomm AI Hub HF card; device chipset as stated 'Snapdragon® X2 Elite'; peak memory 5 - 5 MB; compute unit NPU
Qualcomm,Snapdragon® X Elite,,Yolo-v7,object-detection,640x640,float,latency_ms,9.551,ms,QNN_DLC,https://huggingface.co/qualcomm/Yolo-v7,official: Qualcomm AI Hub HF card; device chipset as stated 'Snapdragon® X Elite'; peak memory 5 - 5 MB; compute unit NPU
Qualcomm,Snapdragon® 8 Gen 3 Mobile,,Yolo-v7,object-detection,640x640,float,latency_ms,6.816,ms,QNN_DLC,https://huggingface.co/qualcomm/Yolo-v7,official: Qualcomm AI Hub HF card; device chipset as stated 'Snapdragon® 8 Gen 3 Mobile'; peak memory 5 - 174 MB; compute unit NPU
Qualcomm,Snapdragon® 8 Elite Gen 5 For Galaxy Mobile,,Yolo-v7,object-detection,640x640,w8a16,latency_ms,1.351,ms,QNN_DLC,https://huggingface.co/qualcomm/Yolo-v7,official: Qualcomm AI Hub HF card; device chipset as stated 'Snapdragon® 8 Elite Gen 5 For Galaxy Mobile'; peak memory 2 - 165 MB; compute unit NPU
Qualcomm,Snapdragon® 8 Elite For Galaxy Mobile,,Yolo-v7,object-detection,640x640,w8a16,latency_ms,1.824,ms,QNN_DLC,https://huggingface.co/qualcomm/Yolo-v7,official: Qualcomm AI Hub HF card; device chipset as stated 'Snapdragon® 8 Elite For Galaxy Mobile'; peak memory 0 - 158 MB; compute unit NPU
Qualcomm,Snapdragon® X2 Elite,,Yolo-v7,object-detection,640x640,w8a16,latency_ms,1.923,ms,QNN_DLC,https://huggingface.co/qualcomm/Yolo-v7,official: Qualcomm AI Hub HF card; device chipset as stated 'Snapdragon® X2 Elite'; peak memory 2 - 2 MB; compute unit NPU
Qualcomm,Snapdragon® X Elite,,Yolo-v7,object-detection,640x640,w8a16,latency_ms,3.941,ms,QNN_DLC,https://huggingface.co/qualcomm/Yolo-v7,official: Qualcomm AI Hub HF card; device chipset as stated 'Snapdragon® X Elite'; peak memory 2 - 2 MB; compute unit NPU
Qualcomm,Snapdragon® 8 Gen 3 Mobile,,Yolo-v7,object-detection,640x640,w8a16,latency_ms,2.519,ms,QNN_DLC,https://huggingface.co/qualcomm/Yolo-v7,official: Qualcomm AI Hub HF card; device chipset as stated 'Snapdragon® 8 Gen 3 Mobile'; peak memory 2 - 182 MB; compute unit NPU
Qualcomm,Snapdragon® 8 Elite Gen 5 For Galaxy Mobile,,Yolo-v7,object-detection,640x640,w8a8,latency_ms,0.753,ms,QNN_DLC,https://huggingface.co/qualcomm/Yolo-v7,official: Qualcomm AI Hub HF card; device chipset as stated 'Snapdragon® 8 Elite Gen 5 For Galaxy Mobile'; peak memory 1 - 45 MB; compute unit NPU
Qualcomm,Snapdragon® 8 Elite For Galaxy Mobile,,Yolo-v7,object-detection,640x640,w8a8,latency_ms,1.015,ms,QNN_DLC,https://huggingface.co/qualcomm/Yolo-v7,official: Qualcomm AI Hub HF card; device chipset as stated 'Snapdragon® 8 Elite For Galaxy Mobile'; peak memory 1 - 46 MB; compute unit NPU
Qualcomm,Snapdragon® X2 Elite,,Yolo-v7,object-detection,640x640,w8a8,latency_ms,1.019,ms,QNN_DLC,https://huggingface.co/qualcomm/Yolo-v7,official: Qualcomm AI Hub HF card; device chipset as stated 'Snapdragon® X2 Elite'; peak memory 1 - 1 MB; compute unit NPU
Qualcomm,Snapdragon® X Elite,,Yolo-v7,object-detection,640x640,w8a8,latency_ms,2.235,ms,QNN_DLC,https://huggingface.co/qualcomm/Yolo-v7,official: Qualcomm AI Hub HF card; device chipset as stated 'Snapdragon® X Elite'; peak memory 1 - 1 MB; compute unit NPU
Qualcomm,Snapdragon® 8 Gen 3 Mobile,,Yolo-v7,object-detection,640x640,w8a8,latency_ms,1.297,ms,QNN_DLC,https://huggingface.co/qualcomm/Yolo-v7,official: Qualcomm AI Hub HF card; device chipset as stated 'Snapdragon® 8 Gen 3 Mobile'; peak memory 1 - 61 MB; compute unit NPU
Qualcomm,Snapdragon® 8 Elite Gen 5 For Galaxy Mobile,,Yolo-v7,object-detection,640x640,float,latency_ms,4.712,ms,TFLITE,https://huggingface.co/qualcomm/Yolo-v7,official: Qualcomm AI Hub HF card; device chipset as stated 'Snapdragon® 8 Elite Gen 5 For Galaxy Mobile'; peak memory 1 - 153 MB; compute unit NPU
Qualcomm,Snapdragon® 8 Elite For Galaxy Mobile,,Yolo-v7,object-detection,640x640,float,latency_ms,6.112,ms,TFLITE,https://huggingface.co/qualcomm/Yolo-v7,official: Qualcomm AI Hub HF card; device chipset as stated 'Snapdragon® 8 Elite For Galaxy Mobile'; peak memory 0 - 156 MB; compute unit NPU
Qualcomm,Snapdragon® 8 Gen 3 Mobile,,Yolo-v7,object-detection,640x640,float,latency_ms,6.889,ms,TFLITE,https://huggingface.co/qualcomm/Yolo-v7,official: Qualcomm AI Hub HF card; device chipset as stated 'Snapdragon® 8 Gen 3 Mobile'; peak memory 0 - 179 MB; compute unit NPU
Qualcomm,Snapdragon® 8 Elite Gen 5 For Galaxy Mobile,,Yolo-v7,object-detection,640x640,w8a8,latency_ms,0.885,ms,TFLITE,https://huggingface.co/qualcomm/Yolo-v7,official: Qualcomm AI Hub HF card; device chipset as stated 'Snapdragon® 8 Elite Gen 5 For Galaxy Mobile'; peak memory 0 - 62 MB; compute unit NPU
Qualcomm,Snapdragon® 8 Elite For Galaxy Mobile,,Yolo-v7,object-detection,640x640,w8a8,latency_ms,1.094,ms,TFLITE,https://huggingface.co/qualcomm/Yolo-v7,official: Qualcomm AI Hub HF card; device chipset as stated 'Snapdragon® 8 Elite For Galaxy Mobile'; peak memory 0 - 46 MB; compute unit NPU
Qualcomm,Snapdragon® 8 Gen 3 Mobile,,Yolo-v7,object-detection,640x640,w8a8,latency_ms,1.398,ms,TFLITE,https://huggingface.co/qualcomm/Yolo-v7,official: Qualcomm AI Hub HF card; device chipset as stated 'Snapdragon® 8 Gen 3 Mobile'; peak memory 0 - 68 MB; compute unit NPU
